accX,accY,accZ,gyroX,gyroY,gyroZ
0.049167937715073516,0.16244296089342117,9.812668818437396,0.12729459962854517,0.13332786181505607,0.07255863713896363
0.07027800939250864,0.1849580931245545,10.206161988269573,0.17010851351383757,0.1387736330926697,0.06316292764405827
0.10877546463674292,0.17995799193739076,10.554458200243568,0.18794542329334374,0.10907005167064034,0.030527345257998297
0.12441032040138038,0.1782556458143207,10.817663588356524,0.19254762886196616,0.07858851925803126,-0.0030880598294683566
0.10394987200434078,0.13866117764718683,11.000372784964895,0.18620796082923438,0.04077375235506386,-0.03223995693294109
0.10010988322544766,0.0791870797388678,11.045087183742783,0.14917953462032288,-0.010602127687618207,-0.05366625779032957
0.09170002417218327,0.02553529943940107,10.999613389437117,0.09840422795916133,-0.045095336800406775,-0.07729749252177047
0.059421215872012406,-0.024479309233414945,10.81491932754603,0.05284844080232583,-0.08766013191386789,-0.09577258406651484
0.027026392166492476,-0.08849341548693394,10.543240505957908,-0.017482993171690824,-0.11414839735218238,-0.10569549814648783
-0.017112593662355704,-0.11800523181738155,10.182788268050151,-0.06951858107551043,-0.13724463382580196,-0.10042098495399465
-0.0396950172781354,-0.15752452063630965,9.813238978293754,-0.1287011834919911,-0.14780588472611653,-0.07708448958233571
-0.07237554675900096,-0.1757446746198768,9.410156207466711,-0.1683335383388859,-0.13396476026893292,-0.06509560480959942
-0.10224360948980157,-0.17227579254292927,9.076454711488742,-0.19520670174431565,-0.107607369591369,-0.031408277731295835
-0.10786787301450641,-0.14656235341605287,8.788916712287136,-0.21276220789319594,-0.07697733932971335,0.013493874874055841
-0.1158180787755551,-0.1258552352099235,8.61438222634997,-0.19098040437281297,-0.03920142249487714,0.0332836735659896
-0.1174016589834121,-0.08255162482357509,8.569237856820362,-0.15359698475549133,0.00857859238723206,0.0625613577455096
-0.08772729467418498,-0.016009761923277094,8.625882698198367,-0.10384314085773243,0.04611381763688646,0.0756485187490642
-0.06962221741739302,0.035977286317226756,8.80792238213268,-0.05697010445269615,0.08584343608059888,0.08899645849562512
-0.020133199016068568,0.07922142332045859,9.08774625169442,0.014056011267753033,0.11321807688159147,0.10397907101133169
0.009888834953877077,0.12737702985891355,9.417546047374199,0.06965631865876704,0.13913746910688404,0.09366650202496214
0.04525130216867598,0.1619803721385687,9.821991773299528,0.13001663827298648,0.14139794716441956,0.08671774778977745
0.0731504458872011,0.18069084946358493,10.184547197719253,0.16971032872066338,0.129043107059006,0.0594225588694499
0.11255218577968348,0.16691862307758287,10.55070036804195,0.1978667110259792,0.10336610894427001,0.048599319217825045
0.11564956681370026,0.14800511562059288,10.817324541251885,0.20482051132140505,0.08447244614959018,-0.0024501133137231445
0.1161315309362666,0.12012375785140395,10.991378244227828,0.18759142141391466,0.03563575157562759,-0.029040211728191885
0.10771025087644037,0.07392939431251329,11.064915758938437,0.1572704054017507,-0.0037276113597325944,-0.06282084003847199
0.09493577443127177,0.022928926798077717,11.006380257570296,0.10391507416457695,-0.035368789283884726,-0.07529329505513363
0.06487470912567367,-0.02315919785257762,10.828593390061856,0.062137321397091466,-0.08155450680185625,-0.09243040480711594
0.030462662319294672,-0.08314069529412625,10.546450444476749,-0.020418115289529543,-0.10756116333592512,-0.10430591009321306
-0.006841674217704025,-0.12576438142955987,10.197326901379318,-0.07790641798438362,-0.1370450032858225,-0.09616468644000359
-0.029597020270074364,-0.17021175209139636,9.8142149326856,-0.12433674453380358,-0.1345854224417097,-0.07349046651445645
-0.08184920237350954,-0.18148948353011263,9.426158869635454,-0.16604372612485743,-0.13169455264511343,-0.051948347154465044
-0.10686979690286358,-0.17307336059113707,9.079599281351097,-0.19171225791811958,-0.10898117307306614,-0.03738948348640263
-0.1233959844962337,-0.15558537281759097,8.800360752720202,-0.19610980338050193,-0.06884343120990075,-0.0017413339815046387
-0.11463031813296749,-0.13301946865292683,8.62792162522711,-0.19571425769057474,-0.040749305952299336,0.04059285315562386
-0.10149554093857907,-0.08035400276556763,8.546982337547597,-0.14502194398420867,0.004184205390562994,0.05851422272206101
-0.091588880608084,-0.01048873608199911,8.620129166830367,-0.10668624133852922,0.042615714442067756,0.08237080768114206
-0.06867240842646127,0.02809609955525252,8.787657985080552,-0.04179226342940151,0.09000439729006315,0.10076762635978774
-0.03375665115205669,0.07624376647438877,9.077482050775247,0.004156386912215331,0.11281377678862688,0.09383915229464933
0.01549298454436468,0.12594543915474404,9.436864198438146,0.07655048161224294,0.13946793130221116,0.09087977448228945
0.05267623444666558,0.16115474167127294,9.806207321744425,0.1260260260518138,0.1316907382170865,0.07973114496587588
0.082943116388874,0.1765869988612206,10.197289259211061,0.1726679334070687,0.134571087969041,0.06523001078060386
0.09744777741198171,0.17752058427968379,10.550783459084965,0.19573455527617556,0.10759279114659377,0.036416332031335895
0.11874309325478442,0.14879741810751065,10.804729459514553,0.20131663565796337,0.08260022797174962,0.00401031759877911
0.1204916399866973,0.11952183422673622,10.994643761511787,0.18000176347638722,0.03928828096727992,-0.031181669117492858
0.11227682805417832,0.08045261996003208,11.062916125274183,0.1526835918528048,-0.006764627696521751,-0.05270226303713615
0.09764873117043052,0.02675737514967829,10.975644687563685,0.10476595130454947,-0.04906458578398776,-0.08121692126258731
0.06373992100095835,-0.03276639718817792,10.813456775024084,0.0504982845492926,-0.08981399601081634,-0.09174312671462533
0.032592109931101954,-0.0832053707321401,10.553538429152644,-0.009377534829887752,-0.1114279725034559,-0.0949397659491684
-0.009747609685855712,-0.12684741942632768,10.204295218172295,-0.07451525948479357,-0.13959756597024384,-0.08609416163188333
-0.04441724588751796,-0.15330201715886224,9.812994545818961,-0.135224398889481,-0.14127569761947473,-0.08063126330486824
-0.07354757643572393,-0.17859003978855348,9.430786338150865,-0.16926943860132834,-0.1301016997113605,-0.0600199437860597
-0.11442910162913648,-0.17457859624270972,9.07698926850978,-0.181093821871785,-0.1027437850496663,-0.02384212847613259
-0.11944317240110908,-0.16467779489447648,8.803171916290854,-0.1912563700355285,-0.07899413277955723,0.007447777130568929
-0.12332113474791384,-0.12264611223863553,8.618654124960333,-0.20016846973133307,-0.04056862976424281,0.028768996912187417
-0.11563834206629295,-0.07864145947570468,8.560926501463378,-0.15265172168842342,0.005456107447760915,0.053824943066213285
-0.09287843895665863,-0.021152982884418935,8.616120391539733,-0.10100618891791947,0.03676446662123562,0.08754886743922632
-0.049991626120886284,0.03394456668885349,8.808836623784773,-0.04893336940359605,0.07956882600706913,0.08742432990851037
-0.03408745035207296,0.08649914702657775,9.087440909910425,0.012023565206335646,0.11374007878566793,0.09203595368343317
0.018034469078498466,0.12654819900037906,9.43476805943689,0.07393281801941919,0.13078953346945352,0.09423678639539303
0.033267242904111385,0.16237683862741417,9.806735129906576,0.13160448487471124,0.13193613797959367,0.08136183896060488
0.07591880200254637,0.18630441733435735,10.188641050653766,0.1640649827772875,0.13611679086571066,0.05340713184994134
0.10407387959113121,0.17255482532987337,10.554947354651592,0.20009264627187814,0.11211004132469554,0.03192682698196033
0.12157558132112489,0.1553177302534302,10.825622500589416,0.1992064317119771,0.07964896601151072,0.0012438362060260475
0.12524796615191433,0.1286743292110263,11.001449320101132,0.1806213505469868,0.03588612107577875,-0.03338780884441038
0.1168740971619458,0.08496953937872774,11.05493094332044,0.1585901882638916,-0.003690968298861935,-0.048682790829695025
0.08788750036885767,0.021486666915745474,11.002225955870037,0.09794113201863801,-0.04455954040240246,-0.07880488905835922
0.05825234226944493,-0.02883498349660403,10.81258901849139,0.045245683855748266,-0.08688653478003912,-0.08949052159387832
0.034024608476584256,-0.08254125223735884,10.549804064214225,-0.01718239513348086,-0.11339405008385835,-0.10728102576948804
-0.011818676840819947,-0.14505777919446952,10.207302336565535,-0.06454792940365658,-0.1383346816322425,-0.10240247103168919
-0.056935691663741184,-0.16217407672512849,9.823048364351266,-0.1322686412907352,-0.13945287786086216,-0.07854932732871449
-0.0876641799544604,-0.17905488856953286,9.429396949464193,-0.18058215875166306,-0.12611540619524222,-0.04943260423422599
-0.11012747335830403,-0.1790537654276799,9.06421226223744,-0.197058278590227,-0.10465115915902874,-0.035867184184936354
-0.11290851671782046,-0.1490176782863873,8.800307398078886,-0.19720864493344364,-0.07230969575035029,0.0008053974696623964
-0.11841874762500695,-0.13694926441549443,8.63829680858352,-0.18137604918462655,-0.03792823475438605,0.024810388150657385
-0.10500343644780426,-0.08824428242624104,8.553051107276461,-0.1415857389896843,0.004246002896468972,0.055256998729461035
-0.09409532211753745,-0.048977085296412204,8.620705902047776,-0.09863229868926683,0.044887843118810666,0.08191925170243677
-0.060682839082147395,0.024389549659905044,8.810036951845724,-0.04708212137117976,0.07652463072793603,0.09266991070967354
-0.022156078274788348,0.07862411361052053,9.080205506010996,0.009866942469181125,0.10889241279805771,0.09347234131029306
0.007813469924005105,0.1232557208589677,9.443570007627198,0.08338777625157402,0.13351410436329061,0.08843867351636353
0.050384402977497085,0.16927874352692845,9.80413704493417,0.1270007196959068,0.1393988621801686,0.07141959988463793
0.07330247471389902,0.18468128608544074,10.188353196682755,0.1665165464680891,0.13888901275390536,0.0610898116974006
0.09986742429777035,0.1783942756792343,10.554524568852269,0.19206383400306073,0.11738525332378738,0.03380541041723049
0.11383189951826404,0.15738008805468623,10.811704213942512,0.1932249554759834,0.07551520906766529,0.0028742529455806007
0.10999143634885918,0.13543239537227836,10.997246501458402,0.1829713714616897,0.043447705406995746,-0.03553174836346517
0.11442309912663089,0.08148923897791677,11.059474827641123,0.15180289580700562,-0.006473277445050277,-0.05382035527266366
0.0869220822252234,0.021533358598509893,11.00710856115603,0.10932006957325685,-0.04371870598458871,-0.07741980177084144
0.06205110956058298,-0.04196687240917393,10.826185386712888,0.046081292665251135,-0.08153196586998898,-0.09509649474326225
0.03100677469777474,-0.08531977799469341,10.548388084679011,-0.020661316016246857,-0.10940644721932119,-0.10078410454243768
-0.006715992833527447,-0.12129838933226085,10.193051795945472,-0.0832864998711207,-0.13681759599703036,-0.09832383931461632
-0.041407120205255485,-0.14220501529471366,9.819720032152658,-0.12779568870992236,-0.13486878598990612,-0.0798888312123155
-0.07938576611850762,-0.17730346313722922,9.455935349373139,-0.169444203381816,-0.14119196779047927,-0.050620653654737675
-0.10615824156664436,-0.18389426600605818,9.080798691425793,-0.19692076656989713,-0.10433017926921465,-0.0251282222119919
-0.11752354835750176,-0.16982471414927913,8.799526134691693,-0.20182367897292788,-0.0790727233891912,-0.0011925378809894275
-0.1330568289852357,-0.12280723885697822,8.61079645086312,-0.18335403725354846,-0.03937471682147868,0.033678976683011085
-0.12210421905973094,-0.09576423027567775,8.554900148405464,-0.14601570618845097,-0.006099249406271557,0.05334296147792577
-0.10125889784568042,-0.02367675809861847,8.61946967275948,-0.10956750946491622,0.0451884582633708,0.08460403099542194
-0.06992913123157335,0.03477857583940079,8.794451955109178,-0.04757722015967909,0.09233945150859005,0.09097868106316043
-0.02396260761273999,0.08527949766939084,9.07513981195819,0.019115371827080875,0.11348340182154582,0.1034512386325298
0.0030444097988864983,0.1255782448941328,9.437952885645775,0.07138706764385094,0.1379216930279928,0.10992362292180849
0.043704900644722655,0.16493685003943287,9.819977335338953,0.12876537687472192,0.14011308006438128,0.07799957822032327
0.08899170862472106,0.17916385287577152,10.195000581236938,0.16961735463372454,0.13714124330787122,0.07332090922751724
0.0999217433017995,0.17154643115021115,10.535065325808262,0.18759272683861367,0.11176876250292989,0.033270682728989365
0.12278592721798726,0.17514829106200563,10.831970184111903,0.20032889064429557,0.07428858211960812,-0.003836642403466056
0.11208921207349247,0.12440944299053933,10.99842821118125,0.1854541953105665,0.039638330230795396,-0.03496315020781135
0.1088838188174052,0.0878533202602029,11.046187996595181,0.15574385870487756,0.0039181513963253735,-0.047025333686292886
0.08307712450756027,0.008730604648291247,11.004520086316885,0.09973235417089153,-0.04464356230942715,-0.07848875168488063
0.05923889200355701,-0.018025115927050042,10.829476736442555,0.04807158626706171,-0.086144286046991,-0.09796373105731652
0.03388326652618625,-0.07003915208629181,10.525324298126115,-0.007415349488776607,-0.10433819218439361,-0.10101726388135596
-0.02410680562730491,-0.12709686797262768,10.18967480583163,-0.06488013993527507,-0.1285583007103105,-0.09292438308089182
-0.04325481192867128,-0.15594715653315658,9.809116367909535,-0.12244289110268095,-0.13585663484881844,-0.0808932437580239
-0.07669599742377398,-0.17332822445388454,9.429604844321789,-0.17569269017741368,-0.13024118528365103,-0.056977396949956544
-0.10752505471586547,-0.18291369044222155,9.071142461957416,-0.19189393960361328,-0.10715988850315343,-0.021949450806802773
-0.1284542655053583,-0.15596801403949043,8.792071621815525,-0.20190212954527298,-0.07513397940918405,-0.005551339085656733
-0.11898111745186056,-0.13369192178640438,8.626996708628502,-0.183876968951895,-0.050270153559311866,0.03420902101295848
-0.11476326095285651,-0.08651735724576567,8.556253421013487,-0.15682952098578143,0.006062614186328412,0.058485623702124456
-0.08881589125600758,-0.01906397376415923,8.625515791835449,-0.1142341537534572,0.046327758402929374,0.07845846837810234
-0.06177633944657362,0.03603414451489971,8.78983663179152,-0.04974432053425409,0.08306317314484017,0.10049383761543715
-0.01434657029596019,0.07613825802660155,9.064449770480513,0.017937033290104994,0.11463972487983864,0.09269283265271788
0.008373397221982336,0.1214669275216329,9.429770910291875,0.07670763787220619,0.12657513578900573,0.08324609517869513
0.038542221136062815,0.15525255199139698,9.812020159282536,0.1308582767471102,0.13091725392562484,0.08197230545576971
0.08003208732208303,0.18365746243846903,10.203650888834574,0.17088908426405974,0.13806040969711525,0.05801599398196264
0.10453182854206544,0.16977154363861247,10.540470821358223,0.19617184038806015,0.1131220467754533,0.02405326903767404
0.12775930327217405,0.1631986935952931,10.814910400548845,0.202133955465901,0.06688257913903728,-0.00864127671808145
0.12623904348088813,0.13319765251249788,11.00970639646927,0.18392306477277126,0.03647415412454202,-0.02133270248579523
0.11338228775354267,0.08094133825426,11.047816329888045,0.15338289026399632,0.00031482554480299213,-0.05653503748573586
0.10238372407660144,0.03616002848477643,11.008832331042386,0.11438307841854359,-0.04853185956821127,-0.08085546649303722
0.052441052176178726,-0.03067136434521577,10.831835280628548,0.04873188948576132,-0.07933702974153084,-0.08415674223169012
0.022042789164529134,-0.08350010685147975,10.551612281479722,-0.01411120232478601,-0.11036815228367695,-0.0948896483608136
-0.01770084977301114,-0.13515350811869653,10.1907687828326,-0.07475321655870577,-0.14113793526967044,-0.08623187811673533
-0.04984867950228348,-0.15227990603009642,9.803467809306206,-0.12993308003911894,-0.14065692492005488,-0.08674941002254177
-0.08961137142288329,-0.18392850948257616,9.422048310847325,-0.1719841124677672,-0.13406834473391613,-0.06479385563195027
-0.09769064749577587,-0.1749732473433753,9.06490811721976,-0.19310581039200428,-0.1177574491486695,-0.027732129114494096
-0.11866358424704083,-0.16091552102001266,8.791035205041288,-0.20201497268026317,-0.08621901139937463,0.0021610103276355668
-0.13132460386959277,-0.13564514253231727,8.626337228963132,-0.18602404656493068,-0.043386184562759854,0.037234179552438275
-0.11865195193000677,-0.08652012700719082,8.565194792913793,-0.1569210109895292,0.0008833060746169497,0.050696167348971234
-0.08816919016724369,-0.017016540997531793,8.61278275601878,-0.10512672752152417,0.04854793658582445,0.08447168218825411
-0.05524614406760614,0.029850143330373884,8.804137732513716,-0.04510075961987482,0.09078312187659514,0.1000793099435889
-0.011186954292992421,0.07371605931259426,9.07890286108033,0.013264445507501709,0.11818513605912224,0.10468082116019836
0.033599141969825136,0.12977816456843072,9.43580784706793,0.06522574691039051,0.13810624042452085,0.09304479006339886
0.050045476543245676,0.15924841255830197,9.81455309153494,0.13179539516781574,0.1386072153184589,0.08344271623993935
0.07068157728217692,0.20542871712469837,10.204739891398551,0.17040825186296085,0.13484289859293755,0.05482860722150096
0.08571548482444083,0.18005241261583385,10.548548186093035,0.1891830457637643,0.1100693827689574,0.029352774880838196
0.11902749436900123,0.15729999370647457,10.82911067584626,0.20335274788208382,0.07674027785883479,-0.005303195933645924
0.11305462475108888,0.13858310136972035,10.988523708116398,0.17830434591396513,0.04884158157602888,-0.03477919802083299
0.1072044611989088,0.06691901251826093,11.059026044343113,0.15819547553351967,-0.015740312904918112,-0.06005492336743041
0.08578052655436706,0.028834080160907098,10.998508783223125,0.10537995344596031,-0.05649830918614396,-0.08340837884658504
0.060824829519429746,-0.012281455031850071,10.819321243393201,0.03667740896386765,-0.08364855573985538,-0.09892692399176573
0.035688643272828294,-0.08271885631840643,10.548282658408127,-0.013432371870739366,-0.11694182302272234,-0.10649794608703253
-0.009031853702204155,-0.14120194662682625,10.20134628020465,-0.07729860093529241,-0.14153930097395145,-0.08527278302714132
-0.04799927977334681,-0.16358466852634282,9.813138056616577,-0.1316277839066535,-0.14521335918162961,-0.08335245509808047
-0.08688311226503864,-0.1661602015790727,9.422313205981549,-0.17349596145644353,-0.13644992659418184,-0.057057064813671295
-0.11616931862792593,-0.17476286511452963,9.06938259399565,-0.1947852819681308,-0.10634957499125444,-0.03961236507129596
-0.12077626594283729,-0.16705584135910534,8.807506245624566,-0.20191234007630313,-0.07288558761977611,0.006876759901703682
-0.11998841392011801,-0.13270482048485527,8.623977217163969,-0.19457992313348604,-0.031158264005397195,0.03182167262657378
-0.09638387997170739,-0.08612490402580278,8.551851089132805,-0.1466080980235118,-0.0038571229888665834,0.05663073901090887
-0.08963510477506217,-0.025189935837425743,8.61962985429786,-0.10688857482400482,0.040296170037049946,0.07877798975507616
-0.054089240522577485,0.03894245205280596,8.784782359609652,-0.051681409420147706,0.07838392213801959,0.09948001606531746
-0.031155166214839956,0.09020864614592232,9.075551399549191,0.008681901394329578,0.12206119630891041,0.08523448368241748
0.000808692110430274,0.1309836357265142,9.422141717490522,0.07912129943210167,0.13644050149521436,0.09095729527589111
0.039009266979178704,0.14976416673059845,9.805404264397156,0.12235137760205572,0.14034130050815935,0.08025422119395301
0.07279607372614644,0.16717288579479758,10.208948044487112,0.17047726915845265,0.13297604107910999,0.058053837275170835
0.11979961292977218,0.182037438054806,10.535482332409249,0.19123095800446333,0.11052736629121561,0.043344065108466626
0.11031470923645545,0.14958122369954235,10.82692238658214,0.1968592983676558,0.0733419295380662,-0.0017764815893968906
0.1262660671434623,0.12541834185887563,11.016314310656394,0.17977867426266542,0.041921940780476265,-0.02603473441383026
0.10330390185565042,0.0840805054260943,11.068618143229735,0.14986684029428998,-0.005018625650448024,-0.04979182579285445
0.09812988504983894,0.01897876694695559,10.99856833511216,0.1057108485017295,-0.053133395267004516,-0.07760062467945394
0.06503076433960776,-0.03643098166416952,10.812198693853297,0.049198295472499314,-0.08269062728373308,-0.09850204713289422
0.025907698245262446,-0.08254223056007091,10.53383506795292,-0.018251982213470394,-0.11774584946142301,-0.10642239875607616
-0.010614342450850354,-0.12330633596944918,10.192978829409025,-0.07572231110702476,-0.13321696178890996,-0.09135116055586537
-0.05196850264047319,-0.15192517464774852,9.804503994128687,-0.12440126529268676,-0.14056520023230087,-0.07262451426367653
-0.07502930463057549,-0.17293991842858059,9.417972381759656,-0.17812047543390777,-0.12737100374874888,-0.05597707720368185
-0.1064117229130173,-0.17718216912515822,9.072657926990642,-0.1941805478817907,-0.10971044280576432,-0.02465026452039347
-0.1266906487803884,-0.1663145505114622,8.797910780288236,-0.2042403163974784,-0.08336614064938318,0.013048249475846298
-0.12978165410812847,-0.13579013399418016,8.625061050212222,-0.19055989277812732,-0.03774606071385862,0.03517274079609195
-0.10914661593856952,-0.0857343185632375,8.5500976302443,-0.15166337989190734,0.005861376744545383,0.0533469473965649
-0.07804457089556235,-0.024800034230014478,8.61572140426199,-0.10839304388753483,0.04968845256980099,0.08120899893591772
-0.06067122370217373,0.030929872642316697,8.797451380368736,-0.05410574997193056,0.09074142578418254,0.10198404274409317
-0.02810990803540583,0.06499004615772792,9.073704553087024,0.020945435767406127,0.11253699735417448,0.09875606187140137
0.012574851358587635,0.121050122043502,9.438420146690627,0.07986808666649746,0.13769405755901964,0.10260678994350107
0.05717821501069225,0.17005338522390753,9.811857972741787,0.11918200766574247,0.13131621823660672,0.08051495589201701
0.08035294225334329,0.17843006628917824,10.18336252447301,0.1624351920091524,0.13122797353343127,0.060378629786061344
0.09948443722362094,0.16643535058027198,10.54807701625828,0.19711648837042461,0.10943795825287114,0.029063800088355324
0.12573611235072965,0.17919156193579075,10.825636552750632,0.19806202750528012,0.08618686587600015,0.0007091674644491676
0.1229882050212644,0.12699134416890545,10.997819621142982,0.19279934513931918,0.038574399686668384,-0.029923632235291476
0.12281336721631456,0.08472197353111219,11.050292826604727,0.15605011944960337,-0.0010479892313215106,-0.06689282135761777
0.0921431764446208,0.03127571695821948,11.012885082931453,0.10716411416346645,-0.05594068081396987,-0.08316166157130103
0.05215540435699688,-0.031177646718580053,10.812712171660033,0.04291242088162721,-0.08732084433396627,-0.10129900721075473
0.01621552783256105,-0.08760985149810062,10.550017743016916,-0.011866818332734513,-0.11984871061722852,-0.10203550386308323
0.0029191812160831443,-0.11036213838911403,10.197871647201197,-0.08164645886858997,-0.12197682360663922,-0.09905408081776239
-0.03294087531077166,-0.1523916778541166,9.814806484392237,-0.12231731478048848,-0.14327428821141752,-0.07579053450078091
-0.08003403594869292,-0.17122084829787557,9.43738362042466,-0.16769663970407117,-0.1314615022465657,-0.05358989299589992
-0.10583735363937895,-0.1731611083513501,9.07976154561154,-0.19827335589761935,-0.11017837866553322,-0.028016034518406858
-0.10519424833231301,-0.1683715316058987,8.794259443214969,-0.19546300952980583,-0.08689503122978162,-0.006249731918917624
-0.12841451896991943,-0.11700263649350189,8.630027292832084,-0.17408884747186298,-0.04198625388426688,0.030495195488071117
-0.11768513543199308,-0.08839236312069836,8.554951204399648,-0.15405652295594513,0.006111765685426314,0.05211415016663384
-0.0855306865893335,-0.025813224524653896,8.622487818722217,-0.10291472059574062,0.047560399075813026,0.08021722817863997
-0.06510799759363871,0.015121763745580094,8.788384088167184,-0.0501808809392115,0.07405999965048249,0.09837007261263354
-0.02720177636028737,0.06546239123834871,9.067002184815715,0.014750780895147864,0.11278195405753733,0.10496048244071696
0.008980699053571161,0.12988186789086692,9.424139850394809,0.06773146629468103,0.13945848753035145,0.09744248586873172
0.049430797467429094,0.153944530673499,9.812944693668644,0.12884088988000894,0.14288141906237545,0.08714199820202921
0.08985773713294216,0.1618830053363667,10.182652117987157,0.1700252192983158,0.13791806436899914,0.06000567461601449
0.10349653432550522,0.1820962979086725,10.548709864309599,0.20314419189805527,0.10588302098979292,0.029649703930022434
0.12203731301646538,0.17730563865141188,10.814715811155894,0.19051138110695084,0.08535228745149408,0.004279788311341587
0.10315677670532333,0.13833936009606593,11.009058149494308,0.18389205462200606,0.039134046590106844,-0.02645348887325511
0.11013757206490536,0.07958875877448071,11.057184284569404,0.15940902354605352,0.003873179382516167,-0.06147097021715274
0.08393145878450205,0.028150281363435278,10.989831667212544,0.10445792906520272,-0.04711526552918725,-0.0790587838155453
0.052200652127371884,-0.021135232935024686,10.821877679432362,0.047165026675830835,-0.09579943197409331,-0.09660453364817044
0.020135582491096392,-0.07281223788484789,10.537401685356965,-0.018490314931466276,-0.11137063842352377,-0.11004293483714346
-0.012961229767374169,-0.13008382402024624,10.206422804100152,-0.07993066599615138,-0.13657194761298977,-0.09287772950886981
-0.039402980738190686,-0.16014390308526139,9.810004241660263,-0.13797280627670458,-0.14182145248265318,-0.08732225129091138
-0.08920902398434988,-0.1753914274526287,9.422515344046566,-0.1729534088873839,-0.13909337976522182,-0.05706577163465812
-0.10252680312953658,-0.17334041132286512,9.080002842785852,-0.19909597828939232,-0.10270026018187886,-0.03849403680087963
-0.12075915813691925,-0.16140960401909657,8.79068917751772,-0.19889620250218215,-0.08155314564411426,-0.0035098211479478903
-0.12217953826846716,-0.12818355998797498,8.610866125388432,-0.18923481292966335,-0.0314808979569897,0.028817875365460394
-0.10250525667790931,-0.07060864321857044,8.563266812635534,-0.15536639238214042,0.0019317173142147435,0.06485873557709118
-0.08637237745081333,-0.018403353290316015,8.612381988966986,-0.10792781350948422,0.042493061688860176,0.0782861198084662
-0.05125197175121861,0.03205616757678531,8.78992867580132,-0.048262560252207015,0.0921597003806712,0.08975811200844387
-0.028396846860526858,0.09554213460370883,9.081962482884162,0.011681408525029049,0.11525023753505749,0.1018216862361094
0.004720701348402458,0.12424397217182973,9.427929269911191,0.06995870864515258,0.1340365191863409,0.09399339402576702
0.04493933054199518,0.1734011124000933,9.799969363660383,0.1292723696672785,0.13353217472439513,0.08480244318520529
0.08053785657260347,0.18213646945502948,10.191318154625161,0.17514474873048652,0.1295397808363915,0.05364749293550397
0.10418444193792094,0.2039396308628128,10.537501712918015,0.19479153399278507,0.11295473679506499,0.031871774700773514
0.10821069809238376,0.15080513706874632,10.835481797353006,0.19643729447927438,0.07245173980630537,0.012259319746479775
0.12028207176659442,0.12170811600968584,11.006068728789506,0.1846807398920763,0.036660638360692756,-0.03218226416931085
0.11235314592145722,0.08499768448220937,11.056633241231959,0.1427152736051148,-0.006190165309216778,-0.05791645967703159
0.11081709324711585,0.03125739133369043,11.00343020288369,0.104969772796501,-0.04679958367603703,-0.08925889639858416
0.07696591350101503,-0.012635771115894541,10.810421753481247,0.046019962495304885,-0.0781642562823296,-0.09939786321644783
0.020334854622056697,-0.08713625950992224,10.539350396156086,-0.0189913215970865,-0.11711667694497381,-0.09770135731592758
-0.012587309134160202,-0.12009619012008863,10.19711014909623,-0.07902813085649607,-0.1378068825351791,-0.09672775068194772
-0.05843773709173558,-0.15111762077360255,9.813617845993157,-0.13089470995523808,-0.1262084512656874,-0.0777774755789545
-0.0833235383541406,-0.17215916324897962,9.422949084027215,-0.16484504126912988,-0.13399382437749047,-0.056582199252344555
-0.10024701504156874,-0.18545939262049058,9.077252542720124,-0.1886889009299309,-0.11176454848275569,-0.03740765246946309
-0.10723897370314493,-0.1490829220409723,8.79935544871094,-0.20412702247825648,-0.0807368716210544,0.005165045650280589
-0.12539082421552025,-0.11738827857690082,8.61987073541488,-0.18788685878376113,-0.04073992233709951,0.024772444657027465
-0.1157604908008882,-0.07685062569828142,8.557630835262474,-0.15543138724333994,0.004476707437259774,0.05502550219649787
-0.10785561318475456,-0.026444737412188772,8.617769235649632,-0.10161905896644655,0.05173577008757197,0.08210111968606648
-0.06325248397512057,0.030045747069650266,8.800584257100338,-0.047294201577598505,0.08758199312688834,0.10296808181652008
-0.03566011672140336,0.08115937570561148,9.078554959347999,0.014787969120259831,0.12100238909689127,0.09498057906550399
0.0060527268228386145,0.13246181934366127,9.425315630369862,0.07794895216194281,0.13957452259615358,0.09581668423653429
0.03971531485169766,0.16066640363461746,9.800571223599988,0.12586147040548354,0.14098306495389015,0.08162974272611072
0.07784378180841257,0.17100814610392376,10.188279820159538,0.17662676552093298,0.13370945746019203,0.06199369257018943
0.08871002793943862,0.16938268872647516,10.547922619813178,0.19414047972673054,0.11635494105825253,0.036737658038469415
0.10514944070712297,0.15432870245378727,10.833044629374053,0.19520683443950781,0.07339159013508643,-0.0021088905571665434
0.13659213040979773,0.1289999359678193,11.000039969061415,0.18414827069855472,0.05184713284274242,-0.02592662316782504
0.10022793863015408,0.0814316551651245,11.056706652700184,0.15912807907793775,-0.006650858774816495,-0.05219850313140223
0.08190301631920795,0.029802269256169793,11.000615369012486,0.10354107586427773,-0.04888661230745093,-0.07203389921403774
0.07664646483733148,-0.02423037792092702,10.812176671588581,0.052769523335980076,-0.09162155938389052,-0.09262335027787917
0.05040133878044971,-0.08680782945086209,10.555203110617887,-0.017450748770912915,-0.12152766531983143,-0.09921277627437826
-0.019660775272370347,-0.11561025692287777,10.19776399612475,-0.07909595757872402,-0.12948420887866785,-0.09745118433751077
-0.04967619273134141,-0.16255901142743656,9.804644342294333,-0.12554555039456508,-0.12858933803759956,-0.0881445740427077
-0.07586543783490926,-0.18126376178499706,9.42239439330257,-0.17417719545239174,-0.13466409816391472,-0.060096660344619454
-0.08894227391504715,-0.17391233198643616,9.071052144777896,-0.1900365017630232,-0.10907467503627154,-0.0302558166089411
-0.12478065929767689,-0.17503707410200586,8.809222116845847,-0.1977282666753506,-0.07784680679653763,-0.0004589472750073473
-0.12152037628110834,-0.13354715362520841,8.619561433915484,-0.1896644415898827,-0.03435485401946856,0.03397445933821291
-0.1043086186718522,-0.07379871946707096,8.561242925968925,-0.1533256511768696,0.015181505444765932,0.05157924535350177
-0.08719917235111184,-0.04197889434235608,8.625769166284266,-0.10841065799699368,0.054736654789514436,0.0800438237569468
-0.0649604051806014,0.037177476564761766,8.7928026242012,-0.04627685155740995,0.08436875810561834,0.10510681432213893
-0.028231385142654386,0.09387835457440069,9.07681811036349,0.02376301103183309,0.11826074945860789,0.10497795462365254
-0.0007109242251935287,0.12437989556704922,9.425924241586456,0.0734141160803984,0.13749466843682723,0.09815921261550035
0.04482481112524023,0.16275182695046753,9.797567369431823,0.1315124188168296,0.13983985126997273,0.08280305225707192
0.07646678232236072,0.1867490425855529,10.198292814878895,0.1699295358574995,0.12634821694238985,0.0568797333943345
0.10462921418730214,0.17403710838074754,10.544365468846054,0.19426949152914777,0.10681737658409372,0.02204715403128975
0.11244318491969856,0.16728719664721567,10.822310973305608,0.19866037106680987,0.08468840302974577,0.0021971287149038865
0.12333046169393255,0.12185368766637926,10.999105683076865,0.1810093846857867,0.04561261681066215,-0.04322801095558744
0.11862904582290464,0.07782648350993963,11.062073358983602,0.15464413720330977,-0.0051257699463753545,-0.06047789103859857
0.09192073556819225,0.02168482719525879,11.009519391174353,0.10422307779459848,-0.04582651072930652,-0.08097199105590767
0.06476520787795388,-0.0254957053957387,10.811835183672002,0.04349773392206096,-0.07957573540387423,-0.09736891895352255
0.027586044207150256,-0.0725255096230015,10.541994346681598,-0.009253153495812348,-0.12413825564022536,-0.08914304552546527
-0.01028756709703542,-0.12880844172657696,10.201604192000397,-0.07477259098132442,-0.13658614137731054,-0.08595654804393633
-0.05250266534538071,-0.17058731809035654,9.813847406941832,-0.12998403223425378,-0.12985094751839757,-0.07568558171357544
-0.0760659281490462,-0.18645800048503927,9.427404001458058,-0.16310704957543076,-0.13033135902885676,-0.06333352651168944
-0.10355014785759935,-0.17461462651413168,9.0972970523598,-0.2033296106914963,-0.11645733810042692,-0.021210428655247065
-0.10014045619880602,-0.14559206117585177,8.803641841224252,-0.193122292651822,-0.07836122830723073,0.0031833599312749566
-0.10697131429376945,-0.12407307803290901,8.630226857001098,-0.18969741166322532,-0.034248898870210064,0.026275971075374355
-0.10744054685989383,-0.08474247426181455,8.55754342352918,-0.15191077475981948,-0.00864473156446301,0.05901369628201617
-0.0967817586244024,-0.0219500471750557,8.613236055639883,-0.10860710531479839,0.04801321678556287,0.08574656937608689
-0.07085044838662871,0.026320893904601243,8.79621421759744,-0.052636739543018805,0.08369998173755883,0.09213857257327561
-0.01763165780181599,0.07876298030461279,9.08096411600515,0.0208934524368967,0.1074069206478744,0.1007026235995054
0.012390236042944255,0.11966786542407795,9.426983379869943,0.0845487219318132,0.13476401549876793,0.09666064385533732
0.05057134830417119,0.17168491556502846,9.813226010964788,0.12773740919428273,0.13925790326700851,0.07534536937425906
0.06464119434663942,0.15748268256677955,10.194556487874305,0.17148470616013411,0.13170744634888498,0.05735642844253777
0.11019136292275622,0.18415429548733048,10.541741144415074,0.19443415927214333,0.10906995457568686,0.02569019241485942
0.12052116537596579,0.15663503298062534,10.81983238501434,0.20813893085723167,0.07384095201532818,0.0042548258413768
0.11067470803825553,0.12394015217581084,11.004616448970266,0.1747307196802763,0.03208206266355974,-0.03552614650202582
0.10675512082074609,0.09518582310554648,11.066725819425363,0.15485405466324775,-0.007541382823553504,-0.05739109320487829
0.09278703858169725,0.02236647017225948,10.990770712171575,0.10203115497347699,-0.04283552712922566,-0.08790447420036358
0.062370890997610964,-0.033677436221523104,10.82736998344414,0.03624191423340012,-0.08439670304188791,-0.10080015119219381
0.02482343194009807,-0.08283241595488323,10.539525795519545,-0.016126670294201416,-0.11596277792729236,-0.10590936687199484
-0.011116148386295242,-0.1240247591831426,10.200022616183414,-0.06602739514028465,-0.13955321996847397,-0.09652613773883684
-0.04874602010269377,-0.16395217106940085,9.8084642740603,-0.13212378339954065,-0.14180987909008183,-0.07994773228210655
-0.07737738214561225,-0.19038721735103165,9.436255065425243,-0.16585350511633842,-0.12814210981808763,-0.056883116205369996
-0.09099991928634572,-0.18469700733215033,9.07192383760257,-0.18815584202851415,-0.10828733886448293,-0.03967868094862651
-0.13741907019770097,-0.15009432163129036,8.800157651758482,-0.19954988068356513,-0.08133363412396373,-0.0007546826829926182
-0.12145295562964879,-0.1266246637143392,8.626032099891532,-0.18469419382548724,-0.05241308758888953,0.027233008825589558
-0.10911521990936661,-0.07803860358697513,8.553008329199017,-0.16154992698960358,0.000713694971370965,0.06152100418938566
-0.08830934902934803,-0.03017088856724357,8.620596498187641,-0.10924760586005933,0.04471831511155325,0.07961551345299947
-0.06492647326133098,0.022960901419910272,8.79659607795433,-0.04348669621910537,0.08102652482200821,0.09472881174839493
-0.04121457568635477,0.09520981764253084,9.071157926767162,0.014627415292241232,0.11355103236436115,0.09627521613362613
0.012912206111480844,0.1258300034132323,9.420210973019453,0.07710434630205647,0.13843712986409276,0.10370150051738881
0.06054900279035097,0.15687036577483998,9.81889611678508,0.12950932534595228,0.13975382216102825,0.07443174326579348
0.0663269910031032,0.1865654848375874,10.191482837090591,0.18076735237064404,0.13677637784939825,0.0567082227293834
0.1096824791798767,0.17199253901415704,10.549262828426958,0.19199660385788814,0.10326939724868307,0.03135549755643955
0.11425760088526753,0.15558717373281428,10.82378800298493,0.20751344688539905,0.07742231948532503,-0.0013453165482322114
0.11906755874694065,0.12730485149955986,10.98764480444274,0.18596398802857816,0.02966096627732696,-0.034805549287673404
0.10210413119471444,0.08164946268931059,11.064153355507411,0.16143943232980157,-0.006220820771363595,-0.06790852940759168
0.08800165156799755,0.03015640969308438,10.987512539690881,0.09954189609790476,-0.05236007497609526,-0.08441123986285479
0.07235151336835198,-0.011503530274133138,10.826295977594004,0.048944995378908986,-0.0791557903433805,-0.09992989098399346
0.03182204336242737,-0.07909927607270913,10.54067403222054,-0.016292453726673928,-0.11356835125084241,-0.09160383786257625
0.0035702506015128765,-0.146359969971646,10.196338180994747,-0.07457027741558586,-0.12928023174515116,-0.08375478232644638
-0.03731090596521633,-0.1578069332636048,9.799645760403,-0.12273165613420688,-0.14208704355217544,-0.08110359877193732
-0.07508518881099602,-0.17749330595082796,9.424707815620161,-0.1679132846223725,-0.1369264880954566,-0.0657306753828232
-0.08882037886094905,-0.17742382169028437,9.082684037978177,-0.18804728956369662,-0.11606907264960198,-0.027127284761512528
-0.11337385740034438,-0.1583774140078366,8.792273033607136,-0.20283750213683716,-0.07762044337124507,-0.004816868219433089
-0.11293424809919506,-0.12745230432882446,8.616322017941911,-0.1894106442051639,-0.0303052693605863,0.02824001410616469
-0.11289988690862354,-0.0820681986010477,8.56363696818854,-0.1528879120912108,0.0061498445822822725,0.05570586391961847
-0.09014493441997067,-0.023175165231691768,8.625016301220235,-0.10586004743615035,0.04525794905316943,0.07845116680737639
-0.06753054719716217,0.023900236611741645,8.779255322644051,-0.04895103118487498,0.08461820023488988,0.09335936551903383
-0.019244129949768145,0.07420777135841296,9.091391685544663,0.009530861178701002,0.11546040962130012,0.0934324510794951
0.000861813256848162,0.15152578989061913,9.427957184899697,0.08126089704409613,0.14448759202400716,0.09156819366113775
0.05298900381637955,0.1546904652608077,9.81557534929962,0.1270293514443706,0.14610834725498517,0.08594936162127627
0.07707267378239166,0.17859748920642546,10.195122919395386,0.176937723260226,0.13312769263062504,0.058539107979456544
0.11214183181803015,0.16580613987809298,10.529888737297174,0.19421291983985178,0.11135991751594003,0.03144407449751791
0.12289275458010056,0.16127673980341822,10.826669019458677,0.20272854132453783,0.08044440672694998,-0.011249754888911808
0.13412332277474592,0.11975707362191094,10.994299141143092,0.18808502013236347,0.04182745517796835,-0.02624695108151913
0.11637351680945554,0.07810751831380625,11.064351453553467,0.14884706375514428,-0.006153922887056303,-0.06227771117634964
0.07810097890161921,0.03644003623602896,10.997070236806843,0.1075028011519592,-0.051352182436489105,-0.0753338523365571
0.06141553122757545,-0.024460806442271145,10.82317555800162,0.05766339906309164,-0.08040095320774726,-0.09436159275549877
0.017784743885769706,-0.07724198584692607,10.538531594314337,-0.013065958541550494,-0.11550699762719832,-0.10281022797136806
-0.014434480980697696,-0.14150517697677534,10.20318635451012,-0.07076125539703894,-0.12961073954404165,-0.10346720994719234
-0.03464037361082329,-0.14572216345242459,9.800492967684358,-0.12537717822457548,-0.1317095106819286,-0.06997541059481935
-0.07349761175525167,-0.18733139639427995,9.441693312434028,-0.168272084357338,-0.12922482393937523,-0.05469065631609012
-0.10836329849892179,-0.16554293537074494,9.093172023714303,-0.1932168094252079,-0.10901851527905886,-0.026502133291628715
-0.12499554160177377,-0.15217264155515467,8.811790353715056,-0.19674981887486104,-0.06294642487251487,0.009182652764418795
-0.11929589677056124,-0.12260421609314594,8.631383186517253,-0.18148005918516566,-0.0383209761901515,0.032106304435284325
-0.12025980047539524,-0.08848718010387283,8.559323613134131,-0.15972925774215346,-0.0013648009170529381,0.0656121119824431
-0.09604642316601752,-0.026866800151303178,8.630511728277034,-0.1044302720987139,0.04572566153874644,0.07856081881966161
-0.05945508083835223,0.02446951170413494,8.797959345045095,-0.04894212374449479,0.09332047806924809,0.09882085944065296
-0.017918305137672598,0.0820215786155698,9.062840294296446,0.012366385588797255,0.10914607452865942,0.0968494772890179
0.015158334019561726,0.1253365601969546,9.435754368343545,0.08174746098997818,0.13059208120235116,0.09255896799201521
0.028399885008254213,0.14410844075847887,9.819030595703383,0.12517780620721983,0.14547243845565333,0.08133464325923007
0.08103281607467434,0.18677061911462134,10.19602053010743,0.1628334873476118,0.13046979439730838,0.052369898131529286
0.10334812365615179,0.17712256463270126,10.534930091306935,0.1981277841407604,0.11026002874202764,0.032464626401948166
0.12019692495323259,0.1564665892869872,10.81658163755606,0.19238442738769784,0.08431450387575132,-0.0016483052865287771
0.1324878309667811,0.1227402601647866,10.98425148068984,0.17565675652775173,0.03577197095328223,-0.040923672538077396
0.09402141306590811,0.08451497846753939,11.067560646820944,0.15750977590684748,-0.011430945379789592,-0.06113842115432922
0.08594847354531687,0.020929468203505504,10.985994173634035,0.10646039779701043,-0.05407621755391763,-0.08267896862416209
0.06667840719310719,-0.0462782874570893,10.823565889929858,0.05038533247759865,-0.08265315229347424,-0.09086878445229626
0.014508046230895888,-0.07853222361785951,10.537982018583365,-0.016536157680951756,-0.11432125081090481,-0.09857397106367255
0.0015193501426597547,-0.12318271428598673,10.184857615408683,-0.08218966975288369,-0.13781721178951342,-0.0878409001343205
-0.04378334817543255,-0.16201437940847832,9.81190684074624,-0.1347724735156258,-0.14573426252984645,-0.07824909240383518
-0.07182521035568534,-0.18697956890826484,9.421058361948827,-0.1711682771463186,-0.13318076323561773,-0.06147669803249906
-0.10733940436246485,-0.17705993755798213,9.081973947477831,-0.20051121730342084,-0.10522867124565868,-0.03110930209245844
-0.11037569315052106,-0.1720612514295147,8.78858791488149,-0.19795113213523918,-0.08312672954424569,-0.001651725947401358
-0.11101038106565911,-0.13544072280092556,8.615120837467268,-0.18760876160771636,-0.04266949694131439,0.03342573365470517
-0.1086642951192492,-0.08765288534864024,8.540898862332073,-0.1520432572200725,-0.00186467471455412,0.059149222462849864
-0.08880209380525476,-0.021328006342725695,8.603704581172437,-0.10489104590306284,0.04529472325409642,0.07781089693860156
-0.059788410696507664,0.0253359953857997,8.813114296311138,-0.046087736568634234,0.08725244946410406,0.09517596913179971
-0.03406756354444042,0.07820633074931688,9.091937220587212,0.01682143244350216,0.12619275706527563,0.10230586415391522
0.009108012799844203,0.14297307839292991,9.4244705666731,0.07354813614094037,0.13544328678721604,0.09004615427792767
0.04551002081741933,0.16323702478856725,9.803409369872742,0.12976338378070715,0.13967191389962566,0.08243468419018264
0.08166503315725956,0.18050830199054307,10.193883651564745,0.1709873732912619,0.13614258063979956,0.050813477200569376
0.11077044904557394,0.17481381592342574,10.551720158985482,0.18200475146836465,0.11429233543606077,0.036345362005782145
0.10841751401442358,0.1555740191419115,10.817156130810108,0.20271902539976486,0.0760593357032656,0.0025473898167031723
0.1185580812710149,0.10973162650728849,11.000721716305272,0.18604618289864636,0.050866377198703405,-0.022839454196029306
0.12237896366161752,0.0893972261119926,11.05989795159615,0.1557886817831146,-0.004209849883650009,-0.0644330939244123
0.08472859511634466,0.0316659965559111,10.994270144008283,0.09923256856696053,-0.04594991109782688,-0.07528643646431324
0.055373156472437096,-0.029670210935005475,10.817061701000744,0.04644286846494147,-0.08280531157409245,-0.09045406645864702
0.028779250961176176,-0.08288707565821689,10.547078132339081,-0.019781667089882916,-0.11388754944199456,-0.10091112106218088
-0.003533160717884876,-0.12144638417155196,10.188456137877589,-0.07154463221377286,-0.12672739087874355,-0.09696147873471099
-0.04663879263255173,-0.17285500539569545,9.813613834765007,-0.1358691201578788,-0.14288984812146066,-0.08627537066440992
-0.06796619751893727,-0.18251539655917537,9.41995612535412,-0.1744506065587745,-0.12791098636560955,-0.06543594116993953
-0.09591750320975871,-0.1868618447882365,9.076287373071606,-0.19147763237247103,-0.10998841544998555,-0.03457367688744028
-0.11015124213513007,-0.14617291822311262,8.809800457560671,-0.2026332693318538,-0.07403402379955265,-0.006190363974859163
-0.11512522150297859,-0.12021763377259703,8.61983381826924,-0.18993842520148907,-0.040431004081392045,0.03896448179209307
-0.09190609447757755,-0.09926884298568878,8.567358434721536,-0.14843484030919724,0.002335856341413131,0.05133985210918957
-0.09231859445777214,-0.04018961192297673,8.606843091783992,-0.1009282277612345,0.050792155136738244,0.08169817249892704
-0.07797933494729287,0.027178117602436366,8.79496585292219,-0.044411378378050544,0.08735202079597182,0.09731149241091287
-0.014326766534389098,0.07800974034694798,9.075489943603017,0.018567568176757168,0.11151543976843326,0.1017874569858812
0.006626646794111545,0.1167404806050239,9.439115402464951,0.07410974270014495,0.14108244065518735,0.0973047050214317
0.047593244631783216,0.175975422712262,9.794320383333925,0.12782057257435597,0.14360285130135303,0.08558164196920709
0.08907428772131644,0.18029666521860524,10.19550156407353,0.16656692625649375,0.1314568766573933,0.056477281869144594
0.08995377874181973,0.18156995246800087,10.556385076172914,0.194987848852411,0.10847010211825459,0.03125525851852587
0.10687262495740116,0.15480887288914977,10.814991079726536,0.19684690503383848,0.08076829425946944,-0.001556321801983192
0.10674793001662061,0.1330010712048488,10.997117934885535,0.1831311408879097,0.04265850295168601,-0.02447324141788804
0.10417422896014202,0.07860383976874694,11.062653911880444,0.15596793962681035,-0.01205830849203535,-0.04835078210816134
0.0941943937949806,0.025812773520198843,11.000296713798726,0.11158948277176756,-0.0452533830869926,-0.08692336390920281
0.06614465935326257,-0.023348867310694788,10.83379740677232,0.05001303561210535,-0.08229928099845461,-0.10528847098950907
0.029370994861155915,-0.09482124256400805,10.54831935584619,-0.005352440480840709,-0.1273791542798976,-0.09715430298104633
-0.02159036931290719,-0.11455931539083339,10.206893426132792,-0.07879521695500223,-0.1333734309293903,-0.0897263975482577
-0.06521102857009892,-0.15895821109326622,9.807119933141532,-0.13803341064358368,-0.1364672587538329,-0.07106475381571709
-0.07816305355930947,-0.16754879223650132,9.417804553741322,-0.16623419320121435,-0.12892350603855068,-0.055017440925244396
-0.10654606333939715,-0.186374779938047,9.07346264909027,-0.19800837077706426,-0.10679901590300697,-0.0238386004966398
-0.11321071649651784,-0.1677303134752316,8.789455932284378,-0.2008548578793443,-0.08058547273519072,0.008388817901537856
-0.11394252450380138,-0.13651807980022468,8.625047448200744,-0.194145454468151,-0.04455560900493083,0.03830975823229226
-0.10942138782387646,-0.07964492047528605,8.556912975097958,-0.1574644886936264,-0.004910788536647287,0.06325591427635058
-0.08459623626383754,-0.027551652494512264,8.61580504343124,-0.11317792362709127,0.0525929039024475,0.07454264729367852
-0.06011746561784096,0.024521588435445506,8.802718024308277,-0.05019325065785848,0.08907738197949283,0.09509115749729533
-0.02292028378171369,0.07367670850044623,9.06611870841062,0.012351262337642317,0.12145935593420248,0.10150015392143727
0.00465085613880791,0.11720276811179316,9.429892774742154,0.07571744115257754,0.1307286724288956,0.09457921380346848
0.04529330976638647,0.16002945360729226,9.806173300892064,0.1350421522693138,0.1439594865389376,0.08065911059271509
0.08017209101568722,0.17407165167003563,10.205544014521417,0.17319186397365008,0.12431449285008994,0.06654303299976921
0.1093360828736309,0.17228656594622985,10.541589664739755,0.18603835483277903,0.10646378988336053,0.027033346871633685
0.11373587329245387,0.1727217083720598,10.826326520301137,0.20252647384853192,0.07957752585763989,0.003906747577179458
0.12372749155942828,0.12656427260188208,11.000257144359125,0.18585524540475135,0.04267211498068328,-0.029403661249742093
0.10840060894502339,0.09180764532802188,11.065951214989717,0.1524793052967182,0.004307129117306934,-0.06313777367172446
0.08973696360822017,0.02381350144839605,10.999700220506128,0.1055532888945108,-0.04833210802659969,-0.0863367025996634
0.06858730894695375,-0.02627867271891136,10.807964063669933,0.049044496481184814,-0.08989080311946995,-0.10363954214388847
0.0112163184580951,-0.08223307017357516,10.552801913679549,-0.017783453762117075,-0.1202026556692153,-0.09757207567639757
-0.020660020866365467,-0.1409165167457853,10.195569779589025,-0.07617939338245772,-0.13779360894823794,-0.09539448603644211
-0.05858768425657952,-0.14899061836094532,9.816316128618858,-0.1229238418280749,-0.12883517044343523,-0.08497852753184448
-0.09726681120121959,-0.17887757476300425,9.429250728846267,-0.17332686157128901,-0.12804352970420077,-0.06808741830350855
-0.10819797059153231,-0.17180007612803258,9.06908206278633,-0.19929864289470572,-0.10524859842509822,-0.028653950780832077
-0.11089033147242901,-0.16636122226269795,8.79141039378991,-0.1997949334098368,-0.08014256771099815,-0.0007801222308460109
-0.12183722604463208,-0.12854163308006342,8.626422195442654,-0.1909493042013277,-0.03936432024354635,0.027417402014883827
-0.10894499862481077,-0.0885821207359905,8.557574007764716,-0.16158235306416993,0.007584255651973272,0.054029912102280114
-0.08196356097315861,-0.018191531047752393,8.628670788866788,-0.10738912242957284,0.044602793920701544,0.07976081929127854
-0.051329667552620736,0.03072815776889905,8.7973031494884,-0.040778624917941535,0.0841055150777869,0.09748294920518275
-0.027713904904335403,0.0847256902569744,9.083455712853993,0.0141309993276683,0.11224338969874036,0.09835004590403469
0.021116929358321268,0.13820101144647878,9.42711519290497,0.07616052456707358,0.13211691572433046,0.08913563033295487
0.047467214344511774,0.16966805518625025,9.812303799949715,0.11819279565678116,0.14018519748832736,0.08055901560678214
0.07189869645181247,0.1839190861958349,10.19327915337875,0.17199796011136495,0.1277193469790538,0.06393463001759223
0.09801665225270209,0.16639760310879606,10.54659098627809,0.19461603232038005,0.11224115257255593,0.031018843246295908
0.10504151056973052,0.1547795595268729,10.830814064688301,0.19616182253027095,0.0803705485028555,0.0002536034743169501
0.11245308268370208,0.11919177293933225,10.99838692169964,0.1861967242745565,0.03845983361726934,-0.03261421415802977
0.10766318577575067,0.08746757140561179,11.06424939554947,0.15381904554268938,-0.008225232399996252,-0.0632984307783564
0.09710598110187461,0.029444734443861864,10.999191525978945,0.10036934690241091,-0.04660697245484552,-0.08556818219016281
0.07571731526008833,-0.039360982458341534,10.822268075310648,0.04968100297465727,-0.08808657732528119,-0.10344223711024655
0.016103349303511226,-0.0832992157476154,10.55851885142111,-0.00833834269441484,-0.11538394044452854,-0.09409383164420568
-0.007145622495688848,-0.13928843695539142,10.205885083216998,-0.07640734647220336,-0.12886374188609956,-0.09276599108919745
-0.055054552590297984,-0.16084257671561525,9.810635230521576,-0.13318150845972065,-0.14620500501133096,-0.08043720618569573
-0.07480030553472816,-0.1910393259386426,9.425444389734796,-0.17069523299817072,-0.12096046592540588,-0.05722897884744077
-0.10382054827579312,-0.17354080193801916,9.069653470606008,-0.1898761370385084,-0.11117387563584862,-0.02911985830895142
-0.13153304927703136,-0.1573212914747323,8.797344984661189,-0.20561799086695384,-0.07688844340556829,-0.003584217214118356
-0.11213177758102355,-0.11195929008064938,8.623654536931449,-0.18240368062362455,-0.043119827282760884,0.029359557727671362
-0.11536732498281646,-0.07486431554062839,8.566804908716554,-0.1563585097495034,0.009798990869885879,0.056479068338619424
-0.09494850285383508,-0.03146283295644339,8.627173121806335,-0.10445647113730373,0.046503655352350064,0.09351081519276863
-0.07050917590107908,0.03478144373549075,8.789854684584073,-0.05084339071598764,0.08359146296152517,0.1002339769837671
-0.03239506764002593,0.07060795099596698,9.083084296479845,0.01148893503164633,0.11273933617368222,0.10083937225026839
0.013711365767326249,0.11963575744019113,9.423018567596287,0.08288311367600902,0.13301191909417032,0.10190818334508545
0.04521624634954841,0.1630824650676595,9.802104069154591,0.12179810449487036,0.1420320410405753,0.08704808160450125
0.08122717826069265,0.1605303486047614,10.206962320868136,0.17223416353688864,0.13269195106302614,0.05180427114350357
0.10566722990172316,0.1774741356056245,10.556437797339507,0.20280582506843786,0.11061195901135705,0.02970323888469941
0.12745109591447615,0.15218288614605843,10.823381218827409,0.20291400630283174,0.07539053268535002,-0.00017013622119810582
0.11681586430665648,0.1280333344686519,11.004490994184179,0.17864098682235033,0.035510209461928274,-0.027928229629226524
0.09871245674558127,0.07302541099223074,11.066139593669956,0.14656053491232535,-0.006392304535074783,-0.059970075451993794
0.09921508027942112,0.031473504009501746,11.009986822591443,0.10190865966096742,-0.04483040913880216,-0.08144635068383402
0.059299251233984634,-0.028082263599953826,10.827095791172155,0.04881127389836128,-0.08225075513166782,-0.09743971091294303
0.03607754098314576,-0.07058633470847603,10.534110059146089,-0.013194306336606723,-0.11163169029556916,-0.0947552850132159
-0.007221225336309256,-0.12728166199682908,10.212349704960442,-0.08162612186633551,-0.13436171369081104,-0.10229496418307676
-0.04777930131866522,-0.16656646725074944,9.818525255115842,-0.133207324739771,-0.13802249472122163,-0.0829864142397965
-0.07580767509006404,-0.17977143275336357,9.419652563389116,-0.1738647450840629,-0.13267015113428698,-0.06792527265330767
-0.08716375458928133,-0.18852531306122972,9.067031434055549,-0.19505293705440535,-0.11952274763155117,-0.0359657025058165
-0.10026995843782051,-0.15709589444536315,8.802767264474555,-0.1895629193840124,-0.08002727372279736,0.001674401569013613
-0.1190031044325094,-0.122504076056905,8.618953274324127,-0.1899624072456643,-0.04123270995834336,0.03266664082393907
-0.10924579453380968,-0.061893733563063484,8.562639962831993,-0.15785322662257906,-0.0011072928999666604,0.05728415326532978
-0.08206737968711501,-0.03305420683469739,8.627126609361277,-0.11133248801992048,0.044294816820840285,0.08657362083908289
-0.06871644487289963,0.026094526399894617,8.79419722192734,-0.04484401148454733,0.08623751158197669,0.10190318121298332
-0.024496238445581957,0.07718319384801921,9.066339570692918,0.014117311825274322,0.10995067735163301,0.09965382414974157
0.010081339458136879,0.12903244787869048,9.426815304774292,0.07078650635398526,0.13080045186603753,0.09633042625140788
0.04924146676870085,0.16347084908689608,9.805732897157805,0.12702955952864722,0.14767981450357429,0.07858691817084178
0.07193093179483818,0.17736934715131691,10.197440009254548,0.16584978114437315,0.1238143659804714,0.06184133128858566
0.09005531512381931,0.18646202922008043,10.533984953869885,0.1956286594197766,0.10989534687887474,0.02484720288995302
0.1003019351823199,0.15540915645296935,10.819253781172872,0.21290827970444962,0.07311609294628119,0.008890659809743351
0.1106190806096546,0.13511227041055063,11.004540260497262,0.1880507939460069,0.03559789284242168,-0.025285943060496377
0.10685791700083212,0.0859552846857364,11.064847460061175,0.1525034948813647,-0.00507661927026766,-0.0648447434952377
0.08833176825365462,0.027983279550667442,10.992513781601957,0.10234190910675849,-0.05206966831275048,-0.08489878748589846
0.0774490059101981,-0.030756376115351328,10.81192512801415,0.041304733931336324,-0.08269240143368847,-0.09302672295626241
0.03600874838578432,-0.06237591997367681,10.544857674883605,-0.010655571150038174,-0.10886115818119774,-0.10169121634455953
-0.01798497117249946,-0.13387160747557594,10.200759505344854,-0.07187086820300145,-0.13014598854260248,-0.0923552642258289
-0.04394853345743157,-0.15803385939531095,9.813241401121536,-0.13117404243099126,-0.1348172388372064,-0.08264662211703994
-0.08185450813323504,-0.18379809846868175,9.419631478276434,-0.16374066273444743,-0.13872657600501753,-0.05108283389072862
-0.10504676577461115,-0.16348645589612604,9.077651030174321,-0.19404366831940445,-0.11202661278600684,-0.03077597032657076
-0.11540319747492765,-0.1532503818526125,8.810747600801529,-0.19561259299349198,-0.07661053443833242,0.012191289892198517
-0.11460478457776842,-0.13264967705815545,8.622820512129538,-0.18381548690738148,-0.035000122260981,0.033999245859700634
-0.11324138715141809,-0.0775465419091551,8.54693481651345,-0.15385411685628742,0.012854698085228683,0.05210309003429295
-0.0821664886849707,-0.02601795313964849,8.622804957335859,-0.11044120960073753,0.052476985657749935,0.09138617802576064
-0.07108666241989939,0.02410388489349939,8.815080412801018,-0.048749417302570514,0.090044497628892,0.10062636155083966
-0.027110088927629054,0.08785457578135143,9.064969308129474,0.01853427315152544,0.12878488918275574,0.10190069895154633
0.03106963205453521,0.13044998139847683,9.423966554325956,0.07272696353533918,0.13483592463115335,0.09831142925042875
0.04851483901804023,0.16214291452214502,9.808189316535737,0.13104224442555149,0.13849501223460295,0.07490440655887409
0.09006359829528084,0.17746098821680575,10.197038306642863,0.16439365323903934,0.1327146871281762,0.04968501212964845
0.10350401649567716,0.1812198578258932,10.54628558259082,0.1980494946944825,0.10623599389847566,0.030608756752568817
0.1215320194328888,0.16218009377494666,10.830391018857178,0.20105110335291765,0.07928580870393985,0.006805337458592133
0.11910388795842985,0.1276956246916242,10.99949891166015,0.17928591812336273,0.0307218158626639,-0.02900732515779513
0.10916405863103283,0.07651917452870613,11.070218076457698,0.15184836483929257,-0.006735528305017078,-0.05030425423848702
0.08444144177304082,0.04162964883595774,10.997879400098649,0.11032399109078894,-0.047708457109935494,-0.0743475911924345
0.06539356748242169,-0.03664024253608376,10.818470148776893,0.041726571637493125,-0.08081387805625616,-0.09502992324255949
0.020348503913038996,-0.0783681722924909,10.539378101501276,-0.019678771000179392,-0.11006145855812852,-0.0940811762195053
-0.004963560351259829,-0.12989746420805165,10.18173454673573,-0.07561512386876679,-0.13917246454687182,-0.0874652850401633
-0.03804790504146956,-0.14634094665546213,9.812206251295429,-0.11817688379537296,-0.12956013725599286,-0.08125055023737505
-0.07566563098453523,-0.18502420620453564,9.440160759339092,-0.17317022306935875,-0.13108603021767562,-0.059775770484052464
-0.10506184493873635,-0.18365352797917894,9.07893431845271,-0.19167283301590274,-0.10961103284675673,-0.030115252853410414
-0.11325407803578134,-0.1681035369891002,8.804222735864608,-0.19818571963246082,-0.08703610720004043,-0.011971024901471106
-0.1220275379579428,-0.12463515761982055,8.617875104030947,-0.18824407141887375,-0.04245636378215304,0.03238802888201635
-0.10304294227662446,-0.09263170713315294,8.558045332869812,-0.15216277069797396,0.00933705217984291,0.06245230164095824
-0.10532854962056601,-0.031907746867921846,8.629056486537722,-0.1079059598546737,0.047980680013171614,0.08167625056547231
-0.06463601555570861,0.01101795640646424,8.814798306153643,-0.04981075829133838,0.0861011281417877,0.09685633887829417
-0.04308729738751838,0.08371263287655187,9.08717201812078,0.006017660293186905,0.1167527721329369,0.09978257894814392
-0.001672244400051667,0.1233338193995887,9.430170714069122,0.07514545792050072,0.12713835769768575,0.08509315251966575
0.057641098915546925,0.14851287085960083,9.810281204635091,0.13333900498064502,0.13945726165880343,0.08916261418647814
0.08575936209820559,0.18648122113053706,10.19794899428281,0.17009446152305852,0.13886954938636176,0.056867748444320625
0.0970160132040136,0.16731008669801628,10.53870350681017,0.19960174181794318,0.11624479578723655,0.02772865465242408
0.10486577502192344,0.16672054200323216,10.809685902798257,0.20238803390019283,0.07832164256452204,0.006701399655104745
0.0958419228108381,0.12161455143552075,10.989806258506867,0.1849987653858936,0.047174420203358165,-0.026092367031832736
0.10617935521688507,0.09445987287976895,11.060398400276176,0.14982880969186563,-0.010383425656020982,-0.05748478244565441
0.11004062104482287,0.03407592322126575,10.996484707277524,0.1032354679673889,-0.05199027602388974,-0.07710684649289787
0.06543023078246973,-0.03630126595628883,10.809515709330928,0.04066918197107231,-0.0762439426247356,-0.10090790845493938
0.02268422313813174,-0.08912592246120786,10.544432978333207,-0.01565941425754205,-0.11272704568851602,-0.10040443269623918
-0.006567600565762234,-0.12249133662784296,10.193723800372988,-0.07453764530200956,-0.13579881593362714,-0.08860434142215136
-0.05921786790099315,-0.1625163498567384,9.80061720915774,-0.12026643195853882,-0.14021689725598704,-0.08423534947761112
-0.0809764691440122,-0.1791510859629152,9.420767324946382,-0.16716573103276458,-0.13586105317551006,-0.06369855920629885
-0.10197603528616535,-0.16759351099091932,9.072700810628683,-0.1984734729145204,-0.10942829466787277,-0.03042448552589252
-0.11757460788481948,-0.16633450346996465,8.793795659911913,-0.20668323804806152,-0.07796069754354064,0.0005987992926451287
-0.11323170454005077,-0.12649252785002094,8.628592715949267,-0.18632923235356835,-0.03925665328223838,0.03422372987333788
-0.1077701574704569,-0.07401027950738426,8.544776787503254,-0.14890961522275872,-0.0017108479538740003,0.05195934953933651
-0.08533069280198051,-0.021606579002773692,8.60529296270537,-0.10676986822766969,0.04845556825495157,0.06820681125639207
-0.06745813486860774,0.02695998164912931,8.798755043306901,-0.045311813465732036,0.08291449734841078,0.09973912641368099
-0.019978278159244533,0.07947801499670241,9.076037452149523,0.013418392560787328,0.11068702497761183,0.09458505096011768
0.02331973782275873,0.11342501456947224,9.426962478119458,0.0788526412684116,0.14068809168080307,0.09202831016353112
0.038969004919825107,0.15196736486973467,9.805688211933743,0.12085724733400502,0.15078891121498714,0.06993346297219112
0.07149631699671623,0.18034321971934264,10.188927852527941,0.17782824324989133,0.14154099825397148,0.06382145609145645
0.11345812976085246,0.1766683643735585,10.544673036304015,0.18858678577271143,0.11406187149572235,0.032569196410439656
0.11535505077669031,0.16094440911153568,10.817738617885901,0.20345505831911653,0.07761971437970329,0.0014624584830996617
0.1307887246501037,0.13553690690449477,11.011229216606193,0.1839355519441994,0.039004298918526366,-0.029468593953191784
0.10698703358520836,0.07214871698410624,11.0574061820006,0.15238929795506434,-0.002059921804868596,-0.06915092249569128
0.10231766555701102,0.02619007649199921,10.998395164155209,0.10446127701434885,-0.04923302646191154,-0.0858795250504341
0.0630030431452064,-0.026727195282003027,10.841074588085483,0.04929975726601957,-0.07896800420990775,-0.09739160232871728
0.029226632013108416,-0.08742254154412263,10.543173483551753,-0.012036397090647313,-0.12579554875170187,-0.1037436746818231
0.0022295019315937293,-0.11588372135821898,10.2007204978903,-0.06997583153571625,-0.13583300699305303,-0.09643581971766843
-0.04962436489659173,-0.15314863039815246,9.815170475467095,-0.12180379303454915,-0.13593494696547417,-0.07961864186856589
-0.0861268590098314,-0.17547527929003442,9.42957997018108,-0.1681482249152762,-0.13605369584627292,-0.05367470110005358
-0.10636036873451851,-0.1634175676504672,9.077584332757699,-0.18558083181798932,-0.11201200213279858,-0.03821852542527882
-0.1132671310651054,-0.1723361547198879,8.800279483386609,-0.1990215339563554,-0.07597942269388447,4.433730316161615e-05
-0.13208422609101547,-0.12728468827626915,8.621982028949754,-0.17990927010628038,-0.03176473129636193,0.03454358776875732
-0.10542755205913736,-0.07871660610513367,8.55539204878213,-0.15082483909236952,-0.002381758288652761,0.05422969587567389
-0.09498747148778812,-0.0353959592842137,8.623783505053764,-0.10841280970132824,0.040291415260829876,0.07998953123955456
-0.05276865532489246,0.030642599323837734,8.81495792373071,-0.047115563568859466,0.08083190357132249,0.09746572735392359
-0.04631488386573189,0.07293660209322175,9.0849538899061,0.016839879194595262,0.10792923202751753,0.10005600512353902
0.0039957160409342645,0.13285999681583457,9.426160101209112,0.07510664843782182,0.12702248694605917,0.09844925077226718
0.033238455867164354,0.16888000295608804,9.816846638384831,0.13090782003752216,0.1350769984373373,0.08132313111720849
0.07198804651152171,0.1799750131157716,10.189317835698843,0.17413414744579603,0.13799536535110293,0.05714757998300688
0.10475318227916255,0.16294903936457664,10.542647468131985,0.19403233730385086,0.10925087358656656,0.02495395651575697
0.11545198966665295,0.15261064431367702,10.82885404172216,0.18476695832705511,0.07910451530588147,0.0011473285449125517
0.11753113296198735,0.13174055805313037,11.010717982916606,0.19368782267501267,0.03457875554778146,-0.03048600548667556
0.10925384030930634,0.08181689100470682,11.053833070623238,0.15148048030579997,-0.0009202477468540421,-0.06381427186456011
0.09230440687180433,0.006527497968319286,10.994951938893559,0.10155038544003693,-0.03775296756044264,-0.07804341598416865
0.053882868275217204,-0.018294239918348065,10.838722249319723,0.04240118286249668,-0.0900002039307176,-0.08879334924478641
0.03281559855371846,-0.08069600999349695,10.545501655363744,-0.016006249318721383,-0.10699316942468604,-0.10330042616596148
-0.004986914478682454,-0.13388813558163956,10.210858138750302,-0.07808137825141777,-0.13253225730727689,-0.09871642269082699
-0.04364989757579031,-0.1524576800305249,9.811654858538201,-0.13252858476696053,-0.13985598692936718,-0.08467038316656605
-0.07414561470042226,-0.18321666600999986,9.425698199289931,-0.17321796399838327,-0.12982727844824732,-0.06710020044226528
-0.10040051106382282,-0.1832790388259294,9.072824507533122,-0.19150048889353208,-0.10885862518207376,-0.02079509685569919
-0.10060521624840214,-0.1574781712748939,8.806269198163402,-0.18933457946545218,-0.06966211767978348,-0.002155912665424158
-0.12025490688199166,-0.11297457035348807,8.632041575033497,-0.1811936139274721,-0.03675497317244519,0.0266935984870652
-0.11298398502702263,-0.06865860443282198,8.551719982158874,-0.14735544653312652,0.006793468977884276,0.05321623649058683
-0.09670552158970466,-0.025201826918628253,8.61835975021329,-0.10755383670143395,0.045024288599792364,0.07901385777642443
-0.07020925797538295,0.03193596826009968,8.806049385226311,-0.04749840751300446,0.08975744019284447,0.09165691994317048
-0.03711657572733592,0.0881212535002045,9.074232045532124,0.01645643182820244,0.11083267641194394,0.10719032675994421
0.0031778637359210866,0.11727966886668666,9.419781673283058,0.07196984962662228,0.13489939917101476,0.08883457288911761
0.04616475802382136,0.1655705115082732,9.818076337230947,0.12671488709478984,0.15435672220471494,0.0731569692255184
0.08127224327041567,0.17192375816159694,10.205098868606395,0.17408009244082764,0.11930694801164123,0.06146581309276461
0.10318099153870873,0.18031924641946864,10.54113442864021,0.1996006667893312,0.111976992658587,0.03028147280852915
0.1107615204508127,0.15852525146214838,10.822970175192577,0.19982344801804414,0.08030575437949543,-0.0012032384185491872
0.1267596300257314,0.1312325446443415,10.989152847001698,0.17932068601365378,0.03821563161911925,-0.028187688142613042
0.11644262065875409,0.08259212957665849,11.052836152716171,0.15149047754081243,-0.0051105294275150676,-0.05816655353906
0.08940011448746812,0.0034952767432875724,10.999813967226007,0.0984601308716679,-0.046674738833799995,-0.08118778304269682
0.056727827453443666,-0.02680574929565377,10.82152249726933,0.04839774638993307,-0.08682207088784392,-0.10216119728610493
0.031548224793163646,-0.07665203842513463,10.536996556631738,-0.013047004250697432,-0.11450701263595522,-0.10834043657450058
-0.00878445354187831,-0.12376811148293246,10.190543451570887,-0.07662119120002302,-0.13679243275220088,-0.0985804038758897
-0.058315219152360265,-0.1612380123807274,9.801479645040342,-0.1276349813356221,-0.1298283403320753,-0.08627146508645371
-0.0791417242903082,-0.16465905237130163,9.427369235886625,-0.16772282645374195,-0.13308796632635994,-0.057360863688712495
-0.10067556857369572,-0.17528043685212302,9.059527321060889,-0.1928648927992945,-0.1079632006387871,-0.03981107984362554
-0.12408336096215214,-0.1568436060814631,8.790636139194854,-0.20549404813195266,-0.08229282027431828,-0.0021472862275236366
-0.11803940637087196,-0.11886694287502102,8.606275822248403,-0.18656279354510955,-0.03469036167954715,0.03012049508247816
-0.12216589916240933,-0.07874655785903574,8.563352164830864,-0.1509192225655708,0.007755272058933078,0.0586518353278737
-0.07998781214674772,-0.03526366093717352,8.606757486230618,-0.09777322768766909,0.04922808888226684,0.08294851642194247
-0.051967556730284095,0.008730183679061369,8.798982590619607,-0.0493813630919495,0.08042537772943062,0.09350026580903248
-0.02918094010095023,0.07797229482738234,9.088384626760385,0.017078220809292922,0.1118548960772418,0.09666250080633924
0.01319587694448184,0.13342310247669123,9.437116228881498,0.07965839865445654,0.14278524415184798,0.10130066272168539
0.027450825350639686,0.15759255415971543,9.79555273944657,0.1278603989556737,0.13612293588725738,0.07924947693923051
0.06934710096030934,0.1842057728849984,10.198658519781718,0.1755493713865967,0.1350324084609362,0.0658025445191008
0.10042162370907305,0.1789612472924588,10.536819794994523,0.2001600721709841,0.10608790102600509,0.029191869042856
0.10830873849883571,0.170649521045104,10.811726154682995,0.2063883203407737,0.083989555953109,-0.00016986255350328325
0.12527332537461688,0.12486114437046164,10.997912885733813,0.1875886327624746,0.03592409004406741,-0.03167960611164466
0.12650569152633015,0.08538822046914721,11.069826329255465,0.16476912370518754,-0.008903872559878873,-0.057694018682371596
0.08126438319141153,0.032126599426144674,11.003617916362712,0.10259037098037921,-0.05069350008308907,-0.08305293608287388
0.05525144937807912,-0.016224068008246887,10.815550115540823,0.0586421222716528,-0.08833106749382715,-0.09465229190775819
0.029044388373003893,-0.09544236049420404,10.550371837344857,-0.01048252236376373,-0.1135935445054397,-0.09234589069316329
0.002600686946229001,-0.1310028044660662,10.17832157631363,-0.06856570242970182,-0.13400746069242775,-0.08983400302081396
-0.056509195577356716,-0.15362919596794897,9.803976433612549,-0.1304437262202434,-0.14541608482537496,-0.07557094866386266
-0.0766055932639755,-0.16542917406851507,9.417137624673733,-0.16558495913434004,-0.1319676326788683,-0.06541654554046766
-0.08820146426378632,-0.17585084978395948,9.075895000168329,-0.18701433219550864,-0.11652876471336557,-0.03671810499858163
-0.13009987585568444,-0.1626866257983793,8.797106133322051,-0.20492318988908728,-0.0757298529500965,0.0011772688509381656
-0.1298067071683381,-0.12116593107802913,8.620047585882102,-0.18611310332662268,-0.03522156233718993,0.03483955900141737
-0.11391617213203341,-0.07469768045475396,8.558602243759152,-0.1636747008980572,0.003968196429430555,0.056254433963325086
-0.09484200824968785,-0.030956812339197122,8.621358612558971,-0.10655845142844371,0.0484900547145707,0.07746577078961414
-0.055450346308732607,0.03087934148671488,8.803049804766973,-0.052101775308060636,0.09432267506384288,0.10210218178985142
-0.02522752366795901,0.09123348014282384,9.076463082843233,0.013235181367220069,0.11482889631809935,0.10342934415990963
-0.00391145423537035,0.1424592102158352,9.42145394249847,0.08988585588285672,0.12963308947286176,0.10036819537308463
0.050853484300242786,0.16635816448493848,9.813213986238413,0.13743255498151916,0.1428362806054998,0.07864239008979484
0.07397757114358743,0.1781494570800695,10.2028802313179,0.16261009496565754,0.12616462878104664,0.05610678974474952
0.11296743280582043,0.17733882047679317,10.540283358239792,0.196927894521827,0.1097584128605463,0.035561958313392886
0.11186510237875541,0.16480416494055494,10.820796021123302,0.20348105210576384,0.07595268954468178,-0.001402143538434475
0.11446523124875364,0.12629749528759046,11.00811589787331,0.18360698648402343,0.03584697766550907,-0.034040154521096856
0.11485637216678213,0.08316442584878371,11.051177914581862,0.15385997547269173,-0.005338371100402386,-0.06341609390745985
0.0967807128055409,0.019616508793613586,11.013258262938994,0.10704669758127475,-0.04263233106853506,-0.08351017080659243
0.06553595152224957,-0.017860425417368382,10.810558003170765,0.041288677476447475,-0.08003371056890186,-0.09075754901919375
0.013676022887448507,-0.0909107398607158,10.541968648475962,-0.019480666577482333,-0.11098588196460575,-0.10754828510978119
-0.005983966722339378,-0.1307924323532623,10.1886697229937,-0.07440615550262647,-0.13267260877747372,-0.0919329996277178
-0.05500466549043345,-0.15963657872424308,9.827503415974961,-0.12834652480762704,-0.14122888723274904,-0.08439073417569067
-0.07671567334972552,-0.16186845086763535,9.419701956800559,-0.17335014622624595,-0.14361702258687367,-0.059758394655264335
-0.11416173055348408,-0.18115288576391456,9.071261705382181,-0.1981210837131,-0.10897295271052312,-0.03154873319316219
-0.11331522548990597,-0.16567311899469,8.795762767111805,-0.19993529291882384,-0.09034429839889505,-0.0010152101210326538
-0.12601094474803035,-0.13162941336609416,8.621944177094209,-0.1808657171526287,-0.048972913213916114,0.029550231224561
-0.12078839648243056,-0.06837612451571583,8.557372465768765,-0.15335086631163472,0.0032795948432435885,0.056628332056326905
-0.08496673985498483,-0.05057829485790562,8.62011626019408,-0.09755313239101851,0.04845467392276028,0.07809656923868855
-0.06001800043734704,0.020214978892107036,8.770495077407123,-0.051500837079071674,0.08330662999137528,0.10173183451131416
-0.03207261583767141,0.10363957171680105,9.075725713322404,0.015289568814323574,0.12329456702302809,0.10012520740649107
0.021897673033936013,0.13206259485757355,9.423871210003206,0.07349616194931466,0.13666488751070902,0.09444852050331215
0.043204981704479124,0.15156944521634294,9.818308550379282,0.13178334217959978,0.13869326489183453,0.07762637677020012
0.07885474363420071,0.17746100204934678,10.206743730554921,0.16589939323803546,0.13875944733578202,0.05666717357567477
0.10492316265171975,0.17831105841363912,10.543229900874445,0.20378619178379906,0.11863682441473086,0.027611649248269598
0.11192847519722206,0.16711399445025021,10.82780107562208,0.1910333346550875,0.08151043324247191,0.0037382066224168364
0.12332724386077092,0.1419388940500057,10.990008095125381,0.1938738731159471,0.03547978853276501,-0.03475386480649195
0.10625970050302776,0.08475571530683723,11.06613873874157,0.15341837980244225,-0.006839285277289454,-0.0700813410837754
0.0873841943691152,0.023761212485755676,10.994240838975868,0.10842890945293315,-0.05436548126457306,-0.0806621549210705
0.07285229772918891,-0.021940207452508183,10.811793663223657,0.054694358856220746,-0.08577413890952296,-0.09652992091433751
0.018836113006430025,-0.0873752836184258,10.543246855939989,-0.010035712331216945,-0.12086711848728005,-0.10292890191017794
-0.02959048488920213,-0.13560223823755133,10.207475022546284,-0.078917773533798,-0.13599975306909867,-0.09052048136969874
-0.03384270511694386,-0.1744965957867097,9.811448044293844,-0.12584308967122393,-0.13863730291053494,-0.0945172383972001
-0.05820325862157624,-0.19031737306274785,9.435700662212755,-0.16046996278598724,-0.14174644081989324,-0.050825672356479605
-0.10601400919388669,-0.1849429831340899,9.069278572923876,-0.19858566157463522,-0.11712996401951509,-0.025544116487837304
-0.13238050699521214,-0.16976731062461325,8.807111565867704,-0.18889425411449784,-0.08148188004927644,-0.0030517520788195004
-0.12204202532313885,-0.1247169858084252,8.61596207433316,-0.18336795948770174,-0.039618713675165985,0.02873194801572399
-0.1128171028790714,-0.09124251646319752,8.561802629371915,-0.15513457631650077,0.0016184791234887443,0.061372046482846894
-0.09219669167502377,-0.05322884932605923,8.622912817260328,-0.11013323346724169,0.04577919804267307,0.08360977505759927
-0.07085826094613806,0.019885588792576174,8.80402069090269,-0.04913816971280443,0.08203111852989141,0.09196355748862833
-0.022524312286715607,0.07801438486175437,9.077274359593687,0.004547628151698336,0.10836991207101565,0.09191607705682013
0.014484301244053609,0.12249194236666197,9.417815280728714,0.07319141674953676,0.13168062533615715,0.10564672557544758
0.034774956118483365,0.1725735222455307,9.81704245561673,0.12752890122825722,0.13887446180115925,0.08563026063163791
0.08419145609599296,0.17288800543243193,10.2101244957233,0.16443526440360007,0.13027594709184148,0.05949115782279938
0.11919333492585849,0.1848188095906896,10.54006113798754,0.19788842898835243,0.11137023727089211,0.03169638153627601
0.11826148532974762,0.16019313168555793,10.806589386357134,0.19839256523152052,0.08104211262747377,0.0030180709053262526
0.11685955221702336,0.1268844402220435,11.002815201915773,0.18211749919447323,0.042764707966034925,-0.02728055294391292
0.10939129356508638,0.07496425954582266,11.057350556847583,0.15134176778155814,-0.007255687299734729,-0.06928194511297243
0.09559935508259505,0.02760925769721706,10.99777182252131,0.10744232391078148,-0.055010771719202455,-0.0827080550052203
0.04810578376670373,-0.034357652004474375,10.82572066501454,0.04838784039309459,-0.07920407268187812,-0.09740711655750832
0.028475927050347107,-0.08042906752948745,10.54108042592701,-0.01782889524748655,-0.1136896817020025,-0.10080713411865135
-0.013411953837469508,-0.12922553533062944,10.194120427197943,-0.07463937172463175,-0.13912769097898606,-0.09122429225372795
-0.031947600973388265,-0.16797434827658916,9.809199043864531,-0.12909691723536493,-0.13855177914334874,-0.08980004136924735
-0.07999126411287255,-0.1698611911891401,9.4354867885352,-0.1755046537649051,-0.1264879239435326,-0.06545260460914538
-0.08942875418133454,-0.17435669804492493,9.075508991467332,-0.1955917264813664,-0.1021653750507138,-0.03422623047275494
-0.1257157282525069,-0.1639294943561437,8.788843368384796,-0.19658970531836317,-0.07769458839431036,0.0008602398694880803
-0.11486008017914918,-0.1260589336511432,8.611612326781934,-0.18243578061806362,-0.034057723644803715,0.03514649744083881
-0.10797211717001723,-0.0823178820286244,8.561113839373277,-0.15411825911891922,-0.0019600772393973545,0.0670067288233375
-0.09762967892976566,-0.03502024640797131,8.612143930625516,-0.1022829225702742,0.04695227394161872,0.07952192410897128
-0.060531987693664135,0.02880085282146748,8.786230329135929,-0.052921511825679314,0.08388699126424151,0.09928537132461215
-0.017460650731873827,0.07682116800506784,9.080352722561877,0.00957908061608555,0.11732976053858038,0.10355077321747018
0.007697908607472933,0.11977606758467779,9.429204744254246,0.07401136427836356,0.14241034890029705,0.09778660772478799
0.033194499883677335,0.14743518616892332,9.807054907728812,0.13633136812796764,0.14118975139720716,0.08072823568277042
0.07845737963061492,0.1749274870784363,10.198620517297917,0.17062359078185393,0.12713944391353801,0.05670923298912456
0.0955524703119517,0.18230718716176567,10.546236538519159,0.19277237396550206,0.10449406477748985,0.02549050863706207
0.1141470751609395,0.1547877176559757,10.82609059805643,0.20720708667650098,0.08717654008886995,-0.005746478567762812
0.11890545135609037,0.1473885475646872,11.003658644600463,0.18386177974152715,0.041925043893476815,-0.029250460256648597
0.0968821015522221,0.08873278708582771,11.039153691299783,0.16414210364332996,-0.0018475263873034514,-0.05912222427694271
0.0777520342322806,0.0385141599711458,10.996896653701091,0.10311037092609736,-0.04885044464239529,-0.08303123199759499
0.06580769129496788,-0.021874938892701132,10.825414476474133,0.04296309069450731,-0.08422274558717954,-0.09180892364500198
0.022979051857167122,-0.06696634224402107,10.541447912637267,-0.015155829681315078,-0.12055171081069477,-0.1010024066615853
-0.030806196976332384,-0.13363155413742114,10.196560864082763,-0.07651306039902032,-0.13241838744459836,-0.09964415773836294
-0.04045144878417231,-0.1809032238963259,9.816005599853439,-0.13288213732928109,-0.14581465510868097,-0.0821821307271113
-0.076418924200237,-0.1813653507735673,9.424376158897362,-0.15679746225836658,-0.13362433983501304,-0.05460374344529029
-0.108482853662583,-0.17330567328071583,9.087331789972296,-0.19255607017480417,-0.1140257234202072,-0.03593507155095575
-0.1274204443587162,-0.15913285670902366,8.80774464704958,-0.19716514880211,-0.09523447798843439,0.0011348983248408368
-0.11287169034305704,-0.12501909713968617,8.620230841407299,-0.18760586825323242,-0.041089919964222954,0.030708740652165476
-0.10773251429986197,-0.07108002183524405,8.558415630634203,-0.15585678438062334,-0.0004063990001334384,0.05504606226868729
-0.07161648268537206,-0.025023058314158842,8.598376761789448,-0.10053899476560958,0.04607983828015284,0.07948693417319765
-0.05858964782096237,0.03462818641002251,8.796116739456181,-0.0564009432037092,0.08557066851292999,0.0872745517325933
-0.02405917629643303,0.07427276010870129,9.0644422834927,0.008609697443096035,0.12445657099496554,0.10054816179692809
0.008952818800901437,0.11857238875591476,9.425498593367342,0.07403109656680072,0.13587792420890485,0.08825459705244945
0.05326440801464566,0.17333023619525426,9.811222965688968,0.13559877397570894,0.1416108675907284,0.08621182646807331
0.08359856385241776,0.17860355818792129,10.201838089016892,0.16793474778431325,0.13430596678596962,0.05824703056615789
0.11278565513881203,0.17278558841752736,10.555904929141159,0.1962299608002009,0.11517030023811672,0.027958437007230816
0.11271521932115246,0.1553738365346291,10.821061087531307,0.1996250400674081,0.08121903704437206,0.005714282403127382
0.11607489373001985,0.12202989305432012,11.017063975864323,0.1917777639822305,0.04076464195367415,-0.03614511359526041
0.1066944939130514,0.07597562968824258,11.06185961156176,0.14504482236583816,-0.0005316985293600009,-0.0625885262547081
0.09700371471627517,0.017814336489026424,10.988338914219202,0.10934660256280898,-0.05926495980376461,-0.09009992841855435
0.07393815213313391,-0.04024024620706154,10.8167746679678,0.047027239692043976,-0.07511679659412855,-0.08858543525482322
0.023490077481332677,-0.08334929706476155,10.541749591763137,-0.00969959883745436,-0.10766826205649202,-0.09063563234317545
-0.01368643206411,-0.1320789452322013,10.201008260177936,-0.07936404962533282,-0.13326870046381933,-0.10344623186039777
-0.044217583286079755,-0.15156005052751115,9.802422000798172,-0.12872157209822152,-0.1470053366778546,-0.08492850258504331
-0.08056397424253477,-0.1754517326806091,9.421344949968862,-0.1703198662037229,-0.1257761454474092,-0.05835782477378944
-0.09515542584517067,-0.17564888044447288,9.073980112388071,-0.19916138037043143,-0.11428064017223556,-0.03339597597512147
-0.13490002099520204,-0.16628995574344485,8.795143790570103,-0.20588846173520303,-0.07627843469222932,-6.806079356352711e-05
-0.12617179388890654,-0.12819110535366374,8.627670677684495,-0.18819852872686085,-0.04577060484047851,0.030397879665586717
-0.116786649952038,-0.07875929302755497,8.565130571107723,-0.15231878181192549,0.015219967617043799,0.06088787102642434
-0.10924014904593549,-0.022349952992161273,8.630511891711881,-0.10945134766572422,0.03992070388906082,0.07614886763862411
-0.06966026416570867,0.02748574837715369,8.796080555582442,-0.04967210215589263,0.08590698486210714,0.09609626502770888
-0.03448205035329243,0.0904222522781227,9.084888655175602,0.004895033034637062,0.10500597520750295,0.09441932371159545
0.008679405005616737,0.12739945274090386,9.412816780343496,0.07341438949241587,0.13414826696213486,0.09301897238927904
0.05563392821031906,0.16676010175919806,9.798892925592062,0.1339614706806591,0.13781387840011944,0.0721658837444105
0.07663739703290753,0.1738775282380317,10.186560829479955,0.17333323427901176,0.1375138145794029,0.05668415172407043
0.09452534530812166,0.16327071495254714,10.544805258906635,0.1937145933286945,0.10868436051895118,0.027953817375536656
0.11643016634054193,0.16249186438715596,10.830890267901289,0.2007046602955388,0.0846407576893336,0.0046293825465405815
0.12795154248510257,0.13302547053260194,10.99400350872381,0.1811551699395773,0.03423547399361308,-0.03128216973573253
0.10271964875142635,0.08625008051106423,11.056186452760285,0.16109063087335523,-0.005497741137404375,-0.05823759556001517
0.08339270187547336,0.03145701220135906,10.99709250172647,0.11600559907676827,-0.048441348189208776,-0.08106595525088078
0.06641954828495605,-0.031025578716933542,10.825853867955798,0.04884585249429102,-0.08308411323235569,-0.10577851099851586
0.025388512500679878,-0.08824323205509203,10.540910562938757,-0.0013705906267453011,-0.11377503914802428,-0.10998469212699977
-0.005108364716090296,-0.12292171211728871,10.19200390730537,-0.07866855095250923,-0.1307432534484992,-0.09667165013634127
-0.04683937541139814,-0.15700574548146953,9.799236837893172,-0.1350989336478772,-0.13860615140936217,-0.07945684044109222
-0.07298457305771307,-0.18228353863349445,9.419154988141946,-0.1733554514196278,-0.12852132347680936,-0.059881218644932004
-0.11105247998261711,-0.16889602837155931,9.084688128657886,-0.19524665433920604,-0.11530057732037469,-0.035137800164742106
-0.11698247987655679,-0.16740791659938714,8.79945616509915,-0.1879260639144529,-0.07700364644069374,-0.001113051359674023
-0.12124367362847684,-0.131891065057755,8.615260518549082,-0.18670226755457656,-0.03131504719432567,0.029350441703914227
-0.12025444667317782,-0.0685559001578675,8.569889151781831,-0.15726671652091603,-0.004312030714754862,0.06274512796994754
-0.10318512452979307,-0.021130863407985097,8.616497646614583,-0.11015908084208294,0.04957682747445322,0.08456879501772492
-0.05646516432856316,0.0253728085421686,8.810088401667176,-0.04232162378054132,0.08894595340021282,0.0923658941382688
-0.02996842048427137,0.08408830772067398,9.086497290457599,0.019310528548595794,0.12292284316741713,0.09975033955689538
0.002109999988589564,0.1285738762258319,9.424176850042317,0.07284024816306772,0.1379846138895678,0.09645925840039873
0.04596076958165105,0.13845241389123814,9.798011603781017,0.11946461686714935,0.14044188413660433,0.08297286235916362
0.08762203310122561,0.17054455431095725,10.214587247891426,0.16416436492561265,0.1339782635874243,0.06696988313528224
0.08452595230731416,0.17736464894822263,10.547829773815675,0.20275542220132692,0.10713606850410565,0.0306767671333705
0.1049126931510245,0.15749210067053046,10.818680146770927,0.20293043609321482,0.07700779941330915,0.005755209783876337
0.11217506197840928,0.1291996985460678,11.00646966868714,0.18562377879533698,0.03267756263304173,-0.03678628476235589
0.12221675021410924,0.09068316036019049,11.065618422296172,0.1623126033226563,0.0033472144495434782,-0.06203848084828606
0.09293799681019876,0.0255072326326269,11.009308152168032,0.11545841790825517,-0.04488100110485292,-0.09163281719345208
0.06808969453445138,-0.03669812135827778,10.815972460659253,0.047842036330953325,-0.09014261681214411,-0.09437643407643799
0.01803951407351896,-0.07919044877543548,10.547279352667811,-0.0144118786097068,-0.11426012646674494,-0.09676234105184726
-0.01924452924392772,-0.12994852493817863,10.186784281126767,-0.0781778725053889,-0.12855764067314351,-0.10785518751817008
-0.04314769134325797,-0.16166583281763383,9.815330675165919,-0.1302665538849635,-0.13497634279853882,-0.07990820854400497
-0.07813168759494922,-0.18013053565996945,9.423545194074302,-0.17723895752816154,-0.13646609067570528,-0.05568584094516936
-0.09838194451937762,-0.1598367194850085,9.07751650867832,-0.20160113489475034,-0.12648045175630857,-0.028081317308384705
-0.11838717059767766,-0.17827062657099169,8.797557959240613,-0.20809969101499753,-0.07697070935062052,-0.0058907913630209
-0.11733300370193421,-0.13032954925248336,8.619171444066346,-0.1798747868829469,-0.043790424990740505,0.0348514692396008
-0.10926236660110492,-0.08167681406179142,8.553054150607883,-0.1607754485714615,0.007199570652082612,0.05889663421246092
-0.08445516183416585,-0.034328658848122466,8.627502796348528,-0.09591697505066865,0.051883139641286935,0.08390888320297721
-0.05549509035520398,0.035435489646324266,8.810646389325253,-0.051673623796753415,0.0911302200663399,0.09450367732225205
-0.0401197773816609,0.08829532347328378,9.070815087763123,0.023010769340964667,0.12434061370995192,0.10190514766141874
-0.0076899062009612214,0.1269535013217301,9.428157081071063,0.0734423673805044,0.1405361638135024,0.10062444096964125
0.05474416425824739,0.15825193476830587,9.813457468997244,0.12101260359292944,0.14868804856973097,0.0798295301114494
0.0880996829885299,0.17690069123289215,10.196336025459493,0.17622622713949015,0.1387231993260491,0.0601274167258107
0.09460687091418503,0.17693312865591337,10.532518799498675,0.201158531151997,0.11814234554702016,0.03706634876635918
0.1020071194178855,0.1597180082580006,10.810858464159793,0.19495614166913272,0.07874329907861151,-0.0007546650612028905
0.12035043208162924,0.12571888521529279,10.992572789759722,0.1836382105845598,0.03290944467539271,-0.036612850201225074
0.11797402509115053,0.08366689637334516,11.042887962211426,0.14843945777409523,0.008323418150233464,-0.055469896104753086
0.10505805712632062,0.034105215428485075,11.010084891208194,0.10506415307191266,-0.0468170230235242,-0.07377930705534713
0.06608153718757538,-0.038078964170079645,10.824212868802146,0.04856088007796828,-0.07941851419064748,-0.0886890492123982
0.024187067853839117,-0.09019457323739469,10.544491876978386,-0.016080935102632646,-0.11836828543518174,-0.09642502199449707
-0.017433287214446633,-0.1413236825055089,10.178749356414542,-0.08436209607178932,-0.12953476701038838,-0.10679904988989558
-0.04663859074367204,-0.15348614560819607,9.795409033159853,-0.13174793402298463,-0.15216512105101065,-0.084028804016942
-0.08099199987351288,-0.1757937595612205,9.423710025925851,-0.16628973883138845,-0.13388011456487905,-0.06162989511962434
-0.11089239831612337,-0.1737292817576332,9.091032354358262,-0.1951937007268113,-0.11130331309386926,-0.030593163330932947
-0.10049575746334471,-0.17178097838991296,8.793139603464326,-0.20112359980827604,-0.0766345959335724,0.00852983840935922
-0.10527680629699442,-0.11294329304438383,8.62808973874636,-0.18995035464269955,-0.03399595344854669,0.025583161206351526
-0.10143892981190336,-0.0865181091217706,8.556160780738601,-0.1560186943028896,-0.0013827814859744868,0.07006112216851434
-0.09804410412931774,-0.02673387245296897,8.62162126870537,-0.09862204601128845,0.05043162864420765,0.07904205529202384
-0.055111002016383734,0.03507196027472114,8.808446227822449,-0.053720620624771113,0.09169538939370432,0.09129846020911932
-0.02204379015054605,0.07389342399715464,9.07250082159305,0.01792813529047383,0.12734646919382883,0.10422598438770038
0.013828607235402265,0.12296494340154161,9.418207917766921,0.07550291519935594,0.13788751914230493,0.0996997833035569
0.05672752321338945,0.16185069900786528,9.821344564433003,0.13006759076314425,0.13764277451840462,0.08409937493707809
0.08368085138532266,0.20065613051046235,10.196635705537584,0.16614555124408742,0.12546907432433216,0.054859615347298885
0.10869196896072508,0.18018041982791266,10.553461206090262,0.1923903161835903,0.11995726916623733,0.03332764592877264
0.1219810529372284,0.17319588168805186,10.815789251821604,0.19945779576960787,0.08263434945306429,-0.005256302956658075
0.12228448477758841,0.13686826318896195,11.010074039040623,0.18269313709450055,0.039246198673652484,-0.03497209869403753
0.09625843024263382,0.08459138214856564,11.062189018196277,0.15462559797708564,-0.012187024593284673,-0.05932446254605261
0.09134626956613226,0.02016595273682055,11.002298946378676,0.10795398162482026,-0.05178770745409173,-0.08505351310789824
0.05750162093996715,-0.01975885410275142,10.822324277460115,0.05888526745885676,-0.08240545306665288,-0.08986922553709392
0.01692207376540704,-0.09377414477671042,10.54068776550963,-0.012933069660239348,-0.11384774615942944,-0.10289079848568942
0.0031662907126414376,-0.11452853728022121,10.196257780484752,-0.08482885237242524,-0.14408603701794798,-0.09618054306084298
-0.03289823834995555,-0.15881728234531367,9.806459278096057,-0.12302844204334654,-0.13677724164330154,-0.08525063179032845
-0.06772411744006915,-0.1989981342851306,9.431405125532462,-0.17082668585734334,-0.13967007985097243,-0.053518843624219145
-0.10073014773544449,-0.18049547064535068,9.073643977297863,-0.18408957619914643,-0.10404121233389836,-0.03414814016182406
-0.10608080170262917,-0.15511340991562347,8.786756699208976,-0.1921317744079413,-0.07790486020057603,0.005798569750877476
-0.11946172806875678,-0.12911906901174222,8.607743964751144,-0.18782280883610306,-0.04167318407529781,0.03632858730054942
-0.10890494106516423,-0.07592725536865805,8.546186254781437,-0.14935892353754474,0.009038704817731414,0.056620406970806496
-0.09942507191054227,-0.03487971225156121,8.626123120691481,-0.10863656228294136,0.04889928414183272,0.08110203414969885
-0.058775226174773466,0.017789024006989472,8.789516722540302,-0.048008280208691294,0.0921866925530433,0.09276442189364612
-0.026677713999129802,0.08121769881914802,9.077669120841126,0.017703943878824492,0.11601928934700816,0.10272857080242631
-0.00013297469290845382,0.12758806360795952,9.424821353171243,0.08083264012506687,0.13504847605514497,0.09410590541279244
0.046320624182504065,0.15763025000255795,9.809482331240702,0.13331956659196514,0.13851405226282126,0.07876223706309685
0.0779600457315786,0.18761467507988244,10.199778484595743,0.17018228080872538,0.13314273332370893,0.058937788497528586
0.11715234440344795,0.17096976288398383,10.545997993662303,0.2065663225142363,0.11930101207585685,0.022906426472447238
0.1240395092983574,0.16285031734166666,10.79959340502642,0.19766129463783252,0.07643381892479686,-0.0004677554611780211
0.11964971702630353,0.12776663779673808,10.99623164344214,0.1772604687590517,0.04259585257820975,-0.02773780952343753
0.11251761775875431,0.06919357423951514,11.063400825072508,0.1458949409808517,-0.008490151037220273,-0.05815983982422832
0.0910309999716786,0.017527277440511614,11.011942907854984,0.11303682519481063,-0.057465448287998364,-0.07619541227977049
0.06032784473239799,-0.028141594859304418,10.834762903901359,0.047638469741527315,-0.08452476080866962,-0.09701945721579029
0.018501383847423426,-0.06593966205402688,10.533826361256942,-0.013528732316776442,-0.11376488416271012,-0.1022964143877727
-0.011496657262624808,-0.12270137977445196,10.193473440574166,-0.07798025849445928,-0.13490463557032956,-0.10066485698931724
-0.0526989871302589,-0.17422240341221504,9.797471081490334,-0.13110704984403257,-0.14742022927967194,-0.08287836489970327
-0.08860040655381726,-0.2026802504276993,9.435887837632212,-0.17374281195390656,-0.13030639223666554,-0.04887742955650737
-0.09868208055391164,-0.17190699314106075,9.083371284299593,-0.1917934489471806,-0.10947968950621186,-0.029439788464142684
-0.11375568539078473,-0.16111470034643202,8.801533460126228,-0.19997329625815324,-0.08339154293056289,-0.0028391668418367086
-0.13385181360451623,-0.11809275027134383,8.62250811352115,-0.18312144502852984,-0.046123534688919304,0.025955159683800775
-0.1115087963803085,-0.08869304522230163,8.571045048802796,-0.15127124553031598,0.0028259934836451957,0.05085745809670139
-0.08271168985964426,-0.02527781892698837,8.630869956189144,-0.1077961802123604,0.050396433933497284,0.07680172726135925
-0.053477366699589995,0.03500627069351951,8.807993114604566,-0.05531538746727185,0.08764532816948209,0.09892893431918018
-0.018954106683445746,0.07820955293787356,9.078921873512654,0.006595021827053632,0.11121272629088824,0.09786480195993162
0.010599547896976362,0.12392685370778893,9.420934930635173,0.09040089705330565,0.1350390046482256,0.09028740322872475
0.0399698384532844,0.1606194274598442,9.816136998656129,0.13623440466965153,0.14437593645318866,0.07660872146178907
0.06992829162356662,0.1821377566792269,10.2027995782107,0.17650824548361502,0.1259645690635401,0.06195429668102975
0.10552869430829236,0.17765674984900162,10.543206465608822,0.19077616897889468,0.11112703451712841,0.030411189913170537
0.11992004294517239,0.16813696318508087,10.818461251618018,0.1995339453392831,0.08564584467595235,-0.003224536308206706
0.12985680240641195,0.12352739651328834,11.007887151525406,0.18121965795562964,0.03298141605508234,-0.032527811221910646
0.11932715648308331,0.0710201402129024,11.073312928870157,0.14640802698107167,0.0016896983330700445,-0.04782069609779529
0.08961947169459734,0.043895321854768986,10.992825479121635,0.10272291894232408,-0.03903585043799135,-0.07485557973736533
0.05199750957987178,-0.033073952881639314,10.819164229565088,0.054652659157902385,-0.08667308213637853,-0.08778984012813827
0.024607948650438412,-0.08633679871327021,10.547539029977225,-0.010120292972434091,-0.11733195437514143,-0.10876048055429001
-0.008550392683282598,-0.12786196483821718,10.200164034950683,-0.0801178791029437,-0.12918890712801848,-0.09583377335862177
-0.04834686704015164,-0.15987987593382438,9.805821069126095,-0.1304176176983207,-0.14087095630095833,-0.08407358587771532
-0.08322103510705395,-0.18088981504665105,9.438796922074074,-0.1660617167894779,-0.14359353111334877,-0.05598769170215714
-0.1007487765505314,-0.17791089306068847,9.078645196758787,-0.19700405998976667,-0.11130523065035883,-0.025518470897813294
-0.12091746460153491,-0.1606630903344336,8.802979824299102,-0.19908846544630399,-0.07659561993412971,0.001720645301755278
-0.12458268218337423,-0.12582432341125585,8.635250427283147,-0.183287234682218,-0.03565565756363712,0.026623519160844874
-0.10803569660592098,-0.10050720152850298,8.556407506998044,-0.15101378469768184,-0.0003152127015796447,0.05554504503554538
-0.09389324158788344,-0.013032508453797612,8.620471899619506,-0.10439605940575299,0.045782782102242556,0.08405654943905719
-0.05999832149894179,0.02705857648101631,8.788702179199106,-0.05129022020968017,0.09044659083128123,0.09873333264253255
-0.024975169243713197,0.08643424299910697,9.073889630856375,0.011569146869457711,0.11531691817299472,0.10070472268832845
0.0011728102330295087,0.11631072753736975,9.41181733683981,0.06959938983722846,0.1267106892533124,0.09572721656638526
0.042880272086108784,0.15664932272106363,9.815982794833507,0.12103685448002033,0.14612849447391263,0.08110025306080429
0.09010009776175827,0.17241781897618116,10.199631216969193,0.16923358894070556,0.1307573424979876,0.06005237547006799
0.09347521896841562,0.18952921200116346,10.542515010909284,0.1982305010867668,0.11626735156281388,0.034397310165934385
0.09995256707848547,0.15565848362831738,10.820467853306132,0.19258498469969806,0.07197035629576445,0.003062314299028646
0.10466339228763184,0.1332875179229444,11.004912376690445,0.18666133813816843,0.03875114309360549,-0.03086794220471865
0.11076019885295968,0.0764439382352115,11.050913631304882,0.15689159352381357,-0.0015392530038002426,-0.05909535881217196
0.09092463917110777,0.024458567392620666,11.000453988308559,0.09648311770008985,-0.04756751200711661,-0.08139018665374441
0.06101026976736291,-0.030201284310906445,10.826867321420359,0.046668828840077586,-0.09147708552212983,-0.09903461999748567
0.03687432005795945,-0.07151850102889494,10.530473372746352,-0.00609296880475777,-0.12755092781427813,-0.10396510157280017
-0.03167091770659112,-0.14245435954188876,10.20175074701427,-0.07250793400605327,-0.12673805357560197,-0.09235848059542041
-0.043562730081590575,-0.17094263325325687,9.79660750029389,-0.13819582319285015,-0.13870011341630398,-0.08441398481393164
-0.06610637662800217,-0.19337478723226428,9.4227880011605,-0.1665156353371035,-0.12599389234591596,-0.05463722334176299
-0.11179410118942297,-0.186471438843187,9.065961305801657,-0.19788788698497195,-0.10616791218010566,-0.031074218845254478
-0.11992425476456861,-0.16683779289254216,8.810178729665653,-0.19602986202000414,-0.07596340564450055,0.004186490529328737
-0.12558128885140102,-0.14013872806014818,8.611922386197854,-0.18874688075055182,-0.0409627636072877,0.034170663391908745
-0.11768208764896973,-0.08752048382952525,8.546798480864277,-0.1532335996789651,0.006536767750372595,0.06306476134939021
-0.09328739698703134,-0.04419723475732146,8.622246171763827,-0.10835450038701316,0.054294472431463875,0.07857186632588561
-0.05053127434128895,0.020092973199157593,8.795419133191139,-0.04800594572706824,0.08597710915189244,0.09717746402888172
-0.012461708022632537,0.09139262524280922,9.063231592805069,0.011487618937492427,0.12512541650205566,0.10368940077388325
0.007600728441438347,0.13056424283188803,9.427935278624508,0.07414994788705521,0.12685726979078182,0.0873216284724409
0.061970682789551736,0.16191706618844073,9.794068007500409,0.12296551240598369,0.1319057613694984,0.08935810761970377
0.07888249405830677,0.16977411745651255,10.18798131518801,0.17226063062623034,0.13676827368246913,0.07003665791189935
0.11680138328389723,0.1654827422127379,10.540129819202203,0.19502562905704945,0.10671754299430444,0.03555394676256644
0.11613941347302276,0.1512317438787273,10.827689022105943,0.19140373579994654,0.08916432437723702,0.0039408895734924275
0.12060661612194074,0.12687719941225106,11.009184392305052,0.1902610552185541,0.04604278368771089,-0.028042076386841502
0.11345111506149001,0.08859271609441387,11.06882225797862,0.15208699765862688,0.0038499244116068088,-0.06046727843396717
0.11610813038178816,0.03529845824693861,10.99759445504525,0.1064755985253798,-0.04270960617185258,-0.08150454616473693
0.06876144120951856,-0.023191984089440572,10.801852777010302,0.05184454270089776,-0.09016997262888023,-0.09031094229968528
0.021502685186915605,-0.08768971695607855,10.547858389535323,-0.012682808595256757,-0.12391361928073931,-0.10486604680047354
-0.0025362592795581725,-0.12713913961041315,10.208035832882475,-0.06944162330253163,-0.12687790587717282,-0.10038184653508227
-0.049624861373709514,-0.1629880650513576,9.819870323262517,-0.1303100150585625,-0.14743814545587097,-0.08283628632567258
-0.08251588370563846,-0.17940586401470318,9.427432349109289,-0.16463518571802407,-0.12390346917123507,-0.055425626806852306
-0.09550304419115102,-0.16147439870941752,9.065752412519734,-0.1935345799247927,-0.10746318387576297,-0.0351471860814494
-0.11663711796807964,-0.17444099437903599,8.794526301002321,-0.19694822954793478,-0.07932890304420145,-0.0010385660974360216
-0.11732954619747724,-0.12910029255479866,8.636649869821024,-0.18327832605355576,-0.03714583840987106,0.03045249135387802
-0.1104154375054255,-0.07195331059903298,8.548666163722688,-0.1467647858303531,0.0064143877994273886,0.05379076553236038
-0.08798463593400524,-0.039806650870126276,8.611996624805846,-0.10205972467640562,0.046119735756672005,0.06875485552446511
-0.058551429431278015,0.02308690358716521,8.80626916944061,-0.050236461742314185,0.09269049068511784,0.09000040407939183
-0.04265653688817189,0.07755695406299216,9.071819160675972,0.011117684587055287,0.12257391558306018,0.10130439341272489
0.015620823590640015,0.1255492204932118,9.414274716053672,0.07501886835685997,0.1351326757322222,0.09750897931082433
0.0388740457183912,0.14764966753420905,9.822223769429764,0.12504303024213756,0.1369403324923092,0.08332145530126776
0.06705948915795251,0.1825586343894492,10.19995969079381,0.16454637164252642,0.13835766783189463,0.06175475465554642
0.1023045651194213,0.18310172014519985,10.541677156050588,0.1835089406673413,0.10069845577621173,0.02768553078738678
0.11755765069676574,0.16441199508314688,10.81210504428149,0.19174008288132405,0.08116710281015223,-0.004291559862091311
0.11401010419699355,0.12025988863309328,11.01519989787982,0.1952235037231037,0.043053952372593685,-0.02911057934988276
0.11717557414168948,0.08233938818289321,11.059804385450027,0.14968593620874593,-0.008229692296078398,-0.05990886207672109
0.07993989961587783,0.02088399699329708,11.00999926986869,0.11518408804329998,-0.04226286026242525,-0.0764183019956659
0.058695606620582,-0.030897656275475503,10.828420311325553,0.050037507346533915,-0.08569398381710949,-0.09322609895479951
0.02248180834706583,-0.06456151862616452,10.54056435287229,-0.014572809915232899,-0.11834541188980724,-0.09358085801197699
-0.010660940404477173,-0.12656997524887226,10.192167714048786,-0.0827706646789383,-0.12953826252479872,-0.09740594349106528
-0.044499286799854494,-0.16991753741895527,9.821570519183508,-0.1288201929696519,-0.1453687265692995,-0.07551196913142214
-0.08666102583941519,-0.17635366318143325,9.435428895692324,-0.16034641381431583,-0.1274819309270543,-0.04853351319564001
-0.09697759365063675,-0.1885857892936031,9.060253106825497,-0.18636101929374457,-0.12072298874600787,-0.03054879248204231
-0.11638178372357222,-0.16993707562312427,8.803126999119181,-0.19811520340697986,-0.07751911754144088,0.002585047621858137
-0.1346937235400672,-0.13555186311501363,8.620209636193279,-0.191039813747072,-0.039136857050483045,0.02633322793064358
-0.12619605080352508,-0.08520177747417118,8.551733414696493,-0.15775426418314928,0.001389454287850071,0.06332039435494262
-0.09077585529028044,-0.020583766945138082,8.6232733233888,-0.1099297457611584,0.04907991203905712,0.08659898595601728
-0.0637188951530544,0.0328640685734362,8.787931982703423,-0.041630959703944606,0.08516420386368624,0.09266070085615387
-0.027988162335128162,0.08597322466950845,9.071536791797227,0.02248262198759402,0.12089038941658853,0.10293075868151562
0.010064382589519427,0.1185441417449166,9.417340967169125,0.07624710326966806,0.13715513416713385,0.09648062566366067
0.04853467979311894,0.15608680996757646,9.806001669886774,0.12732813526992343,0.14220377559018232,0.08280356683333792
0.08617907912121743,0.17997235476181134,10.195699415019396,0.17755088513246678,0.13328720362767255,0.06276699138515424
0.09388301586294896,0.17274486200198802,10.536607032070341,0.1892563353095057,0.10845042539417245,0.03341200283507348
0.10751002992704317,0.15811806096059627,10.833856675199657,0.19974551330846974,0.07743862202521962,-0.0007834533680174309
0.11081156265047237,0.13075374756765704,11.002766911236105,0.1876113019152741,0.040597156032648775,-0.02681938759698971
0.11283865261769636,0.07885712040698789,11.074356504227056,0.14865443442101559,-0.004954730557721,-0.05329083127791157
0.10063687997601836,0.029887995622669816,10.997540005616319,0.10248721543724139,-0.04157452354744566,-0.08372466727849515
0.05850044110484861,-0.015495055341143016,10.816880923270316,0.04445304644482219,-0.08509480356280522,-0.09514196241171947
0.007147202673255117,-0.08316413243542406,10.558798890281562,-0.007240385527107646,-0.11373707824093429,-0.10884342485224593
-0.023920185142642887,-0.11790083579188594,10.191646765049738,-0.0656958027095427,-0.14136779889259402,-0.0921602717317819
-0.053394494859398116,-0.15594236427259728,9.80857366382415,-0.12826957479634601,-0.13522415306550895,-0.07473405250064127
-0.08305971334239176,-0.1895342818546397,9.429489136315302,-0.17114842558437465,-0.13473376557824374,-0.059993368818775046
-0.10603896408832657,-0.18658851811920382,9.06536662816805,-0.19714840838879644,-0.11602452558839214,-0.030150324500903623
-0.11657715368640191,-0.16701375954756514,8.804419114509686,-0.19947766510321643,-0.0707167097295365,-0.0010124644375675601
-0.12205212416015171,-0.13406155736288833,8.625846131160392,-0.18804758067473248,-0.035867969219390464,0.029066388254754643
-0.10213260239599993,-0.08236961982545456,8.570154602544303,-0.1534535886686751,0.008973411716642687,0.06001096815976675
-0.09608543939229859,-0.023162366525200956,8.628299710655137,-0.10360062242918014,0.049404268614145805,0.07703248241325561
-0.06884970028657014,0.03827815032293543,8.809128583854319,-0.050048299054714133,0.08509630053100424,0.0939565820942691
-0.02332979711836328,0.08425466275333612,9.074385059430364,0.013376079493986774,0.11421889123978227,0.09547720618561203
-0.0019968943176435685,0.12377010182121977,9.41682739448167,0.07434036666947516,0.1382499301504014,0.09802364489868494
0.04984773471959513,0.14375939486202088,9.826879883312662,0.1272557202739052,0.14560289963700215,0.08204583098329843
0.0794183077122392,0.17836106251008396,10.18405767804449,0.16760009326407854,0.1314869788702433,0.05655070309440499
0.10159231515094626,0.17797758343465425,10.53331946073463,0.1979601860285162,0.12117397200040864,0.031002899018184687
0.12959201152744457,0.16180842251131386,10.825792267292766,0.1906327165255852,0.07796104702653998,-0.001192140516038489
0.11458049395121392,0.14407280040904685,11.011820533754364,0.19316787121255138,0.03238603460709736,-0.025266393521275174
0.12700970464454034,0.09157207422614635,11.061516406767314,0.15364608477291536,-0.012695546827152186,-0.06105517330225004
0.0888738493530237,0.034360006255857334,11.00681507496657,0.10871687442413416,-0.05557066453900443,-0.07777847028123448
0.05173502505100508,-0.03593350002986853,10.805304821148933,0.05164712325650876,-0.08763111347338405,-0.0986590032030274
0.02772015807449348,-0.08589322003709858,10.54073520566819,-0.01786431560719663,-0.11677700138562216,-0.09592876882424194
-0.018898203844314242,-0.12809429512507206,10.181279660511542,-0.0798394318757309,-0.13094138103471817,-0.08989173396941885
-0.052744247859541925,-0.16662058180314182,9.816243287665847,-0.13400488387080337,-0.14008334460207955,-0.07542710891898785
-0.07542161584230415,-0.17379262970686402,9.411350906418637,-0.1710426727983014,-0.12761104243670213,-0.05135180822563701
-0.09832719836108643,-0.1749161510913706,9.065045883866187,-0.19065317955607375,-0.11058679351379627,-0.029355280289684014
-0.12186314427228426,-0.1690514548274406,8.802840958671004,-0.20240520679657167,-0.07888003264446093,0.006278247745471877
-0.11165891235320057,-0.11764834435465259,8.629673949447204,-0.18225681371665434,-0.04224365120159091,0.03910676913573945
-0.10126725721617913,-0.08082881918613262,8.558728255134167,-0.16480804355120773,0.011200875424169858,0.05323984990610951
-0.079186886894343,-0.04191208808379737,8.625740734663914,-0.10759462255407967,0.0394743662167164,0.07793750439957725
-0.057715849353756385,0.027826140122544165,8.80303106236631,-0.04218604750269763,0.0870686059640961,0.08765446322890176
-0.016253371729843896,0.08403891369091525,9.073545019758868,0.013469163361888286,0.11470865897131571,0.10530568144976529
-0.004758145182029654,0.1351178771611286,9.41497111316821,0.07112192091400187,0.1382631522106397,0.0875356006324955
0.04418694868801131,0.15771751358604985,9.814519131255116,0.12555932133685327,0.13983615742003128,0.07195042867955437
0.07166184019184485,0.1844198520463239,10.201176008494908,0.15466721983382226,0.13187111613795036,0.05321992927685096
0.1037256619593094,0.17926855777925665,10.55188376059032,0.18909019316177153,0.10947805956535793,0.022125945237452607
0.112314208916676,0.1498245556107033,10.823767774361313,0.20477260353303062,0.0859139217957565,0.0012722759119725695
0.11822889077797401,0.11590154383956283,10.9894726460611,0.18238345808306552,0.039368106256851575,-0.036408582601066136
0.12558471832198112,0.09062778081780003,11.065522721290954,0.15064571564689702,0.005760322935888077,-0.06730152628555008
0.08931954257548716,0.03764739233691543,10.998809596727131,0.0940077256090232,-0.04577055229146727,-0.08116306170891847
0.06526149514829083,-0.025653609146054114,10.81740934341414,0.03986754537520576,-0.08545325530653256,-0.09504740663425003
0.025302646787136868,-0.06982360827409007,10.542374478668053,-0.008373773914052049,-0.11634354607933321,-0.10934887631357193
-0.00968253593810685,-0.11888265947730846,10.19074918554159,-0.07218116869152288,-0.13153314472469088,-0.09864676783679018
-0.04668206763354297,-0.15494829497521947,9.817110750230881,-0.13533073260472808,-0.1428822712903468,-0.08122283414182682
-0.07501128971464602,-0.18508683781661533,9.412383839162665,-0.17296019460702827,-0.13109918561467618,-0.06049100904867707
-0.09344939478591219,-0.16391999187683648,9.067320547155962,-0.19429506472882455,-0.11077057260636831,-0.03246492142533948
-0.10370665068942297,-0.15605458102533865,8.796098573953955,-0.20546703533125163,-0.07732140127877181,0.005984949130834071
-0.11708119285829865,-0.13030958822431726,8.634089361416981,-0.1953171913351155,-0.0376059252002428,0.04171859333575314
-0.10581094419206173,-0.08699346189904023,8.568434244392744,-0.15376448939409437,0.006097907523105296,0.05728361929562587
-0.0998842170203311,-0.026025248657742237,8.608052628205082,-0.10280374373333122,0.04760631143047749,0.07434428744549657
-0.06265417055008934,0.01486841031059245,8.80953953374133,-0.04506244774210986,0.09340677197227117,0.09396005128341763
-0.019638485707463297,0.08738664824635146,9.086063796370256,0.018700206734759393,0.11772975536097259,0.10097142634323904
0.017215991349104252,0.11970697175209495,9.414336690423163,0.06749985278594012,0.14738431066491522,0.0948118692455869
0.04842307893939703,0.1633821896816553,9.789828333835242,0.1291330469966727,0.14018956146863995,0.08390309597308108
0.08568903391897392,0.17362338320788034,10.195693469989903,0.16846507582801543,0.13662246407214776,0.06976643893230958
0.10669798874223949,0.1756560721832979,10.553710960639975,0.19371309958634414,0.1071810116350349,0.02225190100467521
0.1264882527363239,0.1542897135008852,10.834001338727067,0.19842748850229733,0.08595158605165554,-0.0026239125723214545
0.121873026769229,0.12593304257797927,10.991854027254037,0.18199423101451073,0.03583465714768067,-0.023280153487326715
0.10768173275578144,0.09676233822474753,11.074015832837304,0.13787948518582788,-0.0018085430323957915,-0.06146033952685859
0.0933640310023116,0.03915999592624413,10.980997186202412,0.11147593164705262,-0.04845392370743024,-0.07700622758052258
0.03850640160394329,-0.025401051349334517,10.818326838058065,0.049671685168137164,-0.0833020155249387,-0.09197846328974807
0.030223887317613666,-0.08199161616804646,10.5413938800119,-0.021745468744729046,-0.11679089246441678,-0.09381556154207242
-0.03947554484347721,-0.12058192874409551,10.205489939168132,-0.07290198082986292,-0.13830064369272202,-0.08551156324864058
-0.060517908336278785,-0.15137756165819968,9.820386419727521,-0.13108006148254367,-0.14129826587479957,-0.07918427684645712
-0.07498373343490146,-0.18443489296440557,9.4313625462748,-0.17190219423124856,-0.12411999698916418,-0.0674360416084289
-0.09895162037215391,-0.17839093282615348,9.064464034244468,-0.19799127602127473,-0.1084748763343835,-0.03431954117139843
-0.12618523291137002,-0.1749206583195466,8.805629709285693,-0.19680174430720604,-0.08539188992448934,0.011018778570125112
-0.12525496984860315,-0.11823806114533264,8.625251690379805,-0.18929558977512584,-0.03387916332534654,0.023914880327213756
-0.09956299137143451,-0.06512710779499445,8.546630124917764,-0.15845261088735296,-0.00036963777945368294,0.06133414457148601
-0.09454954199942968,-0.027438857912872244,8.604643244000638,-0.10000806249117111,0.05084858413989894,0.06838114898805313
-0.04400779411153688,0.011236801990082229,8.8070326713515,-0.0489161413895864,0.08832788024850774,0.08837683086704023
-0.027176160251938655,0.08666038617615046,9.073827640226588,0.013586587857094662,0.11869846361131974,0.104434647233141
0.013552531656814585,0.1201028249404518,9.413447300291677,0.07872995969621856,0.1436203250539586,0.09525806657108557
0.059665196265023104,0.15511052927774358,9.808334624570316,0.1255056039433038,0.13579709980130064,0.07896743125501898
0.07964609917197571,0.18280895702507308,10.199183571617562,0.16746656678592434,0.13488187148930705,0.05463511255955569
0.09475310322476119,0.17980785488919795,10.544068756352216,0.19567777936244324,0.11710920073907209,0.0208347925919034
0.11600798305669441,0.15644012228029866,10.80885535374364,0.1917795086581495,0.07573093126697715,0.003378515193982911
0.11927326762405101,0.12202603296660787,11.013905100597453,0.1864019671513867,0.035627308928973304,-0.03240160622242545
0.09960938606273556,0.08265399029836969,11.068033743751904,0.14918988016099452,-0.005523870816043376,-0.06645943759810054
0.08863064437612252,0.0248037944897599,10.996137625755566,0.10994414950647864,-0.04550812252049642,-0.080802749410842
0.05601361985878821,-0.037110780058118395,10.818910485721497,0.05075505097501545,-0.09261443588032547,-0.09222672669943506
0.03455566348402862,-0.08444976749535936,10.547607464523296,-0.012251278022178399,-0.11285990132577053,-0.10100332927676829
-0.010011347248281116,-0.12461879728360158,10.187234271802774,-0.08330243233760602,-0.14139631293184593,-0.09449829855287503
-0.04899256707021361,-0.16184215254561543,9.812581411492324,-0.12936051442340216,-0.1334736502967735,-0.08065900630452381
-0.07944733768741313,-0.18910441469273181,9.413082897536404,-0.175693665451235,-0.12925906346942012,-0.0622408667244674
-0.10098687892304113,-0.16985890491409056,9.074704160899637,-0.19433352252871638,-0.10124555831622821,-0.030546207223575317
-0.11195128907273173,-0.18225548397855038,8.789380185032464,-0.21106279505491635,-0.07560372097204968,0.0037645988937745965
-0.1275558513429269,-0.13079379926765006,8.61223468277245,-0.19300063325942268,-0.04087987908715469,0.036159087740764484
-0.11886002034131608,-0.08660888949302697,8.573165780908946,-0.1470232694126945,9.45474460993332e-05,0.06280375841848271
-0.08183986722362524,-0.02689408788687933,8.621653161785343,-0.10382152066416228,0.04832624299000215,0.07757820495221657
-0.06524985158840083,0.03273017745172441,8.80038800891453,-0.0497908135781553,0.08541080156813645,0.09831402953433603
-0.0384955381673054,0.09080338050961903,9.05917739574575,0.009780303193620285,0.12154760645444763,0.10232729296282415
0.01383874391682671,0.12163629928282442,9.418952742963123,0.06984636950689577,0.12971128514134264,0.09152971800721149
0.05043715952529335,0.16510998350972536,9.813689696949595,0.12984431622297402,0.15004481442811565,0.07852807669426447
0.06635216018437276,0.1793628930097961,10.197824333096209,0.16808917110119476,0.1382017823184489,0.06210535819456969
0.10460770879399865,0.16407910688362937,10.527499326794763,0.20188243893041716,0.10979363952562143,0.037702046054107714
0.12277046740967668,0.17554931452647746,10.82292834630193,0.19856257807041608,0.08793674426328553,-0.0091468737270563
0.12255324512722206,0.11571267700950234,11.00175311579733,0.18559007437876995,0.035440436356264815,-0.022785563182289078
0.11558317115044024,0.0850032800350842,11.07027009598559,0.1460259201166273,-0.0030599841726020455,-0.05302931334598966
0.07944314816212034,0.031199198463434552,10.993578796417435,0.10386329041831123,-0.05351414295745968,-0.07995810260756535
0.06459947785073364,-0.026031788730668,10.803334693207605,0.04890669136609899,-0.07632920822901759,-0.09633654989327677
0.024739843350768093,-0.08574587710082189,10.536757399351169,-0.01618794836311518,-0.1238538453454653,-0.09804779358004571
-0.014150563511557744,-0.12071751706051628,10.187494722657773,-0.0776957817627004,-0.14155658770442725,-0.09828108877273266
-0.03976575620167914,-0.17290026460260602,9.815893671022224,-0.1272089893194618,-0.1431138699611166,-0.0817381154816923
-0.06676368615703673,-0.1783229762161371,9.401994864324154,-0.1622332162413564,-0.12521627923649092,-0.06608202743852318
-0.08841689463348626,-0.18228241929751512,9.071681582953842,-0.1934243561622911,-0.10603703324651365,-0.039525120075418335
-0.1063673396982037,-0.16576337601953708,8.810135120819911,-0.19376546525310148,-0.07833738663394657,0.011750047410687832
-0.12043602696661296,-0.12379289572778972,8.62123705433372,-0.1821884600299499,-0.034261445775708506,0.03130124546618137
-0.10770555797613618,-0.07302747351484164,8.567170534529412,-0.14754667058355897,0.003510864498628888,0.05986855683054609
-0.08454271797257323,-0.030825565004549412,8.608044967962648,-0.10871538616093195,0.049243931595949975,0.0808000311428405
-0.06098173301636949,0.03448233170870492,8.785912840925654,-0.04905637181568316,0.09382068488880402,0.09099409667908198
-0.026114687923240572,0.08218718736708408,9.086766374297142,0.013310151953223775,0.1143838169140385,0.0984646502773251
0.01687826729676875,0.12019368059573488,9.424538479957326,0.07799902527764711,0.1305225161192575,0.09553420543927989
0.04625593990882202,0.15835370806512722,9.810826194897604,0.1328056015585874,0.14229216299744582,0.0798664489942031
0.0727635867514403,0.1754004587804125,10.187326020343816,0.17043261360471965,0.13552926914733002,0.05494587904285675
0.09945607054360159,0.1721981425850522,10.54553781919717,0.19853273590070902,0.11136349636263539,0.03321494925619778
0.12195708569211905,0.16377285591225302,10.81210374242194,0.19666973928556128,0.08396454634363008,0.0008533092221890672
0.11958209984317124,0.12910004752905752,11.008315608960192,0.18972335968204024,0.038349781150378875,-0.029021330515420437
0.11324899909529414,0.06892210427044548,11.081822645678946,0.15804748466782892,-0.003450203074265664,-0.0553248876654342
0.09603793488446553,0.014867310947941538,11.00269217379827,0.1090542682738239,-0.04525891328679053,-0.08180631466988557
0.05895242490758541,-0.024839407363650742,10.816191671885013,0.0486925832581693,-0.08412524932033501,-0.09597740647789352
0.03321078673556599,-0.08831155347389096,10.524462298721618,-0.010757403145031453,-0.10755055313361896,-0.09258769801488116
-0.007257501414097648,-0.12491920902884221,10.182795530052342,-0.07973766142102823,-0.1325065979731162,-0.09979833801398229
-0.0566087057723264,-0.154169872186186,9.822438894648228,-0.1278517261257341,-0.14145981510041744,-0.09021779912308205
-0.06705944391293867,-0.1879639686059896,9.415495222285173,-0.16830478026503345,-0.12918798910241772,-0.055929199171042616
-0.10677781302034664,-0.18906371992170393,9.072301755580893,-0.20079678132958936,-0.10576700347555443,-0.03396425576444452
-0.1301265654157318,-0.14694953902384023,8.803971364827943,-0.19711347540576987,-0.07507646256750061,-0.0052982405493109865
-0.12791850319026213,-0.12441031176372112,8.633037673025955,-0.19154056554595453,-0.03576203897573299,0.03541205945959998
-0.1186956805657745,-0.08500122710998873,8.55840330463069,-0.15510802894644815,-0.003402317595388558,0.05812626980673671
-0.09025991439758861,-0.03555104253102843,8.61794201967372,-0.10546798174782093,0.03466922461540552,0.0746358748202344
-0.0641419606551373,0.024153356198036626,8.799301725259374,-0.051675416263929366,0.09193837720362416,0.10480769737153356
-0.02985545716766019,0.07226468335461736,9.070247332101243,0.014736790000144386,0.11781119851108851,0.09194652950415444
0.015245857965623345,0.13440283566236816,9.419138203404964,0.07560042404701488,0.13424649214004106,0.09464487000775652
0.04944920396657501,0.15420331558220804,9.813295040940247,0.12474262925073928,0.1434118695647115,0.0714032565077249
0.08112626520758193,0.18654462261247495,10.197753575111323,0.1726472049432796,0.14146444728820284,0.06006018385059202
0.10605048272891666,0.1745663905269363,10.561784407818015,0.19032842049729753,0.11787891350614288,0.0276119617890275
0.12181488001426795,0.15199819101406495,10.824782033501767,0.21092626854414112,0.08375874263910564,0.0040078598394916705
0.10269452677935229,0.12381246532331178,11.008029809753689,0.18474907780089322,0.03492244866738612,-0.0310728013056704
0.10761181326223275,0.06065396763659295,11.051429718586215,0.1471119667319522,-0.00787188713702949,-0.052097072830497484
0.07323562043092946,0.02711337029645807,11.003021903689177,0.10074507771312573,-0.05906381110645176,-0.08310226469541593
0.06223963602514503,-0.029597836518344318,10.815487392195871,0.0537596366642479,-0.08239448714110155,-0.10315568855721678
0.0271237376487353,-0.07519132007114748,10.547895191471971,-0.016369778055644255,-0.11007377529275567,-0.09881238056100711
-0.0019239840434447826,-0.1424259776935091,10.201779359753624,-0.08208645813398162,-0.12840348899215942,-0.09634104937173334
-0.037229125935269496,-0.15112239392415397,9.810398950751978,-0.12457497371190168,-0.13656315206942665,-0.08994593978884541
-0.07697568185641288,-0.17123155154676487,9.442987362803096,-0.17188520208805322,-0.13259823190100767,-0.06398379406175571
-0.10677474368946516,-0.16775507337550577,9.086692272787275,-0.1908821054582341,-0.11363264498645761,-0.034503167517457675
-0.11300451376988385,-0.16076676349103744,8.808146719693957,-0.19480856654218714,-0.08307446375555091,0.007865431189157767
-0.12378149461216643,-0.11911170335460153,8.627293644170027,-0.18392415422350433,-0.04017320107737678,0.03452309837198572
-0.11053846049189572,-0.09341725413586127,8.574106886541841,-0.14098890047847712,-0.0008011981473036453,0.05711143591156709
-0.08278821041116444,-0.022375138388225888,8.609683600251286,-0.1142904990088722,0.05591155802464724,0.08330804375775354
-0.06641332737867917,0.02206758089250157,8.809691021975237,-0.05211148471711753,0.07905019674519695,0.08493566737718665
-0.020715372312591317,0.06857804738414601,9.067338480138396,0.013044269784030048,0.11463164489561452,0.09717543027040143
0.015707453191299355,0.1183424141243258,9.419214044078748,0.08657350673787038,0.12467328715596221,0.0970832388644795
0.03909186653998442,0.16046157392009103,9.814491139552443,0.13783354979804122,0.14142307873230114,0.08167652191393945
0.08638903526817004,0.17120195224100498,10.206137004292774,0.17625078698613122,0.13181597906108594,0.05601011195180999
0.10836038583326134,0.18078001013866177,10.535502952312127,0.19017858331010082,0.10902730590871013,0.030625964629421253
0.11770120976923074,0.14587909204297309,10.817170883947247,0.1960988229716158,0.07428372344494806,0.0016020282864070686
0.11345956584935082,0.11020609767849804,10.999600901948941,0.1811536717418456,0.03936838600949031,-0.03103265267497724
0.10365367113174223,0.09262640132974724,11.058509071962435,0.14905130301669403,-0.006810237572256234,-0.05454509194091712
0.08637600033162277,0.03530991994506544,11.005652901858824,0.11313030958057813,-0.047816127146443725,-0.07936018455895684
0.06629191231710058,-0.03663125767660968,10.848758663896572,0.04680289872378136,-0.0757749045009338,-0.09257676442433814
0.019515800087314752,-0.0818132591913012,10.548086131033768,-0.014881510630278734,-0.11475602520060144,-0.09143218688499101
-0.006788144252807484,-0.11917948178803596,10.190389671463365,-0.07139570516022116,-0.13169004318324823,-0.09094073030461094
-0.05666424530806323,-0.15706371994473575,9.799627933354882,-0.1371611773177071,-0.1422626283042131,-0.07214484815005455
-0.08023043091794066,-0.1766105611372777,9.42112672572264,-0.16954410354281482,-0.13575007515824594,-0.06206646451242981
-0.10189467303369656,-0.1690101892345949,9.0677464355462,-0.19963356165719448,-0.11092604624415198,-0.038779574654305024
-0.09732476150977785,-0.1661906922846159,8.802469155367143,-0.20095847127325966,-0.06642800975083846,-0.0006128897164025908
-0.1305766787577351,-0.12697345043810926,8.62479552771735,-0.18822857538734475,-0.040793215306023485,0.02985788756574687
-0.09875120274842888,-0.08179009096294862,8.556294654363802,-0.15615834118706284,0.005895122138999694,0.06614718248747581
-0.08947856163494956,-0.030261615291224217,8.637058994741324,-0.10453887751066826,0.04298979512415626,0.07530347294511022
-0.0586617812666383,0.025118438897931285,8.792845178477378,-0.04691566732880011,0.07178569431851381,0.0947385719741865
-0.026214018119428206,0.08237220794615398,9.074312986091185,0.013224916860875608,0.11166775462040066,0.10202585765635587
0.013846056787327019,0.12761079823752938,9.428842058358443,0.0771210608097921,0.14625792685988678,0.0955787744893584
0.045500720242138755,0.1520299036707835,9.817136439150152,0.12450046474326786,0.14291725589943452,0.07999199214576655
0.09023028369408856,0.18421071318594878,10.206491855141008,0.1732152619943565,0.14003251861513988,0.0604997349473615
0.09912008591649019,0.1699603402229659,10.548159537197508,0.1931182079030413,0.10907264650224978,0.036212993444638186
0.1259436792476844,0.15859912492662495,10.829678544575,0.19706807885977792,0.06716348425631094,0.0075902131189567595
0.11440321655186748,0.12486063424566003,10.99349977999272,0.1813226778590303,0.03381253181423526,-0.03082183333685774
0.1100453045091375,0.08451213075787581,11.067344655682804,0.1517614501545672,-0.0021028093169611836,-0.06292934049350557
0.08210160052852689,0.01112668738811913,11.006058478570203,0.11501998282843154,-0.04594371839492529,-0.07328102463792696
0.06559134637354141,-0.021109604469869824,10.833374336366699,0.04770516549024078,-0.08561417349341881,-0.10052113401016509
0.03872180908194073,-0.08720518482443074,10.531384077427756,-0.020046037487771916,-0.11826815634224416,-0.09104706661056576
-0.010907091680330699,-0.11757583191142737,10.189013778043881,-0.07067354376090909,-0.12965580078910133,-0.08835758514484329
-0.04830528666666498,-0.1642426442071881,9.81658512775496,-0.1312031796264927,-0.14244703779581552,-0.07340264642481632
-0.08751481794697132,-0.17818709459261697,9.4025178411923,-0.1683885376273959,-0.1302888132590596,-0.05527993840146522
-0.10460619629870577,-0.1624611335645489,9.079204484024757,-0.1971775057659617,-0.10983461685174756,-0.04137995549076841
-0.12962815674802083,-0.16256369815335722,8.807207192430807,-0.19308253008975257,-0.08079015199191314,-0.005107089918227935
-0.12686117740732242,-0.11731207895003412,8.616568352650658,-0.18825027070077585,-0.043762557086746756,0.03252031047760243
-0.10871303091147522,-0.08133494117208732,8.556558479999104,-0.1459791475640143,0.0019512826885657126,0.05547187673277721
-0.08012519536491833,-0.024756168267511796,8.612586255853127,-0.11091308946684768,0.056499896613094854,0.07937729571670371
-0.03947746972093218,0.028796551704584464,8.794556380073429,-0.049486266269344256,0.09112429382685105,0.09819700768061516
-0.031853482107096924,0.08857207505393269,9.071327886618713,0.021323998736586476,0.12071885493647162,0.09915008940099825
0.021770643494926096,0.12185128536681804,9.418266026835575,0.07610851021873902,0.13042206068924306,0.08898315894781558
0.048680220920245695,0.1525449366269045,9.80409857457769,0.14020086715656044,0.1327518580609763,0.08527793394765414
0.07738790106846109,0.17268773638373003,10.194103204689597,0.16846163040297304,0.13731036868866406,0.061281406557095554
0.10623261068409938,0.17856910489568772,10.542466730840347,0.19543441727863442,0.11533509397915637,0.029572525575177127
0.11738113453968951,0.15857844219860145,10.836264298167567,0.20901214303071183,0.07963388465850951,0.0034678166833689737
0.12044131931846964,0.1329050770391926,10.995667164223997,0.1777268558338355,0.03750337739363308,-0.030510634058648164
0.1072606539777328,0.09208515545516859,11.062753201729535,0.14477968729098836,-0.011407656393362123,-0.05219330576345936
0.07949242366845506,0.020272812211971452,10.994205581637127,0.10168924565814888,-0.04279478547771968,-0.0801976556806083
0.04960215499058683,-0.03410847332221312,10.816554476761953,0.05208859778812454,-0.07963137893569575,-0.08851332844358357
0.032386760492780796,-0.0932791773900328,10.531096601063744,-0.022373275723710114,-0.11901237342251685,-0.1093682247330175
-0.012501842962446994,-0.11109255434356823,10.183700312986225,-0.07228239381202023,-0.1381673772268148,-0.09278216685337846
-0.05149891227428065,-0.15797996881808246,9.800344013762825,-0.12621000397508617,-0.1337349948007668,-0.08283894936536615
-0.07852983722864072,-0.17395792734633167,9.425198331709458,-0.15973538148314617,-0.13503721992434156,-0.06300214762304991
-0.09641239704696447,-0.18849308896534367,9.083877823876692,-0.18892177838626864,-0.10191595663762565,-0.025025002393050343
-0.11544289112603838,-0.16035435239506,8.784435440816166,-0.197666145482979,-0.07949289856442654,0.004533951396534916
-0.12480659300669975,-0.1231488941521199,8.616786740220281,-0.17850080724178283,-0.04128888536588508,0.020953485928672723
-0.10071697563515772,-0.08366936338088268,8.549064874325198,-0.15027391775133045,0.0043134731282444844,0.06242758990211246
-0.07804381692299366,-0.019473873911242286,8.61906513787799,-0.10796713681733376,0.04519862902779067,0.08392443534042489
-0.05799470336818176,0.04673153199444238,8.807334912980965,-0.05374476322600431,0.09119311644226251,0.09151760924319835
-0.01937149333577952,0.07421275942677662,9.071693375421521,0.011477191788582865,0.12004596197793696,0.09582344109132561
0.020223922216277286,0.11915884030183337,9.423348621253743,0.07506726972210327,0.13979491068687264,0.08712538584644415
0.05577099560827252,0.15339527628683225,9.821641827171149,0.1297186294742857,0.1408629031292809,0.07916198089577442
0.08351067565933111,0.19064593918687753,10.199934450412742,0.15913135465872702,0.12954612511833016,0.057819454989795835
0.10755863144688789,0.18611026442133308,10.53865083051904,0.19305140133921,0.11076593763976982,0.03480248919186956
0.12104308725702281,0.15926076994065202,10.822542565255391,0.19962930551821445,0.07681915581724129,0.0012583875853448678
0.11077945211719518,0.12751535534262567,10.99220025327773,0.18803415914194338,0.046689059397460445,-0.036285409950661124
0.11613310453522385,0.07511495284702613,11.063363856101889,0.1611024418694306,0.0009234354968090594,-0.05765574010080963
0.07983078917783513,0.03519973617180083,11.002943366601528,0.10659505422142594,-0.047589403033895396,-0.08222392220541415
0.05559436096976526,-0.031276097582166255,10.810333965364713,0.04347391995952351,-0.09019442929437924,-0.09980709784480853
0.037589321968998196,-0.0838698743591665,10.546132760704714,-0.02341441672505348,-0.10791271283904008,-0.10794749704500332
-0.0035664809402051294,-0.12246522009740425,10.195330656904774,-0.07183258430426442,-0.13367095854539435,-0.09195424529431073
-0.03483101475954832,-0.16192128431572575,9.81435741917738,-0.1331889742449231,-0.14059114172679432,-0.07861765463456254
-0.08077127731192749,-0.17967607385472806,9.430379533439487,-0.16547314776335298,-0.1240796340112777,-0.055923047539925004
-0.1119898458005023,-0.1776868202408633,9.079088031467435,-0.18716210225301663,-0.11336100174379975,-0.03445872745753684
-0.11880930024681172,-0.15398214917266215,8.796303210204307,-0.20720677050036407,-0.08054227428174816,0.000943913547659981
-0.11874190313564705,-0.11405093342354941,8.628645994797969,-0.1825270091237502,-0.04050987157342592,0.0241090486388022
-0.10989540954962758,-0.07696341199863296,8.553015497789518,-0.14650532540520353,-0.0024949127360267666,0.053917197666273585
-0.0816078571167948,-0.021653005120863135,8.610615178684094,-0.1005715899178,0.04871046452673767,0.08112235610713563
-0.06484132001079436,0.026638050492486912,8.773166463554805,-0.05850363152531648,0.08175033078712944,0.09644473192809687
-0.024344525652104723,0.07612687913818417,9.074707307020523,0.010055759583086786,0.1127633026185072,0.09185587134644461
0.0023792250462873685,0.1325674281275251,9.417156385515367,0.06886673656608275,0.13083220182610933,0.08979053839792367
0.05033273930138454,0.16178725140786365,9.813182035808586,0.13146090122326964,0.137004953409291,0.07902267620154432
0.07862275064391842,0.16641531671674856,10.180501423816366,0.17187396576659206,0.12763332528979124,0.06349948634587728
0.09677334836401487,0.1751468648976898,10.539554136958415,0.18065974362412857,0.11204732856500534,0.026751991525742543
0.1149991677728514,0.15968181629515057,10.825033402215604,0.19798223856382832,0.0781696743126666,0.0006143621768196243
0.11808474754144999,0.1231392150911936,10.990581956198149,0.18930007106925134,0.03959611752258912,-0.029758906170967006
0.10836607824565139,0.09350118661294037,11.063274053988904,0.1537083174130222,0.007681007260130637,-0.06009857085414948
0.10484803088499074,0.031918231205076926,10.994364464608411,0.10639812114170254,-0.047909593605102496,-0.07961359491759615
0.06116358859230486,-0.017251483646184812,10.821008776490476,0.046196765907172734,-0.08253731639933867,-0.10185755079930438
0.02520963254511732,-0.07968185995030577,10.549492829416984,-0.01961872451241521,-0.11202316328337757,-0.10327889681895118
-0.02706784990264406,-0.1266844355782422,10.203893619153622,-0.07535291821428527,-0.1346686623449386,-0.08790646268209272
-0.05388385989286865,-0.1679101073519402,9.810739939290595,-0.1285830701913571,-0.13857130876808554,-0.07332581587197308
-0.08070246963807802,-0.17770090964117213,9.41721667467233,-0.16673106004749264,-0.1317244066585614,-0.05449228895494676
-0.10825867647970348,-0.17766699047969137,9.071604123735364,-0.19066670339235386,-0.109798465698349,-0.025315544340306428
-0.10583214192322754,-0.17128190355527773,8.803824399936016,-0.19905708957465149,-0.08188022372183709,-0.009041040043044126
-0.12087765571674161,-0.13153909778558595,8.613009325963205,-0.17982193009462247,-0.041827133379449113,0.026242389947668535
-0.10021976528580265,-0.08423356264473597,8.558575467226879,-0.1548430607975819,0.004172544388594802,0.057294603877140686
-0.0901836638744427,-0.02477168255740523,8.618092281844172,-0.1128869093935941,0.03727226948035761,0.09303190474046621
-0.06165333391939056,0.03192768388518783,8.797901862764766,-0.045636465993666324,0.09304241845935222,0.09356754690395483
-0.027871173008230644,0.07713871418780881,9.067194174400404,0.01495591757899728,0.12642120137005675,0.1037244823242573
0.010318612254733312,0.13108649508997652,9.408913202213594,0.07775229667323018,0.13520613052274036,0.09697012211071177
0.060480561101436806,0.15896069337627383,9.814165940927705,0.12252128070612515,0.1432676503120656,0.08263025768561447
0.06004099642842163,0.15483938570790634,10.203984294356605,0.1787613130922175,0.1372331859601238,0.0585892395636415
0.08675948911478024,0.17389380562948287,10.530394165705603,0.19770171508214887,0.10418790897901598,0.02481734113894508
0.11254043602180074,0.16897690160414378,10.824222652256084,0.19804641221547223,0.08358902950151977,-0.013594333804581187
0.11967437656907252,0.11376843197440274,11.007486108687694,0.1806192061877242,0.03722387785938032,-0.02457665696395673
0.11604815467846126,0.08254883145993112,11.0647672883741,0.15835420450906562,0.007365688026906308,-0.06193260065681806
0.09446199853107076,0.04076160862334532,10.995487283939553,0.10015793763388761,-0.04807308554959713,-0.09028926108324734
0.05887718930771972,-0.03432178661338411,10.813723272010686,0.05932855846471979,-0.08102114339466611,-0.09294316167147207
0.035313150972466,-0.08177206940010724,10.545379390000413,-0.017390044506545514,-0.11650897593186091,-0.09790601378079625
-0.0020466790165385006,-0.13776766832746346,10.1982535234395,-0.06666511302180082,-0.12337091544146414,-0.09123880041203103
-0.04525773842685793,-0.14739947567774786,9.810766460089305,-0.129765906372893,-0.14250205551100537,-0.07527106187297054
-0.07089662166253567,-0.17846300692271858,9.422287679990378,-0.1619035991050596,-0.1260024536732349,-0.06330182452772652
-0.10059069296283196,-0.17739840714274335,9.066607220841442,-0.1978235455479627,-0.10767786826464851,-0.03519241382341843
-0.1213776668845124,-0.14951058875896064,8.802110263361806,-0.1993922147777345,-0.07692608996677809,-0.001505002104834831
-0.11397561880157146,-0.12193105087025448,8.624946190586359,-0.1812727252666911,-0.03821103982632138,0.03509407029441555
-0.1096424142997176,-0.08865233171657334,8.561606577003694,-0.14965805177341937,0.0007528705337000443,0.04833691675647216
-0.09066658217281143,-0.03325774230255336,8.622067303791626,-0.10016297737590966,0.034201506147439345,0.08159472678885105
-0.05016752803324879,0.03219633342548474,8.81216275293327,-0.050459094914769353,0.09093401505283129,0.09979357589888974
-0.046767778454847204,0.07679629360303258,9.070273404357847,0.0147480616713071,0.11317271572834248,0.10445424306123213
-0.0010532311195107016,0.11039759177268173,9.433980237810983,0.08150958197482777,0.14020237994152834,0.0986210698936231
0.037233637666040584,0.1599913984219476,9.804127804246226,0.12531725993894174,0.14169879326538898,0.08616464298318739
0.075691797061879,0.1659546446177469,10.205142847552322,0.17267003795475203,0.13782918151497295,0.044970979148750805
0.10073498971216008,0.19070167591360562,10.554598505766212,0.19305340181494088,0.11482072027745652,0.03888484873793911
0.10482719748806467,0.16175929358511174,10.818926833341443,0.20051576720338118,0.06662416387270415,0.0015635105307154201
0.11167688925508559,0.11998147757347832,11.01210834980141,0.1857192229996213,0.04243055491279432,-0.024312613015743292
0.10364058585215895,0.07605824253930152,11.063752287093969,0.14902702170297505,-0.005806310550255272,-0.06472328411010009
0.11033669368345532,0.012964338206865387,10.991802465839825,0.10436332058358869,-0.04130673176326743,-0.08972282933133736
0.07636509219274368,-0.03703257808354046,10.818277990213595,0.04874639560114715,-0.08260601703483803,-0.08620107835145785
0.02386680608505722,-0.07365867642319966,10.553793663814488,-0.0148376398006052,-0.11260206609023052,-0.104632569999239
-0.01319690856421896,-0.10948124910570542,10.203655760583697,-0.06740395934586421,-0.13571559320165902,-0.09663250649260222
-0.055923833054540704,-0.15460615270546765,9.80153567678898,-0.12379375966345302,-0.14450333538634963,-0.07821236717964788
-0.09386292554823059,-0.1785326862157133,9.422614698533819,-0.16835743015669136,-0.13399233240472547,-0.05484245937988759
-0.10370689656155585,-0.18122709689032745,9.076896618496658,-0.19796493392742662,-0.11981071898456483,-0.02542542381575734
-0.1248686185362025,-0.16799695899161363,8.794667920318705,-0.20360651212995726,-0.08189935844782804,0.0012054450741100715
-0.12023695776686781,-0.11074475083270316,8.640041752418059,-0.17542741674114354,-0.046676872329245306,0.025714323258842504
-0.12332896607269583,-0.08315729147151787,8.561869309947243,-0.15801786463726222,-0.0031007708966077126,0.062383274888053446
-0.09677309661332663,-0.011154480269348524,8.620684857103845,-0.10509748845344047,0.047714181935745434,0.0845664753903975
-0.060762139848339114,0.03938503906618511,8.808255565385391,-0.046216990769011285,0.08823229920804693,0.08605779232055638
-0.024231124644257532,0.06786289059276246,9.072346726355702,0.012767401549637215,0.1154579438791861,0.1070933850344082
0.013628017911699396,0.12200791910356883,9.431788177916244,0.07025662027194662,0.1318604267364253,0.08264288390663566
0.03616628920377686,0.15506496381766788,9.79665814083531,0.12491905425250074,0.1352032636146161,0.08602171856493021
0.08543536808351196,0.17715757499389884,10.192642010598679,0.16707480763763757,0.1302419326480498,0.05553634284104193
0.09637016149747218,0.1772889078601864,10.553124128712563,0.19060173866833968,0.10670014247077228,0.034345052696497486
0.12194866598710692,0.18431490524619343,10.83383282473336,0.20612499863637312,0.07863348606449608,0.0024624567893467147
0.1194730441006263,0.11860505503162437,10.99263427966489,0.18525084195018324,0.031748417961155066,-0.031171482118665335
0.09951621928772494,0.08347906134191972,11.05288142691025,0.15034943195116457,-0.0005813452311511937,-0.056594678528629885
0.08814771931020038,0.03301158084960301,11.003360216811922,0.1062015767635406,-0.049966943309983934,-0.08138593838546297
0.064874066547273,-0.02824945902505627,10.816286971809339,0.05136151386723135,-0.08368077000911424,-0.09156321264363652
0.03206452447032709,-0.08090781742128005,10.542582942023557,-0.016047118337339492,-0.11118080130190539,-0.08907360201556452
-0.01141614542131734,-0.1356940094240945,10.203282483166605,-0.07075773261895184,-0.1327150248134619,-0.1017844569226118
-0.034475969952223545,-0.15956543525423614,9.80564718254713,-0.1351992713193143,-0.13594467047782036,-0.09679037202165248
-0.07053779607453917,-0.1737051539373511,9.408005351019018,-0.1639508144885805,-0.14216109392414153,-0.06078526401605689
-0.10482508800148788,-0.17515061721092612,9.064859759149563,-0.1941939647126919,-0.1132755409954265,-0.03323763478964555
-0.11088482817315416,-0.15578338525170776,8.798808401717087,-0.19972645842922646,-0.07343225644115188,-0.001799326639835967
-0.10408780563206646,-0.11592201482233394,8.606271969443284,-0.18876154353987146,-0.03680992913996994,0.026353674604497584
-0.09484344247408216,-0.07415156952128248,8.557622716661623,-0.15910768810946377,0.013330249449943592,0.06321228257154315
-0.10050129999342623,-0.0275091620018729,8.610042582501109,-0.11400014622327372,0.05565369009944663,0.07404704782898712
-0.0693634215000212,0.018862816174234565,8.811848269086237,-0.0518356176855078,0.08706001518277794,0.0973868423050951
-0.015281451132660747,0.07698921984584023,9.092589575392516,0.017262385910061205,0.11435701818563644,0.10319228891542664
0.001821993835059604,0.12557848905430113,9.415263180212543,0.07046124698330611,0.12956218565778155,0.09666059150464082
0.03614987201069735,0.16243609146178828,9.81205406944025,0.12110129651890833,0.1375612615981346,0.08328535676109186
0.07470832919683312,0.17396968381474898,10.188588013112645,0.16526200609496652,0.12978666306742753,0.0634532289599701
0.10613366874608587,0.17028555629162062,10.542257040549144,0.19222503642630873,0.10784501171499941,0.03108533170136093
0.11606662901736065,0.15083940297004267,10.835698997592313,0.1977588905571562,0.07435595103639334,-0.0018209973057810894
0.11435364455032732,0.11401345595498094,10.995087136987117,0.1846520073763342,0.04136395976916271,-0.028554017181010298
0.10513361958655346,0.0797676962264115,11.057711700302104,0.1581314691871648,0.004395265268534357,-0.05584828053746978
0.08497860443154544,0.016322195373291867,10.991280411231124,0.11191305873465604,-0.042465503858458827,-0.07650529000230116
0.05491507958149355,-0.03624108846255801,10.830440757990015,0.058049046867707566,-0.08717415480187517,-0.10369493057593887
0.045413864444741305,-0.08494047702628188,10.518625431745429,-0.022448556390540136,-0.1105467670420561,-0.10091761842956422
-0.00790815367228177,-0.13802287674477778,10.192728864396415,-0.07954705869651962,-0.13262112488892389,-0.10040510340655645
-0.03963612864179796,-0.15737930730307087,9.809632911246913,-0.12535111166223817,-0.14014382618049484,-0.07804481624889939
-0.08251050198738108,-0.17187456139789994,9.41844013839252,-0.17207748872678544,-0.13234351123810922,-0.05507334682464025
-0.10425950848777692,-0.18216683804329892,9.082176798696281,-0.1898452706645836,-0.11181095836685022,-0.032189568695862876
-0.12259423452121351,-0.16384121094388165,8.808344975303065,-0.19845082951989318,-0.07569230916140689,-0.0035578256726347345
-0.1407718201929252,-0.12292343986630667,8.609883038528018,-0.17740045086736056,-0.0386577264201642,0.033970687048769474
-0.1215513934951303,-0.0873592626344781,8.576747893230166,-0.14775485688723605,0.0004458191342983117,0.05818390014056866
-0.10516225038669111,-0.03434139020263459,8.609793284036225,-0.10036170341140552,0.04324752715410694,0.0880860284190108
-0.07994942683437906,0.037808870814787274,8.809037802484704,-0.05008109238423153,0.08709157441693069,0.10399773204723359
-0.03672367322091889,0.08886276395322802,9.076467056222654,0.013836715577203782,0.11776016735847517,0.10500351606931588
0.02088788767681117,0.13214793828838906,9.419699148254344,0.07374137180698864,0.13278871600153172,0.09624154899967895
0.046374711735399844,0.16782248178221232,9.806725064562583,0.12131407672928574,0.13428027631207945,0.08997751481287339
0.08892239234099811,0.16197811610380625,10.196003140643379,0.1771661789266368,0.1380827231952984,0.05991049413422894
0.10605971568549485,0.1886021062594409,10.54639890826047,0.19787613955804528,0.11600428072454534,0.028421535838000462
0.12314627327597011,0.16348148941567708,10.81391000815768,0.19776126105006359,0.06901075727023356,-0.0034652164193310227
0.1123509775511351,0.13530912909946657,10.996949125707516,0.19181943445484523,0.0460539914481154,-0.034503377186393555
0.11471892691388925,0.0847445960895333,11.05383461741658,0.1498165992231651,-0.0051328121088468235,-0.05888196046220788
0.09650701481944357,0.028470917507299395,10.98910024915236,0.09647611420192587,-0.04618185229947156,-0.07863826102758231
0.05733797827289193,-0.030439356688201576,10.814732749349007,0.053058583105222185,-0.07987093921026432,-0.10220875147391716
0.03163712439145802,-0.07885210702844346,10.535531768304022,-0.020716820972634317,-0.10735421734691715,-0.10224459046397975
-0.005758740173164968,-0.12982952154087998,10.192910003666688,-0.0762465164229539,-0.12934005279788982,-0.09401400689970003
-0.05112662204607415,-0.1534743160105378,9.813459799243772,-0.12781292224361482,-0.1387351519310579,-0.07763150903615638
-0.08758002970060084,-0.19048799906316402,9.42469443986471,-0.16788000592547023,-0.13870610104138553,-0.05883650644172531
-0.11224488172547688,-0.18210402877944895,9.091063192847681,-0.18990719773281248,-0.12094241679682959,-0.0295949646209324
-0.11619375833487838,-0.1439864064951902,8.781045132921557,-0.19658213953913004,-0.0745568450799732,-0.006104097797797456
-0.1169420745632573,-0.13223152173600122,8.624934082360777,-0.18254700928473602,-0.03264592510282682,0.026426935685749324
-0.11686752592401171,-0.08355677164111197,8.560051361908195,-0.1569221963671847,1.4708817990004286e-05,0.05854580253911134
-0.09046461821624086,-0.03514016637666067,8.62770471737002,-0.1041955687578658,0.04578288787591221,0.083506450684343
-0.05738686032166052,0.030923648372379712,8.804460478665764,-0.05554948419101777,0.08277572506859268,0.09628948323739478
-0.022215275709207543,0.07589914292239383,9.073948500633323,0.022134708299316328,0.11269741091261656,0.09575583889333117
0.02270328320274225,0.1258506507911858,9.425109967310151,0.06825481497574086,0.13972918514257687,0.09389545200169637
0.05694604773461664,0.16720825709933837,9.804047446296615,0.12711133825375023,0.14103217008957897,0.08840883209634547
0.0705875507803744,0.17220623855622602,10.20118068280347,0.16321296145402298,0.1306820060528954,0.06142818384431449
0.11624054474659422,0.1840803108392168,10.529700556948614,0.19049837158450267,0.12409885777945867,0.030004840073293106
0.11263799063380406,0.16692282700748712,10.827485854477873,0.199553538747628,0.07177553528005917,-0.005217698045752432
0.12791713601320734,0.1356625267851778,10.998635257815044,0.18265268142496696,0.04209563223902958,-0.03455272495983631
0.1110712122887576,0.08277162981595018,11.056103503697353,0.15868966874763174,-0.00933282454803971,-0.05881715991436048
0.08738010591919028,0.05400959152566616,10.996960379773364,0.10680129162401024,-0.04791897205958314,-0.07957395961539569
0.04748958173256422,-0.019800613416964652,10.81999767309198,0.04570718569461533,-0.0848188625882117,-0.09230514955097911
0.025788285344800422,-0.07919024104827505,10.55510999544945,-0.014991929456920261,-0.11139393268188526,-0.09806003290419736
-0.02276330812421272,-0.13434293358230193,10.22213919227464,-0.06916913680956081,-0.13566028869892396,-0.09692944378077935
-0.038991807190295213,-0.1611937978180547,9.819758966593183,-0.12429918303111671,-0.14177504491479478,-0.08340516487892162
-0.06646354098531694,-0.16638573009154556,9.419206150744193,-0.17550118711923882,-0.1332233230989391,-0.04847194826987961
-0.10914714298466288,-0.16409514496008523,9.0803066892287,-0.19755246158452847,-0.11621102110841361,-0.03359984189971558
-0.11447003673009534,-0.1485183596794833,8.80411539035979,-0.19711244757704605,-0.07578609076463978,-0.006370004239336368
-0.12536128568963584,-0.12094133957358784,8.613778068851493,-0.18352963898741262,-0.037949404977642556,0.02279228198387271
-0.11555519712144371,-0.09169258350697217,8.549913605622235,-0.15822034516389885,0.006263776478752478,0.05708416728988141
-0.08448134331592837,-0.02418222436725853,8.620673107199702,-0.10192115359767463,0.04678407268693762,0.08565361421172592
-0.06225946270551209,0.018305663964875412,8.805190417852916,-0.05247610504169237,0.08459766471107341,0.0922532283297806
-0.013243617091084377,0.06988949249648187,9.062373968493572,0.020843153676329586,0.12149491297121413,0.10738753353585774
0.006430382412136396,0.12924880774625735,9.417961574090034,0.07791488487607608,0.13946331157390127,0.09504185424374523
0.05472489173683211,0.1646029203892187,9.81458121367193,0.12318391519430877,0.14701430735673257,0.08639743071569307
0.07937718954609221,0.18502336269459196,10.196605031874842,0.16716194914184357,0.13369086936735142,0.05491828701869101
0.10913807914824257,0.1817485118081844,10.556061754330365,0.19141689994118677,0.11757457815018577,0.027106421650478222
0.11330854141160963,0.16459768036894804,10.80998030333605,0.20028578027697974,0.0768672265764974,0.0003667142794978224
0.11916168281315888,0.11934565734747993,11.017637964836544,0.18427658742748187,0.038351817900839254,-0.028573096042414793
0.10960332824595577,0.08080748837912287,11.047696060451443,0.14724099288999018,0.0018875706462261341,-0.05974489793836347
0.08398884402808142,0.0160225846247798,10.982587335618321,0.09869549081308704,-0.04291468000830789,-0.07949136785499054
0.06724780888741991,-0.04426383602449904,10.820799940732725,0.05076685101275179,-0.08701430654509716,-0.09219053700923507
0.032362793471154,-0.07586412036479072,10.535655893939603,-0.012892835484236252,-0.12084820246016208,-0.10710248922500827
-0.005539804682520737,-0.13336053341997298,10.195961197656317,-0.07473995130881135,-0.1353742002580804,-0.09678294921538229
-0.03443447584569385,-0.15343733679391539,9.80941018496837,-0.1274898781527334,-0.14336464663219586,-0.08344305302725875
-0.06700312383253855,-0.16892956528370492,9.422162563334478,-0.17290192838678467,-0.12320538019742922,-0.06105750346943404
-0.1057714125890811,-0.18272596048208153,9.068529146376866,-0.1932292412249537,-0.10701105445931082,-0.028783116647486465
-0.11390138412277549,-0.15562250372656453,8.802190006251983,-0.18679386884554688,-0.08277725266203453,-0.0024354329407603546
-0.12454695902763795,-0.1325121318563367,8.618640657712943,-0.1794236363138137,-0.04458103163488006,0.020960481193073675
-0.11034047675143131,-0.09641433285361652,8.568829318966038,-0.15441047971169966,0.00019636675325938706,0.057667518466361194
-0.0954752965397995,-0.027093043674317953,8.619736376610824,-0.10828364527970795,0.04433766150727599,0.07563166495210227
-0.04899059413767859,0.02446989195156947,8.791011577648357,-0.06232393132822241,0.08472855254153551,0.09761462668239865
-0.024251216223791283,0.07826854995882743,9.061766750219615,0.019667490571967067,0.1211896437344626,0.10402844578541004
0.008544009216928605,0.14313828321240815,9.422351881579726,0.07920066586370858,0.12952179476635256,0.08420411766932008
0.056279149651884824,0.14821046894919757,9.79984636342908,0.1261243976011516,0.15138799065004346,0.076978480031759
0.06123295896406471,0.1808593149897167,10.185471548136613,0.16264879423477271,0.1271113964257298,0.060473757798426606
0.08665903431136858,0.16981296398793663,10.548951223838785,0.18837286579788295,0.10376601902143265,0.02377312961406601
0.12325251191200835,0.16761108375714173,10.807049882479381,0.20170838598286467,0.08738916390171272,0.003824790148745482
0.12004190109851073,0.12961032791682223,11.010118192395602,0.18484976824923338,0.04596235483073358,-0.025739286699826117
0.11253088968243433,0.08468205665004856,11.061277731075165,0.15642639754493828,-0.0049996771109620825,-0.059660189894998134
0.08006613212029656,0.020520401969031356,10.998469904320734,0.10609900223603484,-0.04522512612399111,-0.08482325310598866
0.061765286923959335,-0.034361586295610334,10.812993115444273,0.05285552850133805,-0.08352920891501651,-0.10668580490386388
0.04318887670974034,-0.07437125798476477,10.550846543736336,-0.01247614410509153,-0.11493334913634401,-0.09592983435233593
-0.0036946452833957893,-0.11316915649582206,10.196248003499923,-0.0711236621940291,-0.14083677691546953,-0.08506557707605547
-0.04537254871589012,-0.15657486227326456,9.804511226858107,-0.13929195450214213,-0.152350140339142,-0.07187138439028548
-0.08211031352326652,-0.18497571167291607,9.425327354604576,-0.1759790605016445,-0.1360515285214907,-0.05968176026878396
-0.10592843788524184,-0.17505991370540003,9.061806150990947,-0.19597096136326647,-0.10173048562005668,-0.03628088437866975
-0.13391938578385001,-0.14092521612830314,8.785646139978928,-0.1940885527459665,-0.06967057226146336,0.004276635368795156
-0.1174970301462026,-0.1264034955416718,8.612217865948656,-0.17589382328720804,-0.0406652616540118,0.03035152549337607
-0.10376345441249392,-0.0699525749814566,8.562796218140878,-0.15378961636883764,-0.0007018879904392098,0.06124077034374817
-0.10328225556421519,-0.034002153836571146,8.621153288056592,-0.10872468686364632,0.048522393798251726,0.08246745362487728
-0.0672424917492179,0.02790019457621074,8.807120591155762,-0.05779657706204674,0.08775696048786052,0.09559798409738603
-0.03642051848439824,0.08674578369253447,9.067908515817049,0.01864183862741644,0.11862050887653124,0.10514252984355409
0.0025654326832912954,0.13051416473574412,9.428326099755138,0.07251668621885814,0.12171923580892875,0.10040660231459067
0.04715805409160663,0.15428621537016787,9.809089035580792,0.14363521079432154,0.1557290853449366,0.07823620195840407
0.0619226650025234,0.17132020624970112,10.188726881410766,0.1661103130489895,0.1374902709500896,0.05409133032439558
0.10768601857714606,0.18567769710991652,10.54781402673129,0.20467557849813386,0.10982193915820913,0.01832192609232493
0.12291664322971904,0.16987739898420606,10.82074314810271,0.2032282335884052,0.07535525162429363,-0.0018193210376523845
0.11754933280927671,0.1393200264923998,10.993787691815767,0.18015514992094075,0.04429260530194972,-0.03645249516669185
0.09068165120047027,0.09607874572262093,11.060335992697153,0.15412915640011526,-0.0016109600470128865,-0.056754127130549364
0.08270595193882753,0.029156474400434035,10.997784402281441,0.10952368917694992,-0.046671050259438344,-0.08263302978262242
0.07181437208358606,-0.030726476943152663,10.820041738420551,0.046895473378176906,-0.08327038134232015,-0.09627011002797314
0.0049368471807035436,-0.07098133453330066,10.54143082016633,-0.010134106254286974,-0.11618050930118318,-0.09594013034738202
-0.01306842953930827,-0.12163098401482711,10.185831654657578,-0.07118785329808522,-0.1323450678945298,-0.09309198856926919
-0.05617020730476831,-0.168276966880397,9.81059812332722,-0.1258618449445585,-0.13630849017104332,-0.08143309068164581
-0.07216131982975153,-0.18606543123089692,9.417307042041548,-0.16988969948939844,-0.1301113132394618,-0.05027476430165229
-0.10817276668743304,-0.1738359802742467,9.06710580369333,-0.20002390346035795,-0.10935664818530368,-0.027126760708417137
-0.11365417050436441,-0.1617631897748778,8.796803158278516,-0.1998703235478442,-0.07198333910904321,-0.001990790031568374
-0.11503447016021877,-0.12743431766534416,8.62705156698443,-0.1844161485989649,-0.0473416124286378,0.02912960304437891
-0.09583751256250961,-0.07306703493892729,8.561484908061528,-0.16234869181209516,9.852172938397668e-05,0.06279201019304952
-0.09230083649625045,-0.022007221749974895,8.616930216964194,-0.1048206099642427,0.04726459112951459,0.08196792360029206
-0.05894280165377886,0.038875868976655556,8.794157988568399,-0.048505740664801594,0.08191271659588309,0.0895271682248182
-0.039041245259552874,0.06633697319253974,9.080354940731885,0.007840889453121544,0.11363674858883956,0.10447352502503178
0.019811550748115574,0.12936272160741527,9.404554870875751,0.07360260714137827,0.14079308813756833,0.10136442297042088
0.04064613029245813,0.16597483299023308,9.816378919913523,0.127284305713356,0.13919544955602225,0.08675658472199238
0.07411184892972728,0.16558365905324385,10.181279116769224,0.1794578053166269,0.12268184247130257,0.06642063768890177
0.10259387271149804,0.1725322567546145,10.533408302099037,0.1952497947447191,0.10869454903023307,0.04116349593785748
0.10438272790753021,0.15362111118437533,10.817157116318551,0.2046666229270412,0.07923820564576974,0.008561280939463248
0.12138831374500314,0.12739646339589927,11.016181638512391,0.18470739539509168,0.039554524493828604,-0.029282560465339922
0.11826704946374769,0.09467013360615398,11.073419354880114,0.1435988548727247,-0.001307745915450504,-0.05989225110198793
0.09302077153482666,0.0442602341471763,11.004472547415327,0.10902849578830937,-0.04475984482583068,-0.09010170359340469
0.0492399760973369,-0.034751183413882336,10.824123581995071,0.0447308006928263,-0.08625618500315173,-0.09507862754928578
0.026170327071890723,-0.07757680403958546,10.529833349621478,-0.01600202045699506,-0.12158211007129006,-0.09740428053158168
-0.0043520110179216115,-0.12286515545249857,10.197525308271798,-0.08053249534040187,-0.13656007548130328,-0.09486049744230181
-0.061754111204761396,-0.1573163186389412,9.805606227851536,-0.12847969812792773,-0.1430541872089197,-0.09029074537532253
-0.08719601035296483,-0.17460450882882955,9.417195402362433,-0.16448144084104038,-0.1332534166233069,-0.060139999425070305
-0.09575950623763539,-0.17534148186548554,9.076506859354245,-0.1894855124714559,-0.10735541500062082,-0.027590845045795547
-0.11472503919667194,-0.14684443151655155,8.794959876955737,-0.1915554491315417,-0.07692712602727629,-0.005041060937663694
-0.1162623808565583,-0.1184031459124841,8.628133750998835,-0.17665667462777945,-0.035236048262847625,0.031814325600318105
-0.09565136081936162,-0.09012853303738932,8.544512361859098,-0.1631978086081926,0.002167517104167098,0.06100824672992844
-0.0869288787187951,-0.02171375026280451,8.621779446009837,-0.11163488934883908,0.0546735915410378,0.08654353331352543
-0.05668805252730238,0.035375869985385784,8.791695979243173,-0.057062692232398855,0.08892624707350422,0.10369599374045578
-0.005474837208782654,0.08430900034074665,9.071991348003085,0.017483671859001307,0.11617808468927182,0.0981108305130881
0.008577805777045916,0.136386933233672,9.426165768387206,0.07180223017584782,0.13737111214500933,0.09599704887838892
0.040347138968084985,0.16192191708545056,9.80106153709909,0.12639763578831323,0.13656150235265557,0.08192498624474868
0.0820202534284095,0.17940008767535628,10.19758510008321,0.16872434548952622,0.12128412653006869,0.06195376697826843
0.10628378330539805,0.17874134624251284,10.54303285972387,0.19606205645428224,0.10777777583156228,0.03350452071828671
0.11267207953468028,0.14419903979660645,10.815986548047267,0.1920597914304354,0.08268492456130713,0.007036513564344068
0.11129897735713307,0.12657969087617568,10.995056065480847,0.1790021546043761,0.039757157029994675,-0.04264235302524068
0.12900607465706923,0.07630129726096835,11.058763584870505,0.15297491848955844,-0.004772105485568926,-0.05676000633441636
0.0932920487099542,0.018587935084320474,10.992677953268453,0.11166051622497725,-0.051370988053493855,-0.07851664006327157
0.05609287355954647,-0.01676473671138617,10.821327998771288,0.04789474732450173,-0.09534118364010839,-0.09630911293913691
0.034488243844773954,-0.07775560189524582,10.54250615239233,-0.018282318338950023,-0.10849268317598273,-0.11132000953861935
-0.011161403454252431,-0.12757418691719793,10.191380982672175,-0.08600868249651925,-0.1353938529321749,-0.09538324252330566
-0.04875325264758069,-0.16493575161988147,9.822718737871195,-0.12408015952223854,-0.14208799433529654,-0.08440244419540824
-0.07409969926711037,-0.17542698922971448,9.427050676411865,-0.17348699089610878,-0.13518612894533333,-0.05031711563171347
-0.11310691321614325,-0.16983993313855508,9.072206736773428,-0.1998863875925893,-0.10453864528877409,-0.02894104844093623
-0.11406478503891074,-0.16696071923138484,8.799895640477967,-0.20806302280276254,-0.0745408857132072,-0.0038889099003232767
-0.10425451505171794,-0.12726150500563696,8.61296479353688,-0.19249197597325718,-0.04419227415260608,0.020722644350159726
-0.10679789798276798,-0.07470276986578815,8.556505827145772,-0.15777450855916622,0.009910647947403678,0.061803200136626914
-0.0936869977771186,-0.043567527942535884,8.618618735027534,-0.1068610302251775,0.046406435604997465,0.08443444107711034
-0.06600799885419012,0.027776324890057207,8.788754405752032,-0.05406544286456253,0.08250934357058838,0.09405408252071905
-0.03044352121328601,0.07835493107915768,9.0783672670184,0.015252559994798577,0.11414884934607707,0.10301833823691947
0.008256540817378219,0.1262648994075999,9.419683855410375,0.07403540039523855,0.13043789297054192,0.09333690932712124
0.043707748814970665,0.15640429636008593,9.807156266660435,0.1399534988934609,0.13333591891206664,0.08618571675779982
0.08592837377102702,0.17889734274840408,10.191721484095698,0.16128511706719795,0.13570855243741473,0.063670316860181
0.0889061822446172,0.19316043964847726,10.568404290090724,0.19495660016539212,0.10970773338175083,0.02262287843306201
0.12378180307354644,0.15775361269157714,10.815970321767274,0.20035642161567274,0.08203368744332515,-0.007064473456858189
0.1165206613124316,0.1295565661001783,10.982271229737842,0.18014368489793242,0.040792143487200484,-0.020829460758916788
0.11354290156591261,0.0976052732038813,11.04720054423233,0.15344469944414296,-0.0013452275654103432,-0.05418912997539413
0.08166139766524035,0.023679394282874217,11.004895066350509,0.1095147583762325,-0.0573617217266453,-0.08726560013353762
0.07258020514556662,-0.013719480197856668,10.831962864502204,0.048504191753561535,-0.08989585575730212,-0.1029848669685992
0.03712588110790803,-0.08174667799051029,10.53927718783464,-0.007401705382947713,-0.11277008750305025,-0.09896110049809083
-0.002611518035765384,-0.11308036846272665,10.206502840325753,-0.08615607718531429,-0.14072853269379806,-0.10078983892880278
-0.05884823928337768,-0.15441571581148508,9.815932719998811,-0.13305470451154155,-0.13807497900674973,-0.08243317732158723
-0.07196491367390108,-0.175339479006086,9.422212915983442,-0.16243205241300537,-0.13878142050996517,-0.058943288629333006
-0.09953301436920625,-0.17829646734018686,9.073184864364212,-0.18958907134751316,-0.11072903775943074,-0.031269697234395814
-0.12972797264730962,-0.16533732400204013,8.800175718842668,-0.1967838381141367,-0.07089768780541975,0.005721205646064015
-0.11975253258373812,-0.12661654562770475,8.628199001208284,-0.1791303948849474,-0.035483076254888446,0.04015965056976633
-0.10761104336808403,-0.07446841018444991,8.56317835652476,-0.1625512268504159,-0.00516577161502864,0.05645552246136791
-0.08622869875626289,-0.028184410357829943,8.615764888216662,-0.10168873323058665,0.05137364472118937,0.07530039928937797
-0.060533065675169716,0.025703900548811845,8.797335100655125,-0.04269988352865528,0.09467324564417634,0.09707719755140573
-0.024830950091755264,0.07978300177010322,9.091118542272142,0.011030518976166068,0.12960199133086733,0.10815736139835504
0.02207713337978945,0.13527535117830908,9.425738467409689,0.08841382468429172,0.13672975791046124,0.09306218618773851
0.0565384723563199,0.17021861645185826,9.816954603415049,0.1298252822678453,0.1331182048063839,0.08510143484203134
0.05566144261216658,0.17245914179659813,10.200590322866653,0.15884348743661625,0.13400128749999493,0.0545212147186595
0.10023234663158627,0.17242271902551617,10.54691842731754,0.1960555630034979,0.11879142566861732,0.030923862130579287
0.11556859444989871,0.16337986384033956,10.822140834168811,0.1958870965205205,0.0780121988763432,-0.00589822564865694
0.10554136493175653,0.1394431345454862,11.005999770371519,0.1911214482871974,0.04457162144596845,-0.030931709071736146
0.11128078374620648,0.0908152243231032,11.065749137882486,0.1557081576238576,-0.008285948116569918,-0.059432386619110426
0.10066736312613747,0.018064701212429306,11.000931793193066,0.10267717618283127,-0.04527002143396528,-0.07791308061257982
0.05325861373404278,-0.030349490749229588,10.815721142764332,0.05553399393208,-0.09800995208637156,-0.08624265873303813
0.02985200893604789,-0.0892340904810489,10.547816035809976,-0.009626763277157387,-0.12036858818924585,-0.10194443793068815
-0.017614830060128102,-0.12947563844495816,10.195735179477017,-0.07940723903323357,-0.13438498245952443,-0.10507690770616729
-0.052105497266470686,-0.14758204484277568,9.807533952709266,-0.12960376285033756,-0.14175708807869292,-0.0818601598278588
-0.06677873316907243,-0.18917715109701053,9.445158964831016,-0.1672227486953434,-0.13833098508124939,-0.05721030456388422
-0.10711231763118166,-0.1907223442313379,9.062956024172793,-0.19597051932769177,-0.1133095386673357,-0.02980800484879601
-0.11318810275816502,-0.16697342571047236,8.806396859903776,-0.20115839368970392,-0.07729936453275597,-0.0006985998142711991
-0.13452789844205915,-0.12492439320680714,8.614277987077012,-0.18511284677621964,-0.039787214767092925,0.038424444078123926
-0.09562877878918945,-0.0766812632914784,8.561049563914748,-0.15829743037708946,0.004392620971534315,0.059531184424870626
-0.08585608137639333,-0.024579931430958036,8.641728054783787,-0.11683061323707959,0.05079163171504179,0.08042971378279891
-0.0634111553519707,0.0376423662151409,8.791029805072686,-0.04682606002910743,0.0838462410068535,0.09124443614233056
-0.02255642934653102,0.06768457728965965,9.069477453395784,0.00437952006057586,0.12241280069532098,0.09126640738943545
-0.000990313189820376,0.13684223057651343,9.42358864713408,0.07030244557910799,0.1294080238926099,0.09672442165102708
0.056190447011053336,0.15792056225068732,9.80322226433891,0.11998562565278882,0.14958031719110837,0.08207672988129831
0.07600600403845513,0.18364830038518343,10.203343693776155,0.16156511041035018,0.13739309076234513,0.05341024000669097
0.10113929894990245,0.16718401847098946,10.540455329877087,0.1962809788844273,0.10903126877434588,0.030595643492316235
0.11295255775052432,0.16038464605908162,10.826503320089829,0.19837485584516823,0.07750104625394837,-0.0008077714047838861
0.11491294229160726,0.1291130441921358,10.988187132314533,0.18400446964020653,0.04038975478960959,-0.034108371996181615
0.1160846841733736,0.0908933101565844,11.045545347982767,0.14638892853877655,-0.0010945784728265324,-0.06281666529128145
0.09272455574768443,0.015397481929000202,10.996988765537338,0.10238754110001343,-0.0416590463234369,-0.078928286752868
0.06716514174198819,-0.027990862601021724,10.808723180264387,0.04990401013680962,-0.09226501075060027,-0.0962620252842386
0.02709044391065351,-0.09047114437265738,10.55687771666779,-0.014584456133570803,-0.11342969816974985,-0.10295492878328023
-0.006182643753143369,-0.12329156991597436,10.18403281504476,-0.07115426878961967,-0.1449369504854301,-0.09938662209812225
-0.05008099102843747,-0.1541995925194124,9.801698506498617,-0.12401807738690913,-0.14082680685498802,-0.08149956571077151
-0.060760027511149214,-0.16749898396667948,9.427037716115176,-0.1710684319404466,-0.12455833509093706,-0.05408447483698387
-0.11531529840173324,-0.1820516575195624,9.070577523033922,-0.20341044944343278,-0.11789930283800039,-0.029784304919008926
-0.10679830408174712,-0.15292718059749033,8.78658165327235,-0.20326962116579822,-0.08694382870525018,-0.0010970958727145748
-0.10861489390780428,-0.11633566532760865,8.637499067911648,-0.1857849183219114,-0.03825210133381248,0.03252832149697681
-0.11734458972807157,-0.09479327761544251,8.551986929574724,-0.15685087271691853,0.011025078943047916,0.0656720367988724
-0.07284311206239924,-0.02318075954906653,8.619609292171084,-0.1109399076008672,0.048758764955036865,0.08340576528429564
-0.05398723434720244,0.03590497301953989,8.797055216870458,-0.04767297291964334,0.07603896502611589,0.0964339716843508
-0.019391689371949405,0.07971945095242812,9.080950907850115,0.026475535320713894,0.10720126921482834,0.10319260834744086
0.010512419737973339,0.11764934964944557,9.427427576716704,0.07282669878465625,0.13484311138776545,0.09428819328682463
0.044992391811280286,0.1679609708599332,9.803385591698087,0.1288295081850695,0.134044092329332,0.08176997948581043
0.07692261162611291,0.16820027528628342,10.193664625229127,0.16324715326300546,0.13251132907940044,0.05626211556193225
0.10589609984084118,0.1763446104090101,10.542916185897178,0.20036620828903468,0.11179123324324838,0.023064738683405122
0.12809529287052032,0.16002400002057957,10.827262918954249,0.2038601118872252,0.07649885222181114,0.0016256650247848743
0.12100866725646293,0.1329471824410512,10.989474070050077,0.18932514261487407,0.04842984830129024,-0.029252468951961413
0.10323577029525167,0.07663424938050938,11.076144884454047,0.1597674165134304,-0.0011355970975039848,-0.06028867651688022
0.09727271744592772,0.022602849399233214,10.992747178269273,0.10353007977072622,-0.04107383330563795,-0.07577458976538551
0.0693203625819186,-0.027445559159202347,10.82120124779461,0.04650964524152372,-0.08095914571917065,-0.0987409833807961
0.032398077654116245,-0.0737381382225679,10.535451649848085,-0.00577462714761209,-0.1163672790898082,-0.10885688288546487
-0.004324250989565175,-0.10903593826441987,10.185885970875553,-0.07210399858011335,-0.13532661547981467,-0.09856384119871262
-0.04889762611830354,-0.17247717440929447,9.803004572727318,-0.13993964655426494,-0.1414284046099543,-0.08855433689471667
-0.08602979557947343,-0.17527360976445255,9.415964571290026,-0.1675332277709742,-0.12842238634737146,-0.05701671090387647
-0.10971740251541767,-0.18646370209496876,9.071954378441145,-0.19705769331768,-0.1140630835637642,-0.034577894638601094
-0.12996950865791174,-0.15219450253735312,8.790897036801239,-0.19499553754718496,-0.0703224750649281,0.005011960199629658
-0.11766256462120409,-0.13473123440589443,8.626743774001412,-0.18325551957044442,-0.043085423349909585,0.03580486338693537
-0.11119490954616058,-0.08704448760206084,8.553736128837453,-0.16167115127701473,0.005160308483667033,0.054225241259342014
-0.09419720258308638,-0.03279368578236994,8.614028830683434,-0.1043226356917247,0.04598638363937767,0.07691316079211714
-0.08559610720552775,0.027627291479536784,8.79558500611835,-0.04696859570450692,0.08330808793858863,0.09780516503990411
-0.03713934118408192,0.08437484281840293,9.083211145663988,0.01614133223937846,0.12647864554238056,0.10489915973338139
0.01925496745298229,0.13120514941850456,9.425447766420126,0.07814528335439015,0.13215910751605292,0.0850151589113231
0.041413193076528555,0.1603711844415965,9.80920248376088,0.13632336724664246,0.13841669852084856,0.08225799473210853
0.0814826156636877,0.16715721772722184,10.184806884808967,0.17187677759723563,0.12850722961759103,0.047718939717109804
0.0916463716304852,0.18359371108757783,10.53558989768664,0.19426369531620108,0.11101646075535529,0.028074924740585615
0.12839544652912396,0.15992132317369906,10.81104396344837,0.20522623444140872,0.07844110793838215,0.005379769802325783
0.11840593223313498,0.13651675634754679,11.009275455158294,0.19651017553549924,0.03375981117803518,-0.01593701870703483
0.11284764245221662,0.07598539162076448,11.064244504985053,0.1575437912277426,-0.006209782443918663,-0.06004423089627663
0.10928353928189857,0.01526132109104182,10.99192768129754,0.1066978171782347,-0.04408335498569367,-0.08718927450024665
0.07408267741548355,-0.028509091010757895,10.816756269818114,0.05018438708961164,-0.0804271202634103,-0.09770042764856085
0.024708276456233372,-0.07142164053725741,10.538129243955696,-0.013043801010061086,-0.11549690821523424,-0.09966961238593991
-0.01503400372073213,-0.12604800117672113,10.189184353237591,-0.07517504701847605,-0.13405940526985327,-0.09842946816712993
-0.04933456116918866,-0.16201468320444073,9.813682408249765,-0.11801768329000023,-0.14174527978463713,-0.08547375876186039
-0.07451869625461971,-0.18475912204800563,9.421428467265022,-0.17355259952074517,-0.13434010611966044,-0.06084114271368872
-0.10361364814429706,-0.16370929015164842,9.091917776588787,-0.1883746738726175,-0.11540912282631825,-0.028839618958948827
-0.12004775583027759,-0.1685818132420824,8.80873163562746,-0.20011568138397062,-0.08673088704629162,-0.0007585304581274355
-0.10782070350789957,-0.1330260320884492,8.631655197354801,-0.19269856776824054,-0.042868310202083204,0.026577855373670852
-0.11144099841457153,-0.07708702828793353,8.565370855799586,-0.15391002617483607,0.008608197458881441,0.05549979922710195
-0.07228058820255184,-0.04292768442895612,8.617798082066983,-0.10840066571297532,0.04500970298611868,0.0788844023600403
-0.06122521610074619,0.0384336083123522,8.803511084107551,-0.04513384774866981,0.08383196109205497,0.09013583478856585
-0.012878254272739918,0.08678280695725955,9.072477773078107,0.01478052092033174,0.11378948528148308,0.09646423584420262
0.013146797623446185,0.13452938684412982,9.43677096543711,0.0701575047765903,0.14057791755228033,0.09829644197245634
0.054433885663033074,0.16488226090665886,9.81323423506442,0.13619857701498775,0.13529839157315388,0.0796980355758312
0.07280099383028407,0.1765073577670933,10.198370125837448,0.17525800267153446,0.13321316430182417,0.04993945788591238
0.09594178128959013,0.16926623220385192,10.545748146665021,0.20207948067431247,0.11046892700905683,0.035942248785400935
0.12056345031037095,0.15922438895320076,10.8351933743876,0.20067121999080767,0.07928727390056539,0.001995084861766458
0.12746657945329454,0.1194209875334036,10.987350642698235,0.18511780657614427,0.040577828867134215,-0.03790153419287098
0.1108493712963504,0.08553654433720938,11.074706302621351,0.1564862398699907,-0.003802108420844969,-0.06067700675610413
0.08038615426618169,0.034533757554248534,10.99733141490933,0.10277941143960305,-0.043166678266348554,-0.08491418925368076
0.05106908968045007,-0.016422413939713908,10.810022051162168,0.04867203211435938,-0.08570834115033862,-0.09174843823108844
0.01574371020903578,-0.0788151209191143,10.538713887512415,-0.015202409303666238,-0.10689502931293594,-0.10185822195637971
-0.024429219145274933,-0.1199389354168781,10.183064784866941,-0.08257281068077775,-0.13413197952828199,-0.09544212863886778
-0.0458543182014596,-0.1627944827089019,9.815229253964677,-0.12820625992334214,-0.14845763883881197,-0.08179561248117058
-0.06959753086876584,-0.18162256301081112,9.415422413428551,-0.1720121671078772,-0.12863634581915334,-0.06610756532995571
-0.10287918136568723,-0.17398204675856122,9.076617775964065,-0.1953619638339215,-0.10885077365060968,-0.023790524450291315
-0.13496912072895206,-0.16343677546474122,8.807802493272664,-0.19766747194221831,-0.07878491461628974,0.0034001645230697384
-0.12108423719624792,-0.12506939171679754,8.615803219202524,-0.17893380624761113,-0.0406539334096515,0.02724895136889003
-0.11182971125341071,-0.09013683937129253,8.557855170455806,-0.1572122879096462,-0.0064851622101230735,0.05980942133050589
-0.07390931094504413,-0.035132540369665934,8.610752421751727,-0.10734957761984654,0.037397567388280845,0.08582428468263147
-0.07360825991412809,0.03332015739743387,8.795621900159649,-0.05184714782257238,0.0937996506130039,0.09541167184027248
-0.03028622224732718,0.08888278264677513,9.09586062363656,0.010173116868050967,0.11268939826456217,0.10778373175948189
0.023935063686121902,0.119450288917912,9.42995222234421,0.07229479437658783,0.1391824813608791,0.10966751617902559
0.050330027807801214,0.1657822392951066,9.807882156648775,0.12786128603345118,0.13192513805960857,0.08021903170240635
0.08310438683056047,0.17353446052246305,10.191377738679211,0.17273669093354713,0.12659360613303122,0.05579424396612529
0.10368853056648263,0.1779034632946968,10.544390498200368,0.19575143183775637,0.1142044624113132,0.025870459029969085
0.11952535097950706,0.17168054780933203,10.822311648986204,0.19420211167505194,0.07843513459660745,-0.0111563873526275
0.12577902975579994,0.13368277589960378,10.995468087711778,0.19176727353713083,0.042044412691494115,-0.024745144116890123
0.10405142872920292,0.0880142777607702,11.06424047356617,0.15769049898927823,-0.004156095951839295,-0.060617580775853906
0.09770176957811409,0.04334984177751318,10.991193065448469,0.10116085829115307,-0.04817014751964084,-0.07657691637104357
0.05096713247567674,-0.03386791771770422,10.813604141568794,0.05414228880035116,-0.08896227365140233,-0.0897507059220436
0.02978774520918718,-0.089676261843465,10.547693129022042,-0.012689327744062392,-0.12158692455970825,-0.10540481197579654
-0.008858314535473482,-0.1331125164314728,10.186922108940173,-0.07604991560946092,-0.12734087277445513,-0.09973233294316283
-0.05166054578257078,-0.16245333323831193,9.815832138022918,-0.12705313722513767,-0.1321037588951613,-0.07212620593470839
-0.07877936444503326,-0.1966327508210801,9.423614512132174,-0.16993618662728607,-0.13702141238359397,-0.05905721843029851
-0.10775217629161185,-0.17943084777867072,9.060645160884711,-0.19142380974142187,-0.11633165318694516,-0.03411894297567266
-0.12545941328514415,-0.16470155833816236,8.799604750035801,-0.19854981905481173,-0.08068650548720573,-0.0051373522373654125
-0.1223870714464815,-0.1209527998882464,8.60769818163437,-0.1869836021789112,-0.037653901757240545,0.030278590472126356
-0.1193592283633215,-0.07882794682452318,8.565546896077246,-0.16309757125270866,0.003178842082397447,0.06638958383042341
-0.08809492123409889,-0.03288509193200395,8.619189639997062,-0.10303087384103413,0.049629388025852476,0.08438088501721223
-0.07115184056398692,0.03295656975219705,8.813537430763338,-0.04989001073270015,0.08531580977246356,0.09604177850803956
-0.021464985242601077,0.08757536652212217,9.08383893738939,0.018213752855279194,0.11504375557281571,0.10794256554409667
0.0008364096983254545,0.12118717195130417,9.415243216981379,0.07767601440620076,0.1464197729069643,0.1020571377942915
0.04219984175238468,0.1564731307679988,9.793834081089237,0.12710521639175257,0.1373142881678342,0.0825202514355738
0.07360105497671084,0.15999344040996238,10.190230432914376,0.17492227360454998,0.1400276320739936,0.07258749096900743
0.11337302890128546,0.16904614209014227,10.534961496542898,0.19517341132301125,0.11804557301531567,0.029580389512112625
0.11952812223518262,0.1544052359996153,10.835877147663698,0.20030461090735815,0.08146810730801976,0.005401628248641376
0.11786428309321614,0.12781620744026387,10.998738128094715,0.18460591848372668,0.029725417649294858,-0.03295085239935234
0.11451707480890651,0.07408424042172672,11.067467350433466,0.16138621601810213,-0.003932645670364476,-0.05433586954343404
0.07381976216820821,0.0239719030134583,10.996540398068532,0.1021004528987173,-0.049705261486590185,-0.08219563102621985
0.06160608789363602,-0.0380395284419628,10.81983390306244,0.04640836165346226,-0.08546160105332314,-0.09282612519690192
0.043140914848968856,-0.08042035085528013,10.544470549185533,-0.020510695532450794,-0.12093174524200043,-0.08804928127672867
-0.009229470190540141,-0.12392982151296204,10.205123557517453,-0.07163398370820817,-0.1305730894778665,-0.09031900296253118
-0.04618689572367685,-0.15719840202369867,9.812492998045444,-0.1317542824793193,-0.13501537929025545,-0.07846543481851256
-0.07421285520528856,-0.17769745685150226,9.41527008628356,-0.17215751055778775,-0.12597777609953936,-0.0625804066422242
-0.09560701312377484,-0.19010000585710637,9.088248547739104,-0.19673388617461654,-0.11272215125883008,-0.02987636176755966
-0.13286553621336694,-0.16530462179415228,8.79638623303948,-0.19917278709015673,-0.0842447652853382,-0.004951498270724758
-0.1330167653679002,-0.13048133140597218,8.617535193640055,-0.19155026984084322,-0.03759766974919765,0.03542075111532043
-0.10884498895165738,-0.08487366435996284,8.537363957582008,-0.1641846637874085,0.012868304732929436,0.06315949992398409
-0.0963963134420311,-0.027479669165944506,8.626254551360327,-0.10337826635724322,0.0474787358726712,0.08005551787882405
-0.051454954513005066,0.03964121396826824,8.799536858148604,-0.058589522871778175,0.0878235399410848,0.10345062671090524
-0.029682196545607158,0.08828603174501447,9.076067839887259,0.0185947087269469,0.11444229405065467,0.10761444117299139
-0.00518800364394471,0.11943539603085039,9.42050615966239,0.08306027784250443,0.13183702819363755,0.09582649496166766
0.03658608974228465,0.16584454781343405,9.80539825727895,0.12802241842786283,0.14323168411883308,0.08367719599023148
0.05660047408538054,0.18291876484806996,10.19331459955397,0.17630479738275748,0.13129756377318025,0.055764606591627595
0.10089885077202564,0.17132288210148303,10.548436852334595,0.194027920916114,0.11282887223455497,0.02945660265359387
0.11537872965213579,0.16713591986408458,10.826384185152973,0.20748260246585654,0.08148517406147758,-0.00547855280697598
0.11616245183531693,0.1259398649398636,10.99697239266193,0.18301538265698225,0.04109366102724756,-0.033377554322739235
0.11915835159258498,0.07036767393648401,11.067591499954535,0.14114402840974297,-0.0012986565252455216,-0.059372056046813046
0.10026545963898095,0.031721140706952144,10.998188851920807,0.10526722782366674,-0.051396816363410064,-0.08925553134166994
0.060588049223916605,-0.026501188400381983,10.81723743162371,0.056561550307815414,-0.09013220129225727,-0.09224889690150574
0.010083252086718422,-0.08361068307701346,10.546318889964883,-0.01164917827734442,-0.11583001931309561,-0.09488931947351006
-0.005349989597827673,-0.1276351629495122,10.18539615162072,-0.07784425523752646,-0.1344471858244244,-0.09511785064398308
-0.04228731924896055,-0.1661700086421632,9.811861746472708,-0.12719903160110396,-0.14255191855940902,-0.09433585067415563
-0.07612274968117377,-0.17291530187636847,9.411391300187121,-0.16495170845689713,-0.13062289612779904,-0.05997185650340487
-0.09492001707581982,-0.17811902696116885,9.067046618954624,-0.1945772852083992,-0.10627017052274391,-0.03778443635192064
-0.12620442744193733,-0.15901340173142078,8.782579225777612,-0.1863544462437563,-0.07301008040433284,-0.0029595809255324023
-0.10348811042409052,-0.12436574263198882,8.619778419009684,-0.18788356170014228,-0.03229476746831105,0.03824555087728125
-0.11820274130548517,-0.09088398677202102,8.572877069618473,-0.14795588384668357,-0.002486075193111166,0.046677746311180865
-0.08468351752924141,-0.03523378308491334,8.6202427413424,-0.10185710036179209,0.04131679483106606,0.07687188248395727
-0.07544993816606757,0.010557327312376689,8.803877440066799,-0.05152087146424306,0.08411382754331999,0.09928081483576225
-0.03460291892469494,0.08630720011144835,9.094086945812865,0.012201818470305999,0.11601834398509536,0.09649033022839813
0.02241919141556714,0.11763785807967031,9.426961203816278,0.08035813233223206,0.13316228920383277,0.09118611108357716
0.044643002493033726,0.1614778824902291,9.803878303643353,0.12956747688556458,0.13717710777489772,0.09101167122499468
0.08531726308349073,0.18076425170626145,10.191250694146769,0.17149769128279513,0.13030580640888603,0.060598829648382875
0.1046674981800451,0.1825902445962347,10.544736831031397,0.18596936624531,0.11322782678906781,0.03548901734523334
0.11604613742224734,0.15071285717231903,10.816208085806561,0.20276638994627882,0.07229952754114136,0.0023848343522208182
0.13046895611303325,0.12670158508229565,10.994355949370433,0.18673295613795848,0.051072862694483794,-0.03017738241614371
0.10863404868313288,0.09500954522290503,11.067882031274076,0.15264888734369558,-0.003982965405259708,-0.052529987175671644
0.07643139608634134,0.04179403634973337,11.007029895615132,0.10747124585949829,-0.04187755072846314,-0.071426962086057
0.05552523587515406,-0.02033829823707873,10.808096103112327,0.045975645805144655,-0.08846207898534326,-0.10355055139953892
0.0315703352561427,-0.07908931693298177,10.538186209222388,-0.01728353232647092,-0.11274516331743828,-0.10017654760707667
-0.007124169390856301,-0.13537638938039884,10.192559207873458,-0.07647706675301826,-0.1338539238589722,-0.09529425571143102
-0.059266667078916556,-0.15466835180792993,9.814792711569352,-0.13116455333912452,-0.13565626245636928,-0.08299602655852226
-0.08439262239769814,-0.17906051573672108,9.432873361739334,-0.15890468484394762,-0.1328211321989895,-0.05380158953395933
-0.1074256258639049,-0.1732871956829137,9.096884178108649,-0.1895898493696106,-0.10305343984146269,-0.029533066877484603
-0.11980955942316378,-0.16540774012182063,8.795003370661057,-0.20432874129032616,-0.08640791901253139,0.00971587855936878
-0.13056546222238485,-0.12860634293014922,8.61785352491635,-0.17511499190624655,-0.03460920768056725,0.03648720142061168
-0.11555428814530441,-0.08033412297599336,8.564708560125101,-0.1551327205140843,0.0046815318998449365,0.06567362391447551
-0.0965061848289217,-0.026109294177899783,8.615721620879427,-0.10551950970687367,0.042040154207748114,0.07495787400846496
-0.05577889053267346,0.03218666470497441,8.797601062139353,-0.0435346483661114,0.09532238386075506,0.0911025371564001
-0.020687830938608456,0.07715570216733156,9.071948129764133,0.004474077087563321,0.12486039991289914,0.09638150355179256
0.009121758577058143,0.11658926265276731,9.402755525656126,0.07408250986013692,0.12398502549900185,0.10169385598068795
0.043593882710066006,0.17341560513025586,9.810985865841172,0.12597686819269555,0.14082422636253988,0.0760137589513026
0.07971727673874446,0.1977103792589329,10.194812355294276,0.17083273304688315,0.1353562103835249,0.054017220935273585
0.09623925421064519,0.18135078757471418,10.554901413767647,0.19599945143015798,0.11301978171849622,0.025210728203072727
0.10771114601291015,0.14975305572516368,10.821315166228965,0.19910009984380608,0.08652528781648959,0.01367662185723996
0.11203638384216622,0.12103731709268092,10.988782665542418,0.18467823542665235,0.045894240369124255,-0.03169702892246617
0.10544881396857742,0.08572024240901424,11.057935209016165,0.15829409432008137,-0.0027619963405922784,-0.0562006716427352
0.08136951054851263,0.038808443803312956,10.982091982623869,0.10717421619587676,-0.035746269637545736,-0.08665678169836817
0.06324763308326707,-0.03794000806563547,10.811583900287093,0.04822885939101877,-0.08087782189698675,-0.09033667477688688
0.032998526816807976,-0.08278392461031112,10.549815613110894,-0.013584666849737213,-0.11737398375594554,-0.10886829395235388
-0.02298502864814652,-0.12576808175408855,10.194292519449093,-0.06608819410717814,-0.13711611719725822,-0.09997327569544003
-0.046529171387308686,-0.15350069720077425,9.81738006591597,-0.1279801675626179,-0.13372359691094254,-0.08450650987931894
-0.08035736860455611,-0.18054515466194715,9.40799361902436,-0.17237957517398386,-0.13579266874252663,-0.0576125349887915
-0.1000397855859947,-0.19028193941567084,9.073328743455832,-0.20369419845688552,-0.11285994907420045,-0.03478291686051249
-0.11698931281507964,-0.15537541200737762,8.794924657044191,-0.20665608354064194,-0.08014549923236634,0.0077085047426367495
-0.1311869477530251,-0.1182245103060554,8.628826143291978,-0.18763160139294688,-0.03757780986517187,0.03350198539626665
-0.12062643367120425,-0.08230803355056039,8.565382102145334,-0.15351032167666898,0.0031206413073767243,0.05540209459511284
-0.09044191234217186,-0.02483759817941314,8.626317371831743,-0.10844489384225961,0.040546933217201805,0.08594178049373402
-0.05372090925280111,0.02444095315388213,8.811060037335977,-0.046266014455532106,0.09137245320047727,0.09316654392012115
-0.04487430039487031,0.07502307968572926,9.072323737760144,0.011481479584516894,0.11359491803613847,0.09704777763994087
0.013054054880171936,0.1355469437140167,9.434409403713673,0.07069519274415009,0.1444540555671135,0.0995573402069146
0.05624717711933691,0.16351729159357606,9.801646350792964,0.13190675662432386,0.14146025446210983,0.06858551750251858
0.0773736752327799,0.1817192947019605,10.187624220970546,0.17665430513355027,0.13816393503188307,0.062380978014972686
0.10717347503849997,0.18978834306905268,10.550753537937554,0.18861336502509696,0.11396556524781296,0.027252031319009266
0.11126125002306668,0.15190625380845776,10.80923331706139,0.2007049759890072,0.08552292113238305,-0.003661550755413509
0.11860322391935657,0.12280666788214406,11.003402770396297,0.17577144862677552,0.0422077718128686,-0.02119518469952529
0.09756001113388488,0.08291076864728752,11.060810505549771,0.14559574680327111,-0.0029120889522161377,-0.06150617558437783
0.07192255447949703,0.023565013007766464,11.007395467198187,0.10272295740431472,-0.04166561724032599,-0.07617412194458227
0.06949328302057434,-0.021971790707107072,10.820795691249108,0.05369628650266025,-0.07313219393755568,-0.09373674313065924
0.019280842004738653,-0.08328845581075744,10.545179956935998,-0.01821754995557232,-0.11696589597308309,-0.09808500569939356
-0.013932465001792248,-0.1352758007296223,10.20034536291208,-0.07934814146866352,-0.13037974428449278,-0.09633097325857211
-0.05782173910318983,-0.15989115140955357,9.804698803599605,-0.1286631010380542,-0.13996652903836165,-0.08236321789367805
-0.08987763986709964,-0.1764336357402908,9.418079106571419,-0.1696219145934098,-0.1292976025074076,-0.051066950730520554
-0.10416255667104823,-0.17029396538192382,9.079063870153131,-0.19807486037760527,-0.11060046488902239,-0.02616520494113201
-0.12272242022333399,-0.15719986525782784,8.798494454558305,-0.18955528883415212,-0.08973635420365318,-0.0024098905558546714
-0.11653438552961412,-0.12353370689654211,8.617920843292627,-0.18662328878312232,-0.040357010420238766,0.025756488670690733
-0.10690701192850854,-0.07908496838453564,8.559337727202418,-0.15240051254480327,0.009085708486232243,0.05592774305863378
-0.08811050377625203,-0.029585299080193757,8.633935830693755,-0.10767568423275463,0.0433057545832643,0.08586117145864754
-0.06004235028333401,0.02250713006841485,8.79518460977741,-0.0458218765299984,0.09016678672588506,0.10102642564981956
-0.014538655787080359,0.08409996885679885,9.071492277728101,0.02049880760556338,0.11653495710200958,0.10277467883622109
0.0017474920894044246,0.12467054014257432,9.410069203234007,0.08358595757960664,0.13339692656884636,0.08699440731339494
0.046290722147410035,0.17393590577458673,9.80966117649472,0.1250322090712141,0.1444693813522276,0.08461853578460442
0.08765940080658435,0.18853380426493055,10.20152631105857,0.17531130853066398,0.13523305532769458,0.0652247836993454
0.11288817354499141,0.18283413494390924,10.551421150290993,0.19689760711158377,0.112913993032901,0.031685288018469794
0.10551169347549347,0.16337272799734734,10.822136983781729,0.204359079717768,0.08402714078899792,0.009810501040853155
0.11705930998032545,0.12651920561958002,11.006467313953562,0.18483707555408654,0.04037156842949987,-0.037590722653675905
0.12139228804728652,0.0715583120058272,11.065849843215043,0.15203323359049145,-0.012311263287125226,-0.055426074123296754
0.09474193378843777,0.0263501411232744,11.007724247206474,0.11034535977276456,-0.04902239206527482,-0.08605480190071131
0.0635132608626067,-0.02742568272205089,10.829145664212543,0.05279519687104886,-0.09458406662441918,-0.0898402572341667
0.02541932387905281,-0.07995361024797393,10.557291390934456,-0.006495416987742555,-0.11233008714901832,-0.0969356565474363
-0.013358649647417392,-0.12357924733350821,10.194913697636244,-0.07427490131756881,-0.12987338002664994,-0.0860714828856255
-0.044424448572309594,-0.15304668322803625,9.799383535661146,-0.1293781105857056,-0.13523179321514556,-0.07835109742842036
-0.08061687524230768,-0.18333357848028906,9.429038506980781,-0.18210660054913383,-0.12938242411372208,-0.06072692277162921
-0.10311248403864201,-0.18323602674276876,9.081512860149047,-0.20220550570380483,-0.10597163202996528,-0.03327285635218577
-0.11625701302132947,-0.1487381390450591,8.811288720178373,-0.20145765469638474,-0.08683065646643438,-0.001162371967909703
-0.12498272574151933,-0.12105502531387115,8.631429677480403,-0.19080176657377385,-0.03989391144051458,0.028432249168011976
-0.10627028428929743,-0.08477346939367258,8.575563779646917,-0.14889778462973755,-0.0029866468218624764,0.0655856565797672
-0.06736334375952274,-0.02893720826146994,8.626138186473675,-0.11221689135209119,0.04534013963558235,0.08733188649220429
-0.07616704972537237,0.027415171415901943,8.800559241766821,-0.05052825598250993,0.09364331319018875,0.08765012955177512
-0.024568701233011483,0.08204185502178056,9.064188569663786,0.012013887341357393,0.1210830971918341,0.10019176154155467
0.0042067215328096905,0.1311170030075496,9.426193529307396,0.08129135451182701,0.1376658062554887,0.09539071955343842
0.05134942169718499,0.1806972667798555,9.805579973144978,0.12580234370243193,0.1390322032828076,0.07694316397295888
0.07897034202904857,0.17931439839604543,10.197963323076081,0.1720693932393956,0.12685992368764637,0.06089814264170186
0.108866693262629,0.18307220708849736,10.54516767085606,0.19512773365144395,0.11174639609582997,0.03812175947921627
0.12628985528231818,0.14685317883348872,10.82504511167943,0.20400283909770514,0.08450101893421644,0.004370530682613309
0.12109752245571749,0.12334367808519425,10.998041999692623,0.18954754717813027,0.041405434277848395,-0.02425052742942478
0.11958373758766021,0.09147782187833148,11.067480161525861,0.15280123689255012,-0.012016387068107856,-0.062442450963217384
0.071922917796542,0.03129804204071699,10.977035410865966,0.097185313981172,-0.04660873321401622,-0.08077115624455836
0.07467477499409307,-0.06334979966821791,10.822791191569959,0.04686302990753243,-0.0951286954708555,-0.09896120517281902
0.03016129864166466,-0.0763970764249982,10.554351483598781,-0.014423798029719787,-0.11159599211452977,-0.0988028104732386
-0.0016654953957981923,-0.11199022311260916,10.211231631036382,-0.07383759292907442,-0.1378194179634497,-0.09343100742390004
-0.05648920703576197,-0.17638458550001432,9.815855690707147,-0.13253131317364128,-0.1460559114250755,-0.07605045035495488
-0.0852440412952674,-0.16564124450157983,9.437207821212054,-0.16410282705711746,-0.12773824429621378,-0.05213943341209412
-0.10160434871712692,-0.19994706693010472,9.076619922600557,-0.19408110592225492,-0.10801436849099368,-0.027372619470348466
-0.11702210578495041,-0.15284100092257416,8.798751657638714,-0.20408888340952708,-0.07778564496302195,-0.0042123350770410925
-0.11729360480949283,-0.12729206703553145,8.62541467977692,-0.1875876111112571,-0.02839753709580606,0.02422500580251269
-0.10185119799290755,-0.10044707157855728,8.559974445736872,-0.14332572418705775,0.007262932303463316,0.06145021187906487
-0.10479906346927059,-0.024510416291937585,8.614920494886913,-0.10234489707945793,0.043907003049972124,0.08845630065270381
-0.05416060403702753,0.03744360098251377,8.794606835078241,-0.042779451562929616,0.08815807384794727,0.09500900739114676
-0.027094546146870426,0.08470035807409863,9.06637121138576,0.009116084958489801,0.11418652456307672,0.09236299301547633
0.008657987352775568,0.1320141593661293,9.427955773790313,0.07182349063393839,0.14068817333260522,0.10550204175297316
0.0349612792019495,0.1571239159123426,9.810091134499926,0.12543642591812937,0.14134519045996305,0.08329666313276726
0.08262227158944896,0.1629052278649786,10.193388954034665,0.1707293013371145,0.13372751404387218,0.0595626002615662
0.08345899226203615,0.1833063340637941,10.540198095310805,0.19327919385840153,0.10359941562593807,0.024977649535046418
0.12207295476016013,0.17434302383857272,10.825311693738293,0.19703892461418152,0.07925439787260902,-7.4331226849717684e-06
0.10762130682978774,0.1362595248612401,11.005064230813822,0.1834761239550237,0.03907474756022119,-0.027551448563165798
0.1109549825812876,0.06574429521979132,11.050955888027959,0.14899826152351794,-0.009209000398234784,-0.0563350081227696
0.08972395024822528,0.015960363652170323,10.988519168010747,0.10476759010968521,-0.048239295131551764,-0.08435313074915927
0.07130746178911818,-0.03500462492367411,10.828907322613679,0.053587812259922464,-0.08338329229260098,-0.09541829319127514
0.02573156007442398,-0.09453306565376546,10.533730499457732,-0.021889716564803492,-0.11563865927677816,-0.10307999433632525
-0.015841350730922396,-0.12698201891318828,10.200651137639337,-0.07353524192665817,-0.14141487768103547,-0.08675745405495498
-0.050783022644809606,-0.1572699983696193,9.822935273589984,-0.1219430739731532,-0.1413063885917952,-0.07637527048877342
-0.06841482009238545,-0.18923837217268222,9.436682635458563,-0.17072326814198607,-0.13416802155507518,-0.06132856702432886
-0.09848147931684367,-0.17155439421089044,9.081171415359451,-0.19679358315956377,-0.10984369006174981,-0.03665985358434369
-0.11997084252243234,-0.1555361609308524,8.804399233153974,-0.19486523924071547,-0.07851997696563653,0.0014775896483060949
-0.12144972487328791,-0.13160815102617143,8.639194614232634,-0.19021758130188596,-0.04141414214210817,0.02852178242555615
-0.12306473600503187,-0.08302747774447568,8.54132483469685,-0.15308189510658832,0.0018346159050637626,0.05675857840702345
-0.08756950734003716,-0.043677928315083964,8.6174646692224,-0.11086600704612273,0.04746790063952862,0.07527762444059427
-0.07602968227233194,0.025578785738996874,8.805516691823893,-0.05737223919087722,0.09037693828545298,0.09007592315387859
-0.021146429699839424,0.08184834183658343,9.072570138571729,0.013564098483101274,0.11701011389360715,0.10081331158894405
0.011317214981685907,0.12868551903146072,9.433646983500088,0.0689506637784974,0.14146972584956846,0.09374386973022716
0.06582581547363017,0.163448340107224,9.809685167517557,0.12878518488090382,0.14560625932001997,0.09333221231205809
0.06979679781263765,0.1797502798525908,10.197325193851405,0.17538248077107266,0.1393113100909167,0.061678159844661386
0.10195055834196509,0.17565667230696966,10.54253416805163,0.20342048004723187,0.11765439593592193,0.025059029383009468
0.13127210427763433,0.16263455202343863,10.817091155298215,0.19995404309018297,0.08676238735880036,-0.007766695452245645
0.1290892706359032,0.13523913397390516,10.994443765663753,0.19039255107742056,0.033590362779194215,-0.02899501243085101
0.10495762286770961,0.08088331727012839,11.062169330374696,0.15496325070742922,-0.0008508017326266681,-0.06083444719917068
0.09246904037383792,0.030620278036515042,10.992624125642378,0.10375121847482063,-0.04104018493528521,-0.07429632036087257
0.06196715146209002,-0.029726251490604497,10.828896882036657,0.03839785257110344,-0.07856691790123588,-0.09372364758418728
0.02941644836569088,-0.08696333337535743,10.549957372762485,-0.006191558171639825,-0.11947050534512615,-0.1099125623746131
-0.01587768572964672,-0.12315250093430746,10.205066574496406,-0.08051315004125702,-0.13106747659846174,-0.10017538346152174
-0.04744476429863091,-0.1648591323644141,9.800968605152175,-0.12192968289044179,-0.13956428910105895,-0.08422605066199759
-0.09138230124464482,-0.17470717069880837,9.410132944657018,-0.1671232945028567,-0.1225925964448334,-0.056496707989481997
-0.10169086745534484,-0.17754537891301492,9.075234948589362,-0.19902926694007003,-0.11774771579887983,-0.036081267439314293
-0.1132856372828749,-0.16277646989516614,8.821919161939807,-0.1979264048613723,-0.08279408768221232,0.0008526022069518822
-0.12137750881472308,-0.12984802068459786,8.631309024855828,-0.1746319166111167,-0.048409245956363554,0.024305120268078417
-0.1234477264050223,-0.08571226979591454,8.555564429531946,-0.14529017455256396,0.004811014557358822,0.05888103882043619
-0.08276904604403948,-0.04124592828657565,8.624575451706487,-0.10823035182487,0.05845098904595153,0.08280382503063628
-0.059034956306816315,0.031300043750603385,8.804549452290898,-0.05158163813166135,0.08534034641786392,0.10244051836327994
-0.0329689222081467,0.08364163664574568,9.064321328708465,0.014825059993628629,0.11612207789267681,0.10122783794416726
0.008043438667062284,0.13413290028923489,9.434685763983616,0.07444007045000021,0.13710557307623453,0.0909945873481805
0.0347248458547817,0.1561656695926065,9.808660606985443,0.13484222437576002,0.13935885200077414,0.08831466581674667
0.0703946012202069,0.19295941491055893,10.195545796211816,0.17350527833127585,0.13365802770559237,0.05779100250028507
0.0984693642994317,0.17473353430229852,10.544921842641045,0.18568799500619063,0.11277231602354755,0.03468533913057882
0.12671316916849049,0.1533441153454483,10.830427564083127,0.20177977294758678,0.0747198565146316,-0.0031529930930086457
0.11444212638647233,0.11927339866868461,10.992779188103315,0.18440101711320733,0.03888584327380495,-0.030531978074677397
0.11564902855497988,0.0677759226307717,11.046344239961725,0.15315397813703918,-0.0003782684897247622,-0.06285645139842358
0.08637077132395045,0.04034054204899027,11.001404287712125,0.10691150161548356,-0.04248890711680137,-0.07934239533165521
0.06393473709758654,-0.017268343863138424,10.804921978279358,0.05401537936714511,-0.07906954622954522,-0.09111382630066822
0.026029637409376437,-0.07698330074045757,10.542322736604486,-0.009435054989338693,-0.1139397309461497,-0.1024739572037642
-0.003303789441009965,-0.13450424873183733,10.20576623728768,-0.07901635279826281,-0.13257545066689141,-0.09783330156637164
-0.05100869178278369,-0.145927183358587,9.814632751228073,-0.12913659728599305,-0.13618938009973752,-0.07906554928963672
-0.09117810824244868,-0.18061009919891854,9.432067605557137,-0.17204993961345175,-0.13480174867772904,-0.06283197253122387
-0.11382744732119722,-0.17992362853490912,9.08023124555606,-0.2025584328583652,-0.11399015293685523,-0.03840722372675004
-0.12114082262179104,-0.14884691983951814,8.818011432941612,-0.20003324920847285,-0.07957162906337248,0.001854496329163023
-0.1295506332789955,-0.12195159335156586,8.61647343760978,-0.17607269977974094,-0.04573116532930998,0.030447383491049574
-0.1072456231549139,-0.06403847674657398,8.563185053416067,-0.16152865442564898,0.00612243698067403,0.05820581476833009
-0.09440344626570858,-0.026089740827295007,8.61767439086137,-0.10578709551248246,0.05237719788045674,0.08355904718130681
-0.04295430421054951,0.025060636592676214,8.806383167190653,-0.04830242506779049,0.08201183628633622,0.09843671853864153
-0.04106251818762517,0.07689482297585554,9.074775835626017,0.01576269716588825,0.11779265722948916,0.09919495136820544
0.011917307671442627,0.11255956885211915,9.437479516066867,0.07045401430787575,0.1312087239684077,0.08946491494298532
0.03770657688898868,0.15818855862860945,9.805753472356766,0.12171798449354329,0.13485742691583608,0.07765670636610142
0.07465067151936675,0.18695309261736404,10.20752825517439,0.16291434436519142,0.14210570282867133,0.061631712333652756
0.10390321085701183,0.18256209526634476,10.549476681609905,0.20080387180548906,0.10580009199682414,0.03149951860729855
0.09828283167125437,0.16050745653549087,10.821011554415952,0.19457296679865824,0.0725510431846625,-0.002837311065943167
0.12145276244787656,0.11926340247689805,11.003160184071797,0.18279866095927993,0.04042965381683274,-0.03490780180331303
0.12575057897853884,0.08346228600069612,11.062090115100235,0.16349160044995187,-0.002745325729885054,-0.05576099767426167
0.08704979455990498,0.03618202855143228,11.001668282810991,0.10199550826032096,-0.04379562699364931,-0.0820619571362036
0.06402961946520615,-0.02479112893754422,10.81961627438392,0.049733732330498846,-0.07555591424297727,-0.09136938288262846
0.03536017497153257,-0.08045538068646531,10.539118857305152,-0.009004961423936964,-0.11950256035603511,-0.09560328183894863
-0.0115998702419789,-0.13371119949589244,10.193590674008998,-0.07018903815994719,-0.13724656341298674,-0.09664246072086134
-0.0513778825852847,-0.15347987029816212,9.796534840176445,-0.13550141923275982,-0.13189627693927644,-0.0761014029577773
-0.09680377347220122,-0.20285158445669813,9.430464343691622,-0.17337409488767092,-0.1271322787823446,-0.05801484390901702
-0.09764392931512703,-0.17470865621417536,9.065387122857056,-0.19263738313257125,-0.1068108509881026,-0.02947871410215447
-0.11779114994808264,-0.1397824166354424,8.796987580589391,-0.18984130938354962,-0.08189698325262643,-0.010855231238393728
-0.12765962432467776,-0.13928986512608485,8.626363714962935,-0.1891040252107526,-0.03372663572949637,0.026131262882519116
-0.10951454559812446,-0.08357825749420689,8.5667151737368,-0.15543650237744375,0.008103847223092556,0.05426663990615322
-0.0953467438012951,-0.028142806830848813,8.606982139136365,-0.10356891443718075,0.0480794740402094,0.0793604214963815
-0.06617856565968738,0.024536220476849568,8.797993972429518,-0.04492344320400442,0.08263741545935814,0.0957047218147577
-0.02231047217766097,0.09008025598400228,9.07894639222999,0.017725289828576032,0.11615038905200332,0.1007762124513463
-0.00041881704882911625,0.13111514638448385,9.424144885905388,0.07103585977066741,0.14259681366553315,0.09650699670339201
0.05510872336562171,0.1616357277914359,9.820752599661345,0.12618329676286777,0.1344704656627924,0.07742491742562757
0.06741639293747897,0.1841745263960986,10.18969678776931,0.1708848386481721,0.12782890226955665,0.06216370750020175
0.09747024380344403,0.17790542755767075,10.52833923632401,0.20046075957697207,0.10767224550155886,0.03986394750783365
0.1322693722227807,0.1857839083935975,10.827753851102779,0.19829397625987571,0.07689353399505551,-0.0018551386743992436
0.12857699160671077,0.12843365349667088,10.994523956412005,0.18518496241711976,0.03927739339893867,-0.03430421021131441
0.11130815122031534,0.08320955864453355,11.045931675219313,0.14783879527120733,0.0007049220188395725,-0.062276770845084733
0.08315305922283676,0.01439577451326671,10.997552546244409,0.11498292070364881,-0.04482471712752384,-0.08052635597574627
0.05771697815716513,-0.032584485607727656,10.831115706776146,0.04879304907645695,-0.08525784925800726,-0.09776178232455349
0.027747003943217465,-0.07261024058913025,10.534625544423111,-0.008935245909276487,-0.11423194390465852,-0.10865160289155748
-0.009988056383043563,-0.13801919307251906,10.214959210600304,-0.07511815305450141,-0.13123442442130048,-0.10236202133169445
-0.04745716851405072,-0.1776777822054814,9.803296947243622,-0.12841720212133848,-0.14834883415695835,-0.07574868968461514
-0.07884454235509872,-0.17753782213724348,9.424424843864392,-0.17730887710342144,-0.12646997665110152,-0.05229792248071155
-0.10448685594793344,-0.1668054658252941,9.065515375291584,-0.20490301236229844,-0.1149433223913354,-0.022818057350276026
-0.1284216325553679,-0.16000594265344129,8.799061639820945,-0.1932268706112882,-0.08116519163099291,0.0012200364310494154
-0.12369023945085816,-0.1299118748484291,8.620109372056982,-0.18490618084622756,-0.037653900223027316,0.02603134183437609
-0.10321032684845224,-0.09651520535852726,8.548084048781352,-0.15193629684195806,0.003710903982164772,0.05666003097975277
-0.10162397532725627,-0.024461485928237284,8.643785970382664,-0.11191205530519148,0.04956643990507643,0.07349675693349884
-0.06346760070307961,0.033527083860362704,8.794766059679153,-0.05253705522971861,0.08627119410280525,0.08748350682877827
-0.03371883285669991,0.06753540205071819,9.071312734175928,0.01963552981273297,0.1141702498447513,0.10127627437895506
0.01117904567694395,0.13641179785921645,9.431481044066093,0.0839683579490446,0.14199817006999738,0.09777331971647152
0.04362113562849472,0.16654288901819245,9.824514039066717,0.12573716737867374,0.14348063208586154,0.0906415081605909
0.09041703156223192,0.18685487344712573,10.205282737912773,0.1731647490909873,0.13333848423554776,0.05829142480039012
0.10682452030380685,0.18243962261976415,10.535122124381298,0.19509932767723764,0.11427385688121086,0.024028331236049735
0.1063913773440329,0.1655744541534924,10.822982515044655,0.1988837519700779,0.07542099231155609,-0.0006981161559379842
0.12492797760648239,0.1313886452170481,10.983769665509822,0.19455626701844064,0.0502299355406454,-0.03239816536970032
0.10433010443025101,0.08859508042861071,11.067213640650579,0.1507024292267788,-0.009526119127598542,-0.06130627010953005
0.08606132997582791,0.013529456756865402,10.985739140260707,0.11187034972927869,-0.04656594440814131,-0.07923494727102308
0.06446170877162348,-0.04024535845826855,10.814845632379834,0.04992885092596283,-0.08699418590361073,-0.10120532942201795
0.023226822068693337,-0.08767732524504343,10.544705953333386,-0.014408466418879991,-0.11723898315719379,-0.09934635366201162
-0.003145395711187722,-0.12837409964303223,10.199831295457743,-0.0684075532296911,-0.1366256630046938,-0.09182044564083584
-0.05292628156913523,-0.15731222942458925,9.807912523012924,-0.12739286495541968,-0.1437988544308034,-0.07375095153080051
-0.0835494546631645,-0.17519889268091585,9.435881426445139,-0.17028947029873226,-0.1258861865858296,-0.05715501343614127
-0.10802282221867605,-0.16883457539344626,9.081054351291927,-0.1872519921489244,-0.11683477164981965,-0.02560190303747157
-0.12141091265709061,-0.15115703009435993,8.803886555063823,-0.19324008540160723,-0.07402982028167572,-0.0021309659643687293
-0.11076462106918922,-0.13420195889377143,8.611344147415183,-0.1792866553117719,-0.03611338815794324,0.029464418003746967
-0.10549694893146559,-0.07973869297619911,8.573594943180364,-0.17240745916499225,0.002183477463784611,0.06558934693161515
-0.07699774931475245,-0.03486217129163337,8.61475483347682,-0.10346590341550103,0.04979482411857616,0.07409577298357775
-0.043810002979573576,0.02673090668246598,8.812629096495183,-0.04696114837540483,0.08477255942203796,0.0931172652652595
-0.03540653768199439,0.0843635929959115,9.091445995089758,0.014149703536626316,0.11011187958751094,0.10564219235977126
0.010851595260374793,0.10006584165786242,9.42783000929015,0.07831653726469681,0.12890221094976057,0.09402270339567455
0.037320598543891984,0.17970727712818055,9.818256104781481,0.13014632181007324,0.14321751200815894,0.079421630222598
0.07237703482043617,0.18232761532592295,10.171607884864121,0.1731963697357936,0.13484574922830114,0.05738023209849849
0.09773119498824516,0.17300579568178756,10.543171546041679,0.19280939397505908,0.11202131474850224,0.0314032641643052
0.1084285636771438,0.17576395052484545,10.830088568088039,0.20697729982134933,0.07699005707839354,0.005341904972435538
0.11114305533038453,0.12444342866353288,11.00621672751545,0.18919119287640623,0.03840391916339449,-0.026364711782526005
0.10937304425218648,0.08270745694322906,11.050242213295201,0.15568107040946952,-0.005715698907999965,-0.05879282551804127
0.08094355359975862,0.024182592426679566,10.996470869050016,0.10813531271272925,-0.05586650837548981,-0.07549175227094221
0.06868817228386978,-0.015020948289745886,10.800980318927115,0.053808140878224595,-0.08525578825923823,-0.09342400195983845
0.019818773127183532,-0.08262913969398708,10.548035508086924,-0.009215580872396826,-0.11300463697401833,-0.09570435998703727
0.012188309519015944,-0.12613966546371852,10.181204615758961,-0.07583149936256285,-0.13401633522922365,-0.10022010933990241
-0.05034127668475342,-0.15078706758685864,9.819043822742271,-0.12389198554343245,-0.13109455856571453,-0.0721568767147896
-0.07802174110709523,-0.17311523024705744,9.433190555917042,-0.16893707144895836,-0.13685070833402108,-0.05760582741059557
-0.11313458454601813,-0.17820620640616772,9.071473500119158,-0.1845645690563319,-0.11411677626137567,-0.04455905202665907
-0.1032370686052286,-0.1514618647041448,8.802898964474958,-0.19399775761523214,-0.07828254479667895,0.008386150104506369
-0.11060214806714862,-0.10691501219200018,8.619442564838582,-0.1884245185103514,-0.03813724278058889,0.03101114403019436
-0.10815199231446014,-0.07910801826621096,8.56193526716012,-0.14131488400964537,-0.005418110002953037,0.056872641919778234
-0.10145172133708726,-0.02714543820688197,8.612001279245094,-0.1161769857241459,0.05014527769898206,0.07792527978245957
-0.06026582158897286,0.029601899658243336,8.80370869801719,-0.04483496063741366,0.08680363870829642,0.09733047611915865
-0.03613224979467623,0.09227269805017221,9.062138952792537,0.010842783159823014,0.10501994656089056,0.09555801623145499
0.021987084349554382,0.12254195638938428,9.409089315732711,0.08467854056321558,0.13377083287869412,0.0921937296560806
0.05320375893184988,0.15819078433335876,9.80902457346654,0.1301075677740063,0.13589759681611774,0.0780852498629038
0.07936139455033256,0.16549680231373262,10.194581296731796,0.16583835532373187,0.12956128128830274,0.057245657462812405
0.0832808497643106,0.16830047898397563,10.546909979209994,0.1928167294527351,0.10412075375351867,0.02824146404141173
0.10901847484097718,0.15620259246142162,10.816075183046776,0.1959167393771392,0.08102858316846644,0.004175556421115801
0.12506024256637105,0.1267753820749418,11.013906178695214,0.18376758702469334,0.04816495873440362,-0.029630557850151527
0.12023038881412947,0.09579996846275077,11.061284839915036,0.1513251993774359,-0.0027628152513413115,-0.056884928033822106
0.09955065943878863,0.032367461349266206,11.000683699597095,0.10191100720069332,-0.057928708208420866,-0.07790068404080848
0.0492150525928276,-0.03553351107082733,10.82284911398791,0.04937205339865201,-0.08413407432386584,-0.09559843812731848
0.02957321988104269,-0.08761310592643126,10.552754844317263,-0.01236789899001363,-0.11659010524105032,-0.10510150747176054
-0.002164120509902773,-0.11633754880380107,10.200879382284542,-0.08024917105122832,-0.13985944189688881,-0.08605239957255018
-0.05999688560169383,-0.1514044420220269,9.813536143197663,-0.1371348812627656,-0.1381721852688555,-0.07621196710880912
-0.07866111836541559,-0.17757114662495183,9.429616629870251,-0.16825255038841846,-0.12742907396923542,-0.050642757611646536
-0.10058111588382088,-0.1813116336094064,9.060671517538054,-0.1914896002582348,-0.11415372508637459,-0.025644813185264813
-0.11929191934902302,-0.15134552979736915,8.784433975826655,-0.19583531286066114,-0.08716630382915926,-0.0022133427821699764
-0.13437544835678178,-0.13516949504122405,8.620570884668664,-0.18254060000957392,-0.04941443802926829,0.01924597968249467
-0.11313290416093988,-0.07851105867214961,8.558418608938545,-0.14510485357821454,0.0007595076542486969,0.05270462959789472
-0.09329574438888368,-0.00989824698269947,8.62581783338346,-0.1006814471095248,0.04635427035331715,0.08413630534194215
-0.06313573584715407,0.02987972844729851,8.798888892248723,-0.03462259335868517,0.08298202669232867,0.09462422717980364
-0.03166857282992798,0.07558438620944201,9.07992335411006,0.02982725579123254,0.11220050081675137,0.09790071153156271
0.006744145015819589,0.13061848789100275,9.413763994874696,0.06647712615660185,0.1371938768587542,0.0826004944611817
0.04641255081825885,0.1566572550589368,9.80991404343672,0.11785784429136476,0.1422544346565403,0.0807840040607354
0.0821375190821864,0.16664341915671782,10.185542789065,0.1697703761599316,0.13282586462367368,0.05329799993006382
0.10033644096743452,0.1833797101000729,10.54782642884053,0.19667036516323358,0.11489369659863037,0.02719559238624347
0.11360861124330482,0.16928766768740494,10.806244962629746,0.19910697162543883,0.07566610301112446,0.00416200624732933
0.12029698581960678,0.12473562465083286,11.00160712615729,0.18881437414782562,0.033883280656247274,-0.03613157914456883
0.09515999187318908,0.07862941646384133,11.048248004952823,0.151617227079909,-0.006699601493310657,-0.06351855825239855
0.09449358196465599,0.020386995780873402,10.995752423023156,0.10219703272711232,-0.05008830155802363,-0.08002579347134973
0.0619466518337778,-0.02943636779304568,10.828430664500264,0.04530728004148785,-0.09581850179076258,-0.09077115631842277
0.027478349639309185,-0.08628820910691863,10.546550605274373,-0.01532486165238669,-0.11834475447779727,-0.10201349030317541
-0.0026023677810079193,-0.1354237997632696,10.183105961178898,-0.07105007737454375,-0.12883012644720634,-0.08774218494432072
-0.06235272531741947,-0.14527997416786184,9.804620849242472,-0.13127724093087148,-0.13593603727272138,-0.08724298627158324
-0.09438855320129945,-0.17406440337274878,9.41171772882754,-0.17125217616374755,-0.1292019783250928,-0.06597717068436826
-0.10058142430769904,-0.17319226102086152,9.06171036663761,-0.1912981187936097,-0.11015316746072587,-0.03851393528150039
-0.11694273751127668,-0.15327779593154864,8.799670062440429,-0.20048037865819357,-0.07170314714439215,-0.00817240458489688
-0.11819673796803694,-0.12105458829335085,8.625661741379567,-0.17971291916431922,-0.04465691630589664,0.03266861419993753
-0.1142243358817253,-0.08495218147896873,8.563524847365725,-0.1575659686180629,-0.000736202487626134,0.05396116512859504
-0.08536247155293467,-0.02589909792609843,8.626000369150061,-0.11134860532653151,0.05275326406804103,0.07390273328914693
-0.05449004586683361,0.026084639115217946,8.798633470224235,-0.04649858917065345,0.08570007899471979,0.09703195025216702
-0.02328894307491773,0.08529697104174466,9.073081312884405,0.016345462118387503,0.11226101974484068,0.10411970706209502
0.008201614574525676,0.1300690653573075,9.415144202414798,0.07094284162442543,0.1371140023568994,0.10033255395401258
0.029868685976117065,0.1573560427241442,9.806479362625959,0.1355615144541778,0.13774796961737085,0.08522606270530694
0.08475177190672378,0.16716195612337015,10.185700455886025,0.17943201669801404,0.12764027013251006,0.054116375351114125
0.11254568440002727,0.17894131834082072,10.537970241148521,0.19100993194962734,0.10648449861257622,0.03219796011232366
0.12204226996612318,0.15871083658054125,10.821982657932224,0.2069229000341221,0.08055538658022049,0.002395843649796555
0.11252101409463246,0.11209990004576062,10.997878196668585,0.17338581105754336,0.040385154314711603,-0.03336028559958139
0.1159176744296883,0.08570859600770649,11.084517824303159,0.15834899879047915,0.003495800711093064,-0.05802635120601646
0.09756153861053758,0.03580225580779407,10.9880542805889,0.10137797268854451,-0.04858223393261945,-0.08721178625820747
0.07442168659315637,-0.008010031187629704,10.820270453202031,0.05290209775060796,-0.08709780175451463,-0.09827096765695965
0.020151922032707548,-0.08491884207009494,10.533341708475977,-0.019130399736844696,-0.10841874362742614,-0.09814102429820101
-0.01209987891811416,-0.13164523344203335,10.193168955960958,-0.07561007676797447,-0.12942614525672866,-0.08754054869769995
-0.04075202466788347,-0.16929269305457087,9.807223254543128,-0.13289411543024823,-0.1392158129069971,-0.07509244231534952
-0.07813860167092052,-0.17612721065484818,9.430487797241243,-0.17087673613807217,-0.1396329612227808,-0.055402600292656354
-0.11171047588669604,-0.1761528764406301,9.071671102320732,-0.1849995828691782,-0.11487053158832877,-0.030419005096202278
-0.11356887239003434,-0.1668353631613038,8.797198200230923,-0.20002608565343494,-0.08421811376204347,-0.0002876383277234732
-0.11492886044305012,-0.1286223170834483,8.617736810931271,-0.17474496379791005,-0.039173817947047614,0.023747869604707445
-0.10982361610970405,-0.09747662719173156,8.548791586047543,-0.1548975002623692,0.0015462275494615512,0.054672579056082436
-0.08892062152940731,-0.020668504927187817,8.615962535656713,-0.09820796302515442,0.05514631216382201,0.07693942083542998
-0.06402080382425063,0.02207144891192206,8.795673263310634,-0.05615019737331337,0.07770486844165383,0.09800676335419156
-0.015334569940803996,0.0815120112322241,9.075859041701634,0.012891474530168263,0.10981021269549632,0.10472469968357057
0.0030827047720583516,0.11592199089925721,9.428200335329068,0.07258708916821172,0.13557752314751545,0.09876112906706856
0.042031634974932244,0.15575849601537275,9.80812322792239,0.13653206545154048,0.14254748467463121,0.08676297257230164
0.078685766350645,0.1755596166786037,10.19425383285676,0.170733576579341,0.11889221645539552,0.059068180438961226
0.10980348729189937,0.17768109510940744,10.530965060097733,0.18370878716559788,0.10213420688107758,0.02590285437709694
0.10490681730949138,0.16418285260719076,10.825589119106672,0.19293574839685027,0.07762962130940297,-0.0003381787188983275
0.10907577951544803,0.1387354786953087,10.993253462271747,0.18023316067064307,0.04613629498897075,-0.03461005482630708
0.0942254912184695,0.08750898939875505,11.065976985905838,0.15763868892745264,0.005350871303901174,-0.05556081176675781
0.09093886274887387,0.03577683525502566,11.009352164951782,0.10969182396247164,-0.04920427515042422,-0.08274913212388477
0.05300471007311354,-0.01666805010975237,10.819767922755158,0.04651973717594585,-0.08641528939762476,-0.09562562486266026
0.024084400546390394,-0.07723159899134462,10.536545075119502,-0.01706656877514493,-0.11980124006648224,-0.09653184967778601
-0.004997216722624811,-0.12762919583459004,10.196137654064053,-0.07168569789058625,-0.13118834722368516,-0.09878373341739441
-0.0518625428432915,-0.15234442956101474,9.812789615984226,-0.13449115290969552,-0.13229765650334124,-0.07602975745284873
-0.07674762606048721,-0.16921227161905358,9.421204597021294,-0.1675189877594197,-0.12554779392296966,-0.06544487444111856
-0.10516655833229828,-0.1725828951813693,9.070756127359463,-0.19228661302947825,-0.11095626074019152,-0.02928475045038408
-0.11150888814947896,-0.17198201325929108,8.803237014716885,-0.20085934463580044,-0.08314029830077027,-0.0003659807494507046
-0.11575712897478876,-0.13395455925219196,8.625159980828654,-0.18330808209232083,-0.03931509181001353,0.035122578356252744
-0.11606278884974464,-0.08384613468884579,8.557229682877383,-0.15245796569151973,0.010991866644350052,0.05197824191621749
-0.09202651497405219,-0.02184255074397043,8.607946825308964,-0.10317968907040939,0.04512920220787457,0.07329973949444112
-0.053601209429003045,0.02806611163673108,8.802379782514326,-0.05469224588315401,0.07648490936378272,0.09888318870579334
-0.02401378646450221,0.09088421111112899,9.06912981708683,0.017396529709698426,0.11381686501347082,0.09804535011839549
-0.0008874542202382731,0.1378574312996054,9.425443485634343,0.08040064574236692,0.13295925045567814,0.09462425145059236
0.05197514556639859,0.17001068856047194,9.811209257853342,0.1304482945503563,0.13083381361946347,0.07755089457741493
0.06992099726294325,0.1874406704225888,10.181159663552377,0.17281341190412786,0.132988084269862,0.06327094458045755
0.11407195962997894,0.1694754706478249,10.545380218840902,0.1935996064267855,0.11334128099318262,0.032313586342118616
0.12507859338897837,0.16420607647864935,10.825387503171683,0.20394305950178196,0.08824710284918692,0.001114806203123963
0.12187723732091899,0.12236264569977835,11.003917864691424,0.18562270755744095,0.032694192047333245,-0.03683397171501694
0.11178518202783778,0.06845477120573007,11.06093892600877,0.1472287310446215,-0.0004353259657368367,-0.05634258395951454
0.08900504289863005,0.025779749853412852,10.983003157017357,0.10976786731861023,-0.04229760694372686,-0.08591475970218393
0.06737934822196834,-0.01763898726427563,10.831487891466212,0.039851003103216764,-0.08296394985584372,-0.09842573191489369
0.024194576070839757,-0.07810332596257503,10.548019746705993,-0.012910121085610854,-0.12065091944427794,-0.10682669915006718
-0.008403683276636745,-0.11119306329678817,10.186644688333805,-0.07718875334506742,-0.13967901262682747,-0.09586096934235931
-0.03975472614488329,-0.1589994836489178,9.803697895678697,-0.13108416619607338,-0.13945432066439145,-0.07552727408161801
-0.08309233459062658,-0.15821392387799976,9.425578550705787,-0.16894738889952618,-0.1313770093106448,-0.05757341773551554
-0.10770139699021579,-0.17635125208095853,9.080706708180788,-0.19769564396792377,-0.11360842680005008,-0.03302660982255196
-0.12644072651604554,-0.16016515011377414,8.79482505418054,-0.19692536659982776,-0.07248945470743036,0.00063424582766612
-0.12807393548258125,-0.13745799873079503,8.627783557890098,-0.1850124887544325,-0.04135983474401056,0.03150393923481269
-0.12515448177188077,-0.07276279993426324,8.545657865367199,-0.1560549072139569,-0.005380570598416036,0.059180455145168134
-0.08483867063472603,-0.03209651994138528,8.61283968254229,-0.09897588869396416,0.04601150512708064,0.08184036725969501
-0.04747984027410705,0.02306050187402191,8.782213844952537,-0.046997821289260236,0.08796342125174761,0.08993299500676186
-0.015758169878761774,0.09203910655363982,9.068089193491497,0.017478024474195705,0.11732671704037068,0.10053265262629249
-0.002720433667257525,0.1366013196200016,9.435793374507572,0.08235058274230263,0.13602549215881424,0.08630202012293564
0.052529038449487316,0.16947373574874725,9.826462417876709,0.13584443012652003,0.14741024949759396,0.08372775842397508
0.08997473304181965,0.17489881683430608,10.198147966714536,0.172706259918449,0.1262539447513608,0.05319314672177121
0.09911737522438023,0.17736361496265324,10.539624131707438,0.19263591200878427,0.1086927159351541,0.03670549444086505
0.11769738211544999,0.1598661573014381,10.819498123761864,0.19233787773278102,0.0866729099651499,-0.01231469555546812
0.10349500910713463,0.1334830234728036,11.002607364495594,0.186329925419942,0.02951932739673028,-0.022613744661507007
0.11266120862416239,0.09407581920456096,11.047496153186888,0.15844135903598427,-0.004356405358191486,-0.06704621510942438
0.08216882311137336,0.031024691351450626,10.994240651961114,0.10743836064116402,-0.04098718212341824,-0.08695336825408093
0.06354823675406245,-0.012437754306430942,10.832750387564337,0.030798814091920333,-0.07949197325584759,-0.09363768158678167
0.014671178049027725,-0.07461170669925479,10.536365884811046,-0.00997370903291613,-0.11231632941582385,-0.09690638590401852
-0.005945376445946144,-0.1292139334225624,10.190279043774567,-0.07061014332097086,-0.1309271827143101,-0.09649518910201464
-0.038534099673610434,-0.15378763356201985,9.810105549247984,-0.1303496484161607,-0.14514542004108674,-0.07638661012067316
-0.08486332113615157,-0.16414882367707542,9.425993895107357,-0.1648655242728993,-0.124962012190226,-0.06268966394510428
-0.11186723572157235,-0.16178511001836487,9.07026840226483,-0.19100937594186587,-0.11681156623333738,-0.0328159650239817
-0.13413398701064916,-0.15084986172621315,8.799344472097353,-0.20291393063187738,-0.08464970487196599,-0.0014218754752538358
-0.12168946178617353,-0.1270174823981618,8.62604287090099,-0.1789399663364557,-0.03741670617573443,0.028293890083248306
-0.1151800707545973,-0.08338084788903798,8.57569161459011,-0.15930582207241464,0.0016228606436060416,0.049179218853587
-0.10308545624563639,-0.023470962881374163,8.620169399595556,-0.1059530098993941,0.04816527119480078,0.08083035977585216
-0.05832700656026238,0.04162867895147647,8.798398378508617,-0.04880674590460026,0.08771588990693044,0.09455793100797617
-0.030760564481457225,0.08525941502123316,9.087488053402154,0.010196829046102411,0.12450745997693251,0.10539087464469313
0.0016823545726037635,0.13097179324459615,9.419335430164944,0.0767866084330924,0.13652300215095015,0.08864853989091526
0.04229362183191175,0.16082850764559678,9.7994051757379,0.13539538194541015,0.13684763290501836,0.07765260376160801
0.08716831855386617,0.1751732174056956,10.19827323477394,0.17604604200847274,0.1352103374008031,0.06472434880894258
0.10759535062032999,0.17647434583194452,10.553340965566267,0.19776752408754183,0.10665248667649876,0.032283949596494284
0.11584559417826108,0.16142840036497091,10.824159620050253,0.19100678413606592,0.08351341739698058,0.0026583841936249175
0.12451099366129104,0.14096767799734577,10.998044520108545,0.17861671041315932,0.03967921642940088,-0.028718701257440873
0.10124002362925635,0.07972959162836417,11.048412853014922,0.15379928305569396,-0.002085214041389881,-0.05656075348836029
0.09093626175266012,0.028500415517138035,10.99835369140678,0.10549561133876423,-0.05603505758518895,-0.07184844513416226
0.0631297352546643,-0.03515990427253804,10.83113648237928,0.045531335203272426,-0.09681578248642295,-0.09467526348658441
0.023402109358538183,-0.07605621351174881,10.534858628713264,-0.004797403819792684,-0.12312403244213005,-0.10505667721035512
-0.0068045755540914,-0.11640210483988359,10.194313265578394,-0.07473833832896881,-0.12562552494462087,-0.09188427453829913
-0.052973668714189744,-0.14742134204340512,9.80690012214275,-0.12613147374158915,-0.14568107854004617,-0.08368239875309263
-0.07451931658021932,-0.17616942970917931,9.418147120466244,-0.16486786324442243,-0.12816634859992826,-0.059256577563417186
-0.09835698489803721,-0.1731765876188623,9.077251818670598,-0.19387441076546943,-0.11402079667146378,-0.028966600281294948
-0.14022308171582523,-0.16157339506036789,8.802275198961402,-0.1865310858309057,-0.08014779027119781,-0.004018257338938413
-0.11003570788549023,-0.1229987285898579,8.624641969869387,-0.1899983334297157,-0.03957967810688707,0.028434395635049473
-0.13490837980317283,-0.07913558063661859,8.55218552189108,-0.15599879540637213,0.012306825261230593,0.06122935458088424
-0.09560569315129372,-0.027613403811837006,8.6080114850764,-0.11038091513559631,0.05005431535357126,0.07821047025235468
-0.05374837233669992,0.029338912527521306,8.800827864523573,-0.040208442908607506,0.08748722021212865,0.09999989335644095
-0.029699095228548786,0.08540464031068153,9.071221082302548,0.01833444917815793,0.12210040344061801,0.09506917283682828
-0.001441245617993291,0.12498231879087843,9.438435256068797,0.07254687953125062,0.13118839490430936,0.09013064008737756
0.03798030458329958,0.158477350474434,9.82507607756809,0.12452415557276769,0.1452820193105679,0.09037991971073434
0.08681312821299224,0.19145524201611713,10.21219676132381,0.17673178515217652,0.13633441058566712,0.051055760473361834
0.08739981882589777,0.19945579603586755,10.537210678157265,0.1959576415905255,0.11526075449312884,0.03068392264508312
0.12591773147794455,0.15071005689473607,10.825826195662577,0.20653848651354936,0.07817255626054533,0.009168905000659713
0.11911733672123413,0.11714710839242146,11.005788265506926,0.18499572516363874,0.03716950235267036,-0.031128826613632848
0.10098815663680649,0.0739900792341306,11.066066833868355,0.15552611406905623,-0.008437051348034592,-0.05211625838022052
0.08601238036843298,0.0272532115895626,10.99598546181543,0.10716792482042492,-0.05116769952443041,-0.07769132078636766
0.05381336188194995,-0.0210706389010043,10.831504562192405,0.04490117766887577,-0.09014712026581817,-0.09516897619766283
0.03409060303339875,-0.07705923850714443,10.544735365256534,-0.01504474060110759,-0.11378267247093081,-0.10065318713345581
-0.00442881976365905,-0.1259592891753978,10.197296091968195,-0.08118915581633332,-0.13549606078946722,-0.10567484904014945
-0.06048349014804013,-0.1561858404353942,9.797697332385827,-0.12637300332890372,-0.1377833034374107,-0.08244519868138518
-0.0818266191905913,-0.18333303515977453,9.42888687678782,-0.1660010889174401,-0.1293884875116046,-0.0575458001521623
-0.10967734036904044,-0.17972440405911774,9.073185140925888,-0.1891983970133041,-0.11611003794835376,-0.02965919074161272
-0.10653772292257624,-0.1605057488700064,8.80244698792809,-0.19615367220461116,-0.0843964824356371,0.012417808022934558
-0.13035894645858392,-0.13989660873840612,8.623060264229528,-0.1859375226000625,-0.040499378747425506,0.03239065970488299
-0.09769348644286635,-0.09093778349437831,8.561447492613311,-0.1452085842315047,0.00021232950411709944,0.06200083832950886
-0.0909436588629819,-0.03705204740007401,8.620813646051326,-0.1012052441055397,0.042729727001979856,0.08677851094544829
-0.0712466318618049,0.03434974877877063,8.805021554908596,-0.041079002832462685,0.09404048955589887,0.09783547333412745
-0.032578994898606,0.0837521016321082,9.073677294339308,0.021580453329412146,0.10795013742067326,0.09956971549245798
0.0038752915156128626,0.13222402787023174,9.412087177675653,0.07463964081830514,0.14446970135950646,0.09467232521673906
0.036533253860906514,0.1457000848926368,9.814551644850935,0.13078293473200445,0.14138468634260626,0.0790963679707776
0.07935649712026835,0.16592781241833127,10.189799198769323,0.17368015856664865,0.1367590890249641,0.060927947827011254
0.09294853066475783,0.18307714540714584,10.534137470624179,0.18840349407616352,0.11515292176355445,0.029965901685166413
0.09944287300034232,0.1381156353496818,10.813093296295483,0.19385153080857398,0.08203243566143553,0.0030361677155053934
0.11652074174678612,0.13701991288821663,11.001087304403805,0.17879991368756423,0.04766523582726104,-0.03603130592579374
0.09610446970900922,0.06706076470843517,11.059227849575242,0.1524279370143062,-0.009500016564552497,-0.05811586943348636
0.08466001400230709,0.03482627804525448,10.981759181131562,0.10400020124813127,-0.04791367958850191,-0.0731933585013613
0.054678333501938445,-0.03534555998735422,10.818201995424278,0.04084338119927411,-0.08982628907302706,-0.09625608426321225
0.02019107285032653,-0.07339803232215449,10.55408541516542,-0.013577228668564853,-0.1240973089352214,-0.09078495269130754
0.005719462570962048,-0.10167025095830685,10.19266087760127,-0.07574573367842055,-0.13766058481590712,-0.09425990473279176
-0.04627890853968537,-0.17860274585203395,9.808676187572507,-0.12293233659716907,-0.1305775655346913,-0.08113218134268295
-0.0766349141704617,-0.1722333287238586,9.432072688530015,-0.1597424372534978,-0.13269523109696355,-0.058123800169809885
-0.11698304144103028,-0.19223672359384408,9.081632348700012,-0.19186695131176396,-0.10089367911023642,-0.032374621510885764
-0.12211750773934599,-0.15693084110526176,8.806902765732517,-0.2029695492772977,-0.06851850395787742,-0.009814266118369148
-0.1178357324740395,-0.12887705533583474,8.598998925750625,-0.18206285003080508,-0.02438042501306616,0.03538674366525997
-0.11872355058365153,-0.08060904327690624,8.573868184307537,-0.15292192284029002,0.013615398217674518,0.06981367754527346
-0.08341279819870422,-0.035373009120482475,8.626270558114475,-0.10686741281309858,0.058922447026277476,0.08335584145856086
-0.07157272929797463,0.03448121186526861,8.818420568343488,-0.05232973994665145,0.08718789221580076,0.09783957158327014
-0.029451730513455707,0.07020239933976236,9.069009826388173,0.012002919610946055,0.116758552448492,0.09908699739835145
0.005599829121953422,0.13726863637282738,9.40962115218606,0.07437868403846645,0.13582857602919232,0.10086720746358994
0.04804476635208351,0.15714332235817333,9.810057747653719,0.13286401940836223,0.13994061544886272,0.0806532822896614
0.07347396166759028,0.16657482048752198,10.194068264330669,0.1723624605512103,0.13257621328570784,0.060042993172305374
0.1006047060537167,0.1905309164718233,10.549960877234417,0.20327708372847164,0.11457217050268194,0.022991422952757558
0.11499676193602644,0.15980625126052944,10.829870669725382,0.20285808703969901,0.07661855049861202,-0.002735223588384087
0.11368305145444131,0.14248396579095715,10.998122292209905,0.18741794654035304,0.03246795564250446,-0.029149103633237
0.11440807022832489,0.09141815089110945,11.0580743356335,0.15143728562953093,-0.0022698391343188478,-0.05431405305261707
0.09258440794554837,0.021694353271567008,11.003002403925082,0.10047947163495938,-0.0505958118712311,-0.07627899639774936
0.06124224504874217,-0.02891680139678868,10.819220613643175,0.04517226713148877,-0.08850842199787762,-0.10302887135307626
0.023717134758839895,-0.0808209585262151,10.542011708558471,-0.017823213120863577,-0.11633067743162863,-0.10738885970238184
-0.0039158899976102154,-0.11512511266975903,10.20456832247803,-0.08807217318451369,-0.13621509532078901,-0.09215757646415748
-0.04861687502754044,-0.15691718310411698,9.820078222855326,-0.13388669636040418,-0.1343900919632275,-0.08458368232198507
-0.0810514605450402,-0.1763860049379747,9.432400486982193,-0.16179628384233996,-0.13266160530748738,-0.054233929651112886
-0.10193433483118558,-0.17937045858188125,9.073922596932594,-0.19230620194903914,-0.10500900948752248,-0.03896834633547898
-0.1033131092064832,-0.16074944876984065,8.78161044512929,-0.2013690159471923,-0.07791755853038519,-0.0004035354815064732
-0.13028100317774147,-0.1167861413419957,8.61999370593992,-0.18330407280684197,-0.03979872184122782,0.030814685287926587
-0.10436846413590566,-0.08161765905022465,8.553936159898583,-0.16273546008554204,0.0048790355536139415,0.061252447210552376
-0.10582267023675464,-0.031239497080245805,8.620141554478959,-0.10425629796188264,0.04067363837950193,0.07579789512766448
-0.060212971344939616,0.02372082566438328,8.793360029889538,-0.04163427302501917,0.08725244045787321,0.08529914646986009
-0.014560138805666976,0.07735914081283266,9.07510251579062,0.013718440071604887,0.11986285776163173,0.10085632463386984
0.01419759043749377,0.11611877030129258,9.415414551997372,0.06640769146358876,0.13930863135734584,0.09771041333216479
0.0480952017053567,0.15441432234445043,9.799754260506285,0.12677383477366558,0.1331794339989212,0.08588691519512004
0.07411428649199682,0.18978370811194548,10.206052774829132,0.17620364262407232,0.12423299659866163,0.05691413441441108
0.10302023267419835,0.17611862780055512,10.536974304458651,0.1954423512983219,0.1081271650515028,0.03469591349514714
0.11486930014702289,0.16598028583145322,10.821273895970727,0.19239484619649913,0.08587095156506158,0.002340354637282458
0.11327034065012109,0.107392825884217,11.006456764141756,0.1971346178134622,0.040460953799452144,-0.02437384398556946
0.10820831435655003,0.0861937923283332,11.067314433009837,0.14669939487567094,-0.007961409320919474,-0.05912705130575637
0.09226435023185323,0.026788697274889202,11.00517943100824,0.10445216363611119,-0.054396485034271067,-0.08960319162237268
0.05581342006252459,-0.032088403172414924,10.823694175084743,0.04283480433749766,-0.08898200103278663,-0.09547126514458308
0.02071054686104732,-0.08034158238416941,10.550523591833848,-0.019504029881640322,-0.11937466692263045,-0.09955770708382787
-0.021170189742491418,-0.13130214030012957,10.207255948029637,-0.07752839467350538,-0.12967629062988803,-0.09248729075744526
-0.043604400868325996,-0.17740832417016827,9.813400180751946,-0.12566278664831704,-0.13487758317887538,-0.08851305221365857
-0.07423529614669427,-0.17041836237737026,9.409031138256799,-0.16335467542306956,-0.13707740697082632,-0.06026711675536288
-0.10091857151639712,-0.17582728139430986,9.071040168985217,-0.19608004387399536,-0.1070454273689999,-0.02647698743224786
-0.10916443872842012,-0.1628565321209881,8.80429971760511,-0.20453711444139175,-0.0756938552817213,-0.000431913026447057
-0.11885521241692623,-0.13495236100400457,8.616162587161398,-0.18290327533424464,-0.04525448090536702,0.029457197463479686
-0.10739123178142344,-0.09340616198546497,8.57296084911567,-0.150428619562252,0.003668839628037445,0.06838174371445191
-0.08824660154175099,-0.02628837725331978,8.620673916005703,-0.10446490486643117,0.048835887640389854,0.07560367417423722
-0.06268347676610482,0.041144410671112026,8.799410747202222,-0.04664303527620504,0.08637823160411674,0.10129874032641159
-0.03140737605157652,0.0834145938574468,9.084266388225537,0.013761187575329082,0.10706420589601245,0.10510620950551239
0.028001463168101613,0.11627344542090383,9.422265957852861,0.07575839336762809,0.13501029149570146,0.09395242966134973
0.043114593238195345,0.16221825862735847,9.811410216285688,0.12793528180441052,0.14312162888296948,0.08068518761655118
0.0732708605534663,0.17736960220877165,10.203464230840666,0.17515855128435204,0.13972586845420976,0.05852459901656356
0.10624393365788945,0.18468377089368954,10.5329534004389,0.20529150051736192,0.10746730167617309,0.031727244071789645
0.11890063799260919,0.16519885790230002,10.81898885766956,0.20038466242900327,0.07622037399245524,-0.003061221024346471
0.10831982113268955,0.10333629775454704,11.005453871731957,0.18526361067768768,0.038311743002190764,-0.03312661050628244
0.11950874531685458,0.08600923949201905,11.060524801186741,0.15424774428533505,-0.0026318535156069074,-0.06062623438003178
0.08992374434404567,0.02005168363383349,11.010559315865589,0.1023771775392838,-0.04664669886148707,-0.08257018361138875
0.05306370784903449,-0.03961071292089682,10.808663856103168,0.051846626196264886,-0.08254051457069331,-0.09668674792925004
0.03667107434135831,-0.0832970493265235,10.531211551222004,-0.012118137761662373,-0.12124284399113906,-0.11120408477132179
-0.005282837668995806,-0.12404776939740496,10.202428735101659,-0.07736999013506013,-0.13237011077663519,-0.09459001652978762
-0.05684653701261809,-0.17354320169335424,9.816926457719472,-0.12433320335233172,-0.14365138132693894,-0.0834869792827264
-0.064380419520367,-0.17215973457028477,9.422182756976685,-0.16971238380743833,-0.13254456712015059,-0.06804094811439876
-0.09750147612335837,-0.17166471110484322,9.078471589834807,-0.1989994862062039,-0.10227118954062872,-0.032567760364627676
-0.11696737159524924,-0.15996918291261109,8.8046904128524,-0.19772837444335264,-0.08593885381893099,-0.0018162731528804997
-0.10683640306859804,-0.13416386706924419,8.614668448984267,-0.18411150940054866,-0.04075341417375211,0.03736209200955042
-0.10925293700971336,-0.0894823258901257,8.554345212999607,-0.1481663467263476,-0.0022852957393791878,0.056153961933385586
-0.09090196554767652,-0.019872061857206046,8.62269716406466,-0.10150905179380854,0.047897127572373764,0.08429264600776787
-0.06723355753894895,0.016147101497317868,8.805961468710397,-0.04856786599390876,0.09080321908746505,0.10204702679341443
-0.022505997912071942,0.0903050257300867,9.065940779223553,0.011963585124998214,0.11646518687428385,0.09685961728103347
0.014101065980355588,0.12601394499660018,9.42214517597583,0.07527635784513369,0.13377079995643917,0.09484077592012644
0.04684764219615129,0.1596506488139159,9.808046106946344,0.13066008184588576,0.14658231607107097,0.08949309925650589
0.07227799141148698,0.16413164426343826,10.199614915808992,0.1722261045379894,0.1334804097837339,0.05985177345707236
0.10381129390361583,0.17659768884406762,10.544661978405477,0.1956562640545121,0.11490908795846971,0.03268625450041865
0.11632741238415148,0.16525367661109897,10.816904174298221,0.19903258695310877,0.08252392670932787,-0.0021247838569970145
0.10889035896369759,0.11653159732459885,11.00880917161502,0.19028055701765365,0.02497487481075763,-0.027550615221986652
0.09875282046975752,0.08563638879462786,11.055685940147034,0.14959692798643576,-0.00447127715027717,-0.05904832479395972
0.09519852797732324,0.028791616939281957,10.996483874464761,0.1180638038049587,-0.05252216004402025,-0.09011420979779908
0.04113605009034896,-0.03338692789996186,10.80853926188132,0.051837086241513765,-0.08970863898131066,-0.0969091294464031
0.02880408564221991,-0.07495187735160111,10.539022558350828,-0.019961446822913766,-0.10824398074343518,-0.10591585477724035
-0.014112906703793057,-0.14495359242147077,10.200399851579416,-0.07434149244016061,-0.13622840694973004,-0.09451705714807282
-0.03626422822199313,-0.15764387882110822,9.812564815650875,-0.12498011985738017,-0.13047746344678074,-0.08543383586725241
-0.08254562791565784,-0.16484086464215822,9.42852489295189,-0.17155417817676155,-0.13886633971122797,-0.0563162503528646
-0.09749598135627141,-0.16625187677229133,9.079676292922029,-0.20162492325171452,-0.11622961157829843,-0.030593688185406056
-0.12006111340015062,-0.15722653871870065,8.815430469321726,-0.20468171637846222,-0.07513588647034357,-0.006151530780740027
-0.11864816828568335,-0.1296363242364773,8.615196484011513,-0.18258600719581916,-0.0410629344303507,0.0285231787960676
-0.10463262703298579,-0.08673372230897762,8.547044610052522,-0.16174151981973073,0.0056245698051920765,0.061952925233695534
-0.09437774667745152,-0.030502925261117045,8.612774930662447,-0.11291350940343586,0.046570253567748326,0.08669366028746228
-0.053978717534776344,0.032587340972644735,8.793099542344661,-0.04533756060607744,0.08484917332069514,0.09062086062011902
-0.03511038444338296,0.07533131159985448,9.06747381914146,0.013211273722827415,0.11409573093640042,0.0945127583514362
0.012644984982228205,0.133394928814044,9.424478043812444,0.0717887371468167,0.13525184602515533,0.10483318667094114
0.05411131885933404,0.17748260895508358,9.820021239244406,0.1263698767109265,0.14314849586345033,0.08080080064948363
0.08387818217675885,0.1773012800257283,10.208588515552519,0.1624532635849523,0.13990000836473124,0.059164237357928535
0.11810341408416919,0.16701626345883047,10.5487660333803,0.19657147016610518,0.10979869500019843,0.02712055001456782
0.11077828813176578,0.14958703451246913,10.838401420692346,0.19545367889537904,0.07697944829691217,0.000987586905537347
0.1085249595027839,0.13343540244112453,10.995969660916378,0.18261771099462837,0.03674376904926394,-0.02241039099143411
0.10257263841238574,0.08116933242491477,11.046939847663982,0.15470236313982616,0.0032609861529771748,-0.05757828538125457
0.0959608414792343,0.03509416607836604,11.007246069912048,0.10438364886691719,-0.04368016321404155,-0.07562887886270178
0.06593454008491971,-0.032505956982574365,10.8065624878347,0.04449846779257748,-0.09505722164271484,-0.09498804749380672
0.02797885470371168,-0.07514427366320943,10.53869154118402,-0.024271211930679062,-0.12533251479404187,-0.10512897677926115
-0.019271898634616924,-0.12860193165723738,10.200432140828111,-0.07343050986549962,-0.13850466862060665,-0.09849444531590118
-0.040595262730397534,-0.16627735725364773,9.809180948159673,-0.1284485726094955,-0.13878957720553897,-0.08643865125848345
-0.0883955204636292,-0.18100433373716301,9.42220113492842,-0.17239426993757756,-0.13199524830596815,-0.057617959763395316
-0.09350025841127708,-0.1873478567284799,9.06582211437181,-0.19933619854116966,-0.1082373649176853,-0.02469806132181627
-0.09402629528512876,-0.1444301160143577,8.798642337915913,-0.19942258427720044,-0.07982485698602232,0.0008935689479062582
-0.11662654434099913,-0.1279939325358867,8.629208654540955,-0.18289411311491113,-0.032368982974651066,0.02944696028099344
-0.10586245419509056,-0.07649118914716072,8.560159743332289,-0.15247964305028477,0.00794849001603798,0.05490191296409231
-0.09462017909801212,-0.03237447197282192,8.614537547593926,-0.09747645894172934,0.04751967073518765,0.08273092442262374
-0.07643286317946033,0.019821460413459065,8.78874844934652,-0.044497861827726116,0.09128875166319332,0.08894230651251991
-0.031982556330775395,0.07991821795618288,9.068791677970728,0.013787604358687058,0.107372380158483,0.09432945543482615
0.001545080312968598,0.1361450785366718,9.426867427050574,0.07895903287531951,0.13392900565978968,0.09957907830763947
0.03515416446572127,0.15625147047987825,9.812748818098944,0.12908684883950863,0.14062786595645035,0.07946096507025024
0.0923767617783891,0.17083209012490833,10.189867186163832,0.17003329642177287,0.13483808010963774,0.0572196217162462
0.10495475521449779,0.17901513584004747,10.527045489989764,0.20063102200039,0.10223542766276153,0.02997217520850355
0.11992330331516235,0.16433717328874414,10.824631345078073,0.194996107279764,0.07764560524072162,0.0035408410965672562
0.11708597459200167,0.14036566337824566,10.991638986177142,0.18541302015781558,0.0413583808133026,-0.030158356009021912
0.10914435062080022,0.08447730568358174,11.065512499832122,0.15891698747014105,-0.0017021224901956223,-0.06256551893386707
0.09839370640476316,0.033231460338107324,10.992771768231929,0.10721173933506638,-0.04120113849233679,-0.08448915619313974
0.06169245966120518,-0.02248268109393316,10.813368039339352,0.04617646941390946,-0.08175452784848786,-0.09610852083072287
0.03140635293073274,-0.09101338509898567,10.545956940623716,-0.022854818633925963,-0.11592114152691844,-0.09848886211267323
-0.011856276624517431,-0.13504219483339316,10.215132836808966,-0.08661937380580324,-0.1309795104783716,-0.09525581168692651
-0.04946742420288401,-0.16908849512789956,9.815992239929022,-0.1184626314987305,-0.14094712260358408,-0.08147209131282598
-0.08985319556724813,-0.18845351195227972,9.424818511424927,-0.1682647735429164,-0.1310940278460561,-0.05847547488602058
-0.11859384756922094,-0.1714077428861346,9.078139246925556,-0.1970695687092602,-0.10683724592617846,-0.030998627315550056
-0.1189782978787814,-0.15802459174969302,8.784719830139428,-0.19773911222481755,-0.07917414374103547,-0.0038134002756583405
-0.1191061799776259,-0.12658690952268997,8.612200631665042,-0.19003484260905837,-0.037546128433889485,0.0365211239358366
-0.12081635957401853,-0.10238903397982166,8.539912569079624,-0.15462444384387575,0.008894476968765858,0.056438554449577454
-0.09095309986712638,-0.011635704040910414,8.635018345787659,-0.11037148850915858,0.05069261200330164,0.0815997978618169
-0.061521136106843996,0.021082706956065372,8.81094784526453,-0.055088102263577965,0.09172941378992723,0.08483129054629551
-0.04440886547501117,0.09820376409103457,9.07841098284407,0.0037990950778633518,0.12725915276982194,0.09892408938584986
0.002967244965933598,0.11574160642443938,9.424809677856041,0.06727935213370959,0.13786901808990415,0.08958031615236854
0.04998831222691019,0.1539181155426012,9.797587279979917,0.1339499762672199,0.1376338416687872,0.07595453153346474
0.08169435207759822,0.16017355084666923,10.194516843286703,0.16487292284311916,0.13438701284896987,0.07081782241615607
0.09354245573909219,0.1806684216926365,10.55907070039283,0.19682366357284828,0.11315534975935858,0.03206513479322365
0.11815338707424777,0.15153493791651407,10.822322570954247,0.20426963361969294,0.08201519324264843,0.006041596653084066
0.12773741131645563,0.1186388767946361,10.99430347363924,0.18537937034357968,0.04683115806773698,-0.02670935145753777
0.11674390295227591,0.07066718811921005,11.045935434719972,0.15147560139529045,-0.012508490667099317,-0.05393389731554543
0.0899150146507387,0.03429835941176418,11.009863091190805,0.10633190114683391,-0.03956259774295628,-0.08194905341636145
0.05820734610417478,-0.022545173776751522,10.820710572560504,0.04593863250813697,-0.07630997017022863,-0.08710095671692937
0.022126045551861356,-0.0672929909148909,10.530677694538758,-0.008304473496767661,-0.11277655796370548,-0.09576652433325897
-0.00654568397847747,-0.13282119123821787,10.188877117512208,-0.06588496972410823,-0.13139370381699886,-0.09487158721042604
-0.04516936929189472,-0.1586667698426875,9.79977969586111,-0.12159447829569353,-0.14114852846210807,-0.07953319225966708
-0.07356265019360338,-0.18811102748595837,9.422674808825747,-0.180565148823024,-0.13179627766079322,-0.05939055476364473
-0.10171686456532039,-0.1804517340669778,9.076927146391316,-0.19633433680813392,-0.10732149688116664,-0.030556309365738495
-0.11033569106747008,-0.16449575498925426,8.794703020517101,-0.19946560097656127,-0.07577987781124615,-0.00012948943827452143
-0.11880141324991039,-0.12350727836746093,8.627395727402964,-0.18298118211543052,-0.03575252818153463,0.032893537530323126
-0.10424980955129573,-0.07351112740526143,8.56063041792378,-0.16160501014540743,0.007221275980194194,0.06754998073258721
-0.08371071878390898,-0.020150985383190982,8.62967785371326,-0.11438400484602294,0.051623737570330376,0.07492762452360832
-0.06838736965256872,0.0214943848115491,8.795871204406621,-0.041487785592632664,0.08949529786044624,0.10084474059403073
-0.04162595380149133,0.08977700528052167,9.099631039370532,0.011528423214022443,0.11049516795376402,0.09815878840758509
0.022636185089869865,0.12698285717277033,9.419212847243417,0.06783060740256254,0.1385157194406535,0.10142657771076191
0.04878347092273472,0.15782054964388487,9.802773360065967,0.12332533340893187,0.14923323750789175,0.07918241356688498
0.06488199507846133,0.17212825401219428,10.188060838567916,0.1717597058657281,0.13169476385009488,0.060770661064025164
0.09706129909253924,0.1732919355302031,10.543044039553143,0.19003646458151532,0.1183086574168207,0.030023284046094587
0.12306079700920795,0.17428350325257558,10.80751495424174,0.20069452488138745,0.07436116327554106,-0.008741474854049415
0.11732073886450896,0.12968216415937786,11.001177148119549,0.1804028351038115,0.03920726373350084,-0.022290984992669717
0.1064308279257967,0.08304419663661833,11.044757569843481,0.14424743681997848,-0.00729372388122556,-0.06356387979314385
0.10188435582935561,0.02598154404156954,11.000114012761426,0.11278868736030588,-0.04023568143748313,-0.08053428080261313
0.05357285943968916,-0.008669054097804052,10.810461229015887,0.05001268389718452,-0.07735967173848515,-0.10039507570736522
0.020775574564501242,-0.07134917813274633,10.54168121810664,-0.015992774113237095,-0.11611289188049266,-0.1066849690835787
-0.0085971504413796,-0.13310403518803615,10.20110756616173,-0.07787444770325581,-0.1284990716098089,-0.09610296116788036
-0.043606561620591816,-0.16260624524868786,9.828432301471155,-0.12151903560215147,-0.13168717128629445,-0.08381719669231445
-0.07462713796770348,-0.17951030225371262,9.415104752865084,-0.1668496824215223,-0.13199249189968074,-0.06455096778785692
-0.09548195071373669,-0.17660444605883507,9.074065895039023,-0.18841513785565353,-0.11016249961792433,-0.030994668363708358
-0.11529717370479689,-0.16595480042405808,8.792938687633141,-0.20240486005791336,-0.07527956292696535,-0.007321019378332112
-0.11564308200206493,-0.1237123458405335,8.614220392050592,-0.18504313921664695,-0.04356876673915589,0.03161323836621123
-0.11260099335486558,-0.07003059680027766,8.554280213360244,-0.1509574428769027,0.004638421098263472,0.058213477630554934
-0.09017571452095902,-0.03858854378190033,8.627771886436125,-0.1084171320907703,0.05784572323061039,0.06855166493588767
-0.061090883170331685,0.019211709092569827,8.794824310117491,-0.048499394885759946,0.08306198690927673,0.0925174172612403
-0.0254400163399756,0.07792399360115576,9.093262936220588,0.01140596810765079,0.11988604248359554,0.1023420108772752
0.016468560702426537,0.1238411737887818,9.427056591078474,0.07726293508235685,0.13697340145380277,0.08976053254465242
0.051171366532592896,0.1764050518090267,9.801919914710593,0.12223656662829047,0.13912147488229595,0.08340860135413608
0.07895161826562982,0.18581001966686375,10.193337601511496,0.17266718274540005,0.13293617307441985,0.06087028873089354
0.09629884719075929,0.18532600070204225,10.538316789445236,0.19570276902254635,0.1195743572996073,0.025728898155312433
0.11742717273475041,0.15823006693490027,10.827671792192223,0.1984698540279309,0.08171562550799802,-0.0001499257536858864
0.11933401123440637,0.12493237077313392,10.985710408116397,0.18754405764580606,0.04290516994786223,-0.02686091395739932
0.11207277191885631,0.07003365854648896,11.049272388956513,0.15114373513823648,0.003916378359085531,-0.06323222287783484
0.10832950340396787,0.03433344073423127,10.994088276418939,0.10231613283754716,-0.048578839884605096,-0.08198274789630655
0.05776097438244367,-0.024308446150813953,10.826734817313865,0.05074036511470929,-0.09079662905970365,-0.08938177118657999
0.030539113579532023,-0.07150128312610621,10.554596047564171,-0.01138894978129303,-0.10677517432211071,-0.10428812114993749
-0.0017405457038087782,-0.1290221759764924,10.20731558049488,-0.07780399028888894,-0.13367177031002514,-0.09278247054042477
-0.04594618576423799,-0.16155155798066154,9.81423841215961,-0.131808798908757,-0.13547230017506567,-0.08624559592341904
-0.05989512128905006,-0.17643598167825963,9.423065640740493,-0.1707222000679659,-0.1356395435379702,-0.05951170219730155
-0.10579616940413873,-0.17063624128103969,9.081625441132969,-0.19690923127790136,-0.10886862615068026,-0.028583871717204997
-0.11429308889168806,-0.17210671745978817,8.789572752091907,-0.19186080112105633,-0.08443230369941203,-0.01193411971252865
-0.1259485994727151,-0.12133442895750833,8.606422096854912,-0.18371409334656688,-0.03903737763290163,0.028314253968554217
-0.11333951716149757,-0.08181126635399652,8.563493100621493,-0.1528954362891667,0.0008483171962803434,0.06099677136146329
-0.08868582966367222,-0.036548617053480226,8.613133927293875,-0.11033041141263057,0.042743516025050075,0.08208291565439146
-0.05518072411230114,0.011560036968069995,8.798206303173997,-0.044326787105562725,0.08404644116369621,0.09252107485330324
-0.024608042754341808,0.08069747234850393,9.076225450761383,0.011265995307340662,0.10414995806522022,0.09447705079823558
0.020361161036439764,0.13891724213583426,9.425713713504718,0.07200390253943657,0.12855486703422922,0.09822058638040693
0.04597047859229048,0.17381480214498865,9.81750233230816,0.132706610762923,0.14385237520711242,0.07923760669434922
0.07594053400371437,0.1806393555921052,10.202927844474965,0.17174394625412195,0.13356622955761258,0.06143362868947242
0.12440373592852136,0.19346746719583474,10.546291565902875,0.18163196496815298,0.10544032294209897,0.032718620967663044
0.12003970386578439,0.1600014638193553,10.817735120724878,0.19869754285164629,0.08168700762242932,-0.0023256056649962414
0.11380230114574415,0.13484930644057344,10.99968274207832,0.18592407002028538,0.03496501147079938,-0.0256230606591623
0.10497320918236187,0.07803745474534594,11.0552303166666,0.1512704566779837,-0.0004781137701190493,-0.06182149977572052
0.08313586163060455,0.02396272819559959,10.997249213992934,0.1064686048726556,-0.04770998306690556,-0.07500142523763266
0.06944371145761838,-0.033656955924345706,10.842216630357333,0.03897329432620297,-0.08718767026248626,-0.08852650412375088
0.024245783083385732,-0.09827349362052352,10.54618908297268,-0.02847912280376421,-0.11607222939869768,-0.09474938745369031
-0.0092693424365087,-0.11703880019006502,10.199873203105023,-0.08014498028669112,-0.12155673693978793,-0.09598106773626752
-0.04723827047253682,-0.16555038432416075,9.804356154807813,-0.1274323018387027,-0.14373431202342257,-0.068114244660119
-0.07274594297890825,-0.18420785614478888,9.431889344362688,-0.18593211379177782,-0.13069510427853717,-0.05794767038587285
-0.10954580781335775,-0.18721119533799846,9.081350614015786,-0.19836693335002778,-0.10690441412945108,-0.029612222895844233
-0.12549038095939505,-0.1619798679752911,8.804867577468531,-0.20910020151646327,-0.08375970402053677,-2.179248902644504e-05
-0.1177637750561199,-0.1131149395429546,8.622898484605123,-0.18650959278020482,-0.047327366018589924,0.025337036988852812
-0.10571964500274775,-0.06489707105001737,8.568273520766134,-0.14317894116711166,0.0010824424073737687,0.06532547791246267
-0.08801704244206605,-0.041366453916271154,8.631352836204135,-0.1067526665175096,0.050929103705154334,0.07809167796007853
-0.06842678644354382,0.025401299021488438,8.800993548386097,-0.04855924856740445,0.08385203725188203,0.09973102190667477
-0.021740922689801774,0.0735143998827777,9.074351535762377,0.018520174510999597,0.11446138162325444,0.10579772636773414
0.004337354824994222,0.13524224019933112,9.430885324952184,0.07537417188389064,0.13890822747957643,0.0980948688721828
0.04255789191873841,0.16271007318940714,9.802766997547453,0.1277685785965901,0.13590858902833658,0.07738979400246805
0.07104625404464843,0.17270379128770516,10.190527560723682,0.17444056226988522,0.13138412105414435,0.05700150140376823
0.11318112185950822,0.1783520065298223,10.544305162622548,0.1965086387663942,0.10324205247032005,0.017432124386660135
0.12195317499846636,0.15652564351174933,10.807340386421112,0.2009295254783004,0.08055123507873548,-0.0006708525189846248
0.12439810051900257,0.1401368467824186,11.005441407557454,0.18460257115470302,0.040503612204388494,-0.026972318435644394
0.12050501064949234,0.08602297797674736,11.052296688900274,0.1512381139332716,-0.00011025163133112758,-0.060037637120938396
0.1131784949327578,0.03343810627718791,10.995048717196934,0.11025264097034924,-0.052858068357965506,-0.08390409656968421
0.048277347779485044,-0.04957222281355996,10.819565006203268,0.04633942124135634,-0.08652149241438432,-0.09662170139703535
0.02125378877951732,-0.08232357147415606,10.545045859938199,-0.008167755410276225,-0.12200926308234965,-0.09392313097454634
-0.015217642915154199,-0.11066985059716532,10.193522016757365,-0.08050337092628218,-0.1355849126538946,-0.095350090413904
-0.0535367580561024,-0.14980829225077066,9.809461031622098,-0.12167461767502365,-0.13253136404860433,-0.07156005949991046
-0.08721854822325317,-0.19257306259410595,9.423251735972286,-0.167447132233717,-0.13343166138974538,-0.06156056020575363
-0.10516907958273423,-0.1802788285465632,9.071692186973367,-0.19899187762909468,-0.11764085679812958,-0.02973134636441145
-0.12661863239256557,-0.16995714821035235,8.792543201370199,-0.19694150349770512,-0.08234703609996867,-0.0020784953909731953
-0.11687781457327241,-0.11353406554451784,8.629831146025905,-0.18854798640912757,-0.04741083599863394,0.04135830144293323
-0.11011373270891901,-0.0796930755983953,8.543164754381866,-0.1528012971851563,-0.0023909312718544806,0.059748638282083905
-0.08682907162873964,-0.0342218833877098,8.619533633358971,-0.10809992222991902,0.05048672243708415,0.09159407579440286
-0.05788932899766139,0.028510146537621173,8.794977561256214,-0.04868629516141969,0.07833063832371052,0.09303232900197593
-0.022336746599122034,0.06093033781097597,9.078618766528168,0.01903117377610347,0.11717855423183224,0.10763785670541674
0.00730097074716566,0.11865584784198359,9.412094414659087,0.0778601973555672,0.13448309260252805,0.0956682788308045
0.06369934829809644,0.16070887461766445,9.806001717269956,0.1232167104886881,0.1372826631803443,0.08503291835468883
0.08047333117428958,0.18456174885437301,10.195452365096797,0.16446685044087775,0.1329646475101595,0.05260833779177643
0.08787197704928523,0.16224090892031925,10.553292154248453,0.19550308106515535,0.10612295013017942,0.032559575036126144
0.1088667967041203,0.15729575002138402,10.823928722703048,0.2012023323049457,0.08315186177923108,-0.005434116427114364
0.1056341296013493,0.13530036393557276,10.989352739681987,0.18192424702060647,0.03586437533868767,-0.029700387370617115
0.11066599631355889,0.07003567526161811,11.056100186250235,0.16092501487180522,-0.006019767565214543,-0.066442061990727
0.08970285915442304,0.02991298158813362,11.005909056190243,0.10973426123054257,-0.049658542726591266,-0.08142411020625345
0.058203751027561174,-0.02770908696446513,10.811665044041254,0.044893852513810346,-0.08211468668849362,-0.08965490659085719
0.04324821032574082,-0.0680742194806693,10.544102411218676,-0.01793529638613195,-0.1128946917125125,-0.0972621914311704
-0.005896379249153734,-0.1291766278145424,10.196198279348428,-0.07640670516341908,-0.14746288505273825,-0.10124801221738827
-0.04092141418545523,-0.16179012959805364,9.806913735520743,-0.13050280950290263,-0.13866908974442008,-0.09034157229614696
-0.08604647014596864,-0.1709566678814286,9.44529477129369,-0.1635265451805099,-0.140550861768999,-0.05622216977901872
-0.11076501420093807,-0.1883822112294898,9.071966582958828,-0.18922658814885918,-0.11251786623785272,-0.02291151131327776
-0.11659135867747412,-0.1621120581354112,8.802326878306266,-0.19931104910296002,-0.07948850988383059,-0.004731215947191051
-0.11817409639635411,-0.13086867811414765,8.615048945669313,-0.1819069441130967,-0.04111636797920997,0.041472889765023044
-0.1253778118172646,-0.08275859635824681,8.564221983935996,-0.14885356132517372,0.006592029232673182,0.05881764528469036
-0.09211975712964685,-0.021292267318159447,8.628145655405854,-0.10537548290286375,0.050732170530001966,0.07116022744002384
-0.06183857994778159,0.032670174869948415,8.794025044737303,-0.046008640943913034,0.0816947255464222,0.08732856499291937
-0.02888199475269371,0.07579980357530922,9.074830820112702,0.017294957577533923,0.11156792626757853,0.1038497065729985
0.003781118942980729,0.12842913189625116,9.416566518872088,0.0777056677130742,0.13417453145485175,0.09572610217361287
0.042413919621668156,0.1723408577238657,9.800844769503621,0.12494951830516864,0.13222164402297978,0.08826074521092174
0.07718300869383816,0.17114542031636418,10.204565606428554,0.16641878386242534,0.12944300773393855,0.05271626884784171
0.10349825525916968,0.17893275612827148,10.540299557798514,0.19270622970540285,0.1175516468438446,0.03140997928088974
0.12172413533065402,0.1587997070674962,10.801962344340604,0.19595307527523267,0.07141613694904475,-5.470893021692397e-05
0.128205003153179,0.1267188379007307,11.01294349462088,0.1779309690543653,0.03765549003498519,-0.03170094198942642
0.10817253749213145,0.06860204087861255,11.0535832374155,0.15634819726164303,-0.0070494371868276735,-0.06076314786876945
0.08702805137791962,0.03936562174434149,10.996849661018937,0.10739882717852395,-0.03710544829267909,-0.08276719198609413
0.06545240199904517,-0.03443169819639458,10.834398495012692,0.04132490145929785,-0.08825136054386575,-0.09425973765508466
0.032047560757812774,-0.07358068628230864,10.54359762861206,-0.015528603365708044,-0.11801596570685675,-0.09848705568695035
-0.013761845707837528,-0.13230655113402665,10.194964550151049,-0.07618906818111199,-0.13950820386212703,-0.0938153977189183
-0.04040705326130671,-0.16542136202622668,9.800174615643591,-0.12793381530499623,-0.13989369540797436,-0.07481970283742047
-0.07076119951318208,-0.16809135990302176,9.410650087434306,-0.17521694489240483,-0.13047706233475367,-0.0647132852427679
-0.09243836334501924,-0.16982034505727228,9.07393734451766,-0.20091917419380464,-0.1152403569150067,-0.039875922962595546
-0.10265923541649061,-0.15867566529129426,8.801631235223939,-0.19688777419029774,-0.07400402577148976,0.005173339509096948
-0.12648948262284768,-0.12113367362897573,8.623623557896762,-0.19296628197888752,-0.03800075891011114,0.026268244169594224
-0.11041613360568986,-0.08395572409866069,8.556149911356247,-0.15413175492217254,0.00834742946600149,0.05695273263245773
-0.09058707937390298,-0.0281464599316171,8.621341417025807,-0.10729717247299123,0.04549111006040187,0.07789319690898053
-0.06273574515902021,0.022943887849596854,8.784031077068716,-0.048638155931874524,0.08677797616498553,0.09196540516603084
-0.032354904783421574,0.089021781637919,9.078949770799877,0.015587607912934792,0.11455142880568404,0.09270864063501681
-0.0015962537840834169,0.12178823162030634,9.425020003789484,0.08326049218390388,0.14164278697057373,0.09223062403076128
0.04747163664526693,0.17229857557056255,9.825789287153457,0.12084607644458975,0.140521625112666,0.08409629594335434
0.07245103696604559,0.1752696725601866,10.196331080140096,0.1741902405628291,0.13187166735144762,0.05868723548327529
0.10345980291626897,0.17793549039722667,10.537190210548392,0.18158841348317517,0.10852004768180509,0.033340040932607465
0.11053345433665807,0.16641481664824165,10.820865457895943,0.206454952414554,0.07636782162274,-0.0025689242243807932
0.11076088674681753,0.12741379339694434,10.996198246968795,0.17508212521485944,0.040544687205674265,-0.02647163942022851
0.11240170616336033,0.07926403534231048,11.063477662950163,0.1651504106470599,1.000417467358905e-05,-0.06139192110225961
0.09188467316130508,0.02783933132740013,10.999035781862775,0.10371794739681613,-0.0505545781891505,-0.09149648161102325
0.06658541238132872,-0.021086336160844817,10.81119166936025,0.054473649644607866,-0.08492915812464702,-0.09354984781185789
0.044647711557869466,-0.08709207982062707,10.531645619060033,-0.00890323969001174,-0.114696063824967,-0.09616303698099803
-0.008069925992077091,-0.1283454343278299,10.198374508589755,-0.0774500845513669,-0.1325625616412395,-0.09787445703153132
-0.04284954694052067,-0.16033503099235905,9.821064916328575,-0.13064228353848062,-0.1484777864351143,-0.07485360904491525
-0.0872183728733665,-0.17087966434252364,9.424363540103764,-0.17399312746482565,-0.13645156110842807,-0.0629603536198502
-0.1130671145945783,-0.17857018487606777,9.081774813465811,-0.1902123521816101,-0.11764048027752008,-0.027463871225737256
-0.10422316709606193,-0.1458785997270581,8.806831230264985,-0.2016037371915599,-0.07878321764184333,0.00881239394794122
-0.1269459917530388,-0.12847518664914984,8.623313689397442,-0.1893913895577997,-0.043860943681008124,0.031169524295994882
-0.11887887185210008,-0.08354877096385518,8.55348406809711,-0.15028205739712125,0.0016067275300388254,0.057717696295416746
-0.09099009231657744,-0.029447775882791457,8.622741819311432,-0.11015266875121318,0.04116038508005938,0.0804253367310295
-0.06267269591779316,0.017703751560019278,8.808385340132045,-0.04966664579952687,0.08354587182467486,0.10327444371124453
-0.034380853478076054,0.07349544726946222,9.079507559031205,0.01485954913142488,0.10999639327396789,0.10201387369509732
0.007848456492057777,0.1230902031517297,9.429714719773928,0.07205549164853652,0.13814392143328189,0.10579927535552888
0.05656520681823335,0.16950396360185901,9.806299630066432,0.1263857940429413,0.14233644427478864,0.08224589732167807
0.07214993337177256,0.1775313374318485,10.194652412890672,0.1774822486548604,0.1325790440172454,0.055437909381808204
0.09162247519536429,0.1738942683681677,10.54378174687845,0.19312802701241077,0.10930154802849895,0.02789997061399808
0.12442655163744665,0.17015727044786152,10.820860538948342,0.1976882618715497,0.0687592059435897,0.00021952209031034158
0.1234965288090756,0.13963229509055403,11.008164311897056,0.18442084622719468,0.03706504370406852,-0.04119248245399535
0.10556317031516217,0.09169036154387675,11.041222610173294,0.15524071239939874,-0.007895215840607928,-0.06122506090913414
0.07801996481783052,0.02125479893197026,10.999064951805591,0.10049746813081695,-0.045895416613284584,-0.08321768427864802
0.055994169759254975,-0.0321988719508509,10.820635271963125,0.05015781134303881,-0.08246351866650342,-0.09393401799939438
0.02672316593173681,-0.06727937348101222,10.533759556234052,-0.013044918856765557,-0.11399374796759543,-0.09029086972413418
-0.0009628655226907347,-0.1254064207336409,10.201645380701414,-0.08421091601521144,-0.12803918767748373,-0.09480417952738997
-0.055022856875988575,-0.1625583413302257,9.804203998464489,-0.11987225943049551,-0.14278187559773628,-0.09046293581759042
-0.07927404129451773,-0.17204956221609757,9.420872495836552,-0.1625032648453459,-0.13487677701647738,-0.0632764309307126
-0.09737069779112678,-0.169713029346232,9.090058689896505,-0.1981520176775547,-0.10562186653239955,-0.029506065980721405
-0.13593594139122644,-0.16491658905042647,8.8068085462276,-0.2050985293589527,-0.07811655780240075,0.0005534880355581708
-0.1112878641700614,-0.12546735835847234,8.625775250144253,-0.18415621443242142,-0.04059107053427055,0.039108146985698006
-0.11998692385799814,-0.07423482130286169,8.563046215477156,-0.16009775389604658,0.013320538846659367,0.0636504982173962
-0.08802133699920017,-0.03736181607755248,8.619861914451452,-0.09884537177569613,0.050020440436509196,0.08560427247728047
-0.05997769141387863,0.028335646648708863,8.814723775154269,-0.05036400301951093,0.08460933364085367,0.09404730131572583
-0.018484110294821478,0.07287414481912252,9.081685775685907,0.022433054448603693,0.11218718721182354,0.10549556600889583
0.014695637288908322,0.11946689429422522,9.41773235771955,0.07114562224290752,0.1409869425810356,0.09059864633844975
0.027711877143190275,0.1559125241912138,9.798799181774198,0.12828252701970408,0.1409752895302592,0.0856911119284279
0.07231964826518736,0.18161330220978297,10.20080594698466,0.17614339568205967,0.13195048220756142,0.057294798165532616
0.10387749610511153,0.1751952408559921,10.54428461232649,0.19253300561563583,0.11419263981418881,0.023577538260274367
0.1153259635812925,0.15515764748325397,10.809839737633137,0.2008468553863451,0.08334807905936253,0.0028776692659107637
0.1233790393516257,0.12763531453401836,11.00224933469464,0.19075976569572997,0.042105426754000135,-0.023998151281072938
0.11684225172570481,0.07247160003046846,11.057847782717507,0.15018820020272067,0.00033194475597577225,-0.06088312108211826
0.09554491483828499,0.031509944652526635,11.003065964773166,0.09935809109145147,-0.044874915905095944,-0.07313988635718062
0.06023695707032997,-0.019185788893631345,10.824805164685348,0.040728181359213175,-0.08278760159337176,-0.10341267134809579
0.012390105337569655,-0.0824228943714306,10.539865453193276,-0.011406856059868086,-0.11927510055427634,-0.10598392701002324
-0.013932092232597247,-0.12895673021603998,10.201334001084135,-0.07332374715984877,-0.12530260981502805,-0.09581189217819722
-0.043399255891917295,-0.15742980198533077,9.806016759338997,-0.1235352215821306,-0.14610868772076438,-0.08270345981159834
-0.08732146026282783,-0.19402410125739605,9.420265702045954,-0.17117755624407266,-0.13028100953738778,-0.06204255961162566
-0.09772165722931905,-0.17347688223231134,9.071010263381408,-0.20130288930183768,-0.1174950929677976,-0.03014911669597609
-0.10961865629210898,-0.13552990605305248,8.807776552453838,-0.21125015820187606,-0.07943828346928683,-0.002554438052000613
-0.1185432177032049,-0.12820428779633783,8.618934775526622,-0.1709566592457822,-0.04221254502088752,0.029190996055130175
-0.13503755821084684,-0.08260030212633226,8.570979545444514,-0.15033382236420542,0.004766712478902358,0.06024223707728944
-0.10090200784854284,-0.022130662909059802,8.635447233592544,-0.10498282776378029,0.04884057610639615,0.07761601069604047
-0.04686164334231814,0.04139954433487961,8.792819003936456,-0.04662853553918408,0.08078038599554874,0.09460287596989285
-0.03153310377076178,0.08958900479899788,9.051900472116788,0.0071673250658931265,0.11546983900530045,0.09677226559434349
-0.005584903543274547,0.11009068324096855,9.432084833377417,0.07129327914001962,0.14132275033539682,0.0890501598856367
0.05661218018352249,0.1649245155123657,9.807264224821173,0.137560188087508,0.13337897893830317,0.08466815125532232
0.0787047269747724,0.1983717870686768,10.18934175166353,0.17309906907841963,0.12755762876406535,0.06724586488554048
0.11161137898195281,0.18275095025917032,10.540021820516387,0.19033121472569475,0.11511503091648215,0.03614036526543781
0.11910147207200514,0.151108177176829,10.81795273239776,0.1933523200300505,0.07933541384132727,0.0015700661721451314
0.12322662660326911,0.12947751502277036,11.00919819009449,0.18271800137281868,0.04011185148067137,-0.03419351158782265
0.11343139326206429,0.07140180384587481,11.061279289914541,0.15139128422077988,0.0010235786212807055,-0.060284705346450404
0.09625720744221727,0.037941948424010066,11.00908943440982,0.1159125167234271,-0.05110213120859797,-0.07566858880606002
0.0801706001992167,-0.0358839436935174,10.825225003922945,0.047080397460925474,-0.08815873066100847,-0.10654040061160447
0.03492885211420953,-0.08119531296598688,10.542257719574044,-0.020271778727718223,-0.11883012061239166,-0.10181626194811069
-0.02293095678452041,-0.13419777828557036,10.193148385343092,-0.07556065091288329,-0.1360953944597928,-0.09140768237071586
-0.043156908954795334,-0.16478890927143752,9.814492870006099,-0.1275218451056427,-0.13324269400107258,-0.08654104229288365
-0.06946603609760661,-0.1659071407398623,9.430292162065955,-0.17621006553710628,-0.14033329808749337,-0.0565899512600944
-0.09315024861799412,-0.17694376456594854,9.083242776120123,-0.19213837534156536,-0.11678235173146648,-0.028932558936251625
-0.12029864253472272,-0.1648186122728096,8.796636448940314,-0.193441816909109,-0.0857760551115623,-0.007183147914152088
-0.11023859795206685,-0.1363847017945166,8.6225810014823,-0.18460311550128852,-0.03234760707812015,0.03142075992485646
-0.10310538008393902,-0.09662091374780056,8.564672323274044,-0.1569537632161441,0.0010159334486806058,0.05576288538552824
-0.07009716145109227,-0.0380897639780426,8.618107634423547,-0.10831113873204617,0.04549841946918009,0.08303418848781369
-0.06795117050074544,0.029132556920867306,8.789649236760937,-0.05631591422404458,0.07748888362092722,0.09848191020594688
-0.03122000603774068,0.08963113219330265,9.068818266100724,0.013654843636538332,0.11430498109922704,0.10199465549500719
0.007839289854088802,0.12285272633027106,9.421800473490974,0.0768215388790015,0.13868698782732888,0.09544122359064948
0.042808423876715164,0.1729816736168048,9.815297657113648,0.12436037452320368,0.14120508966717582,0.08229399674407463
0.07147771624432255,0.17205634252892016,10.206343062933271,0.17950583340430643,0.1312885773533782,0.05282656723674293
0.08067045102489973,0.17586732810205616,10.53388318769571,0.19811060049108914,0.10298683004964862,0.03066374637075417
0.11340820688046457,0.15170837872030674,10.816492482857234,0.1905225099757248,0.07730787933855779,-0.0040709304707693215
0.12251301799117122,0.13514897190396702,10.995957745392426,0.17643515912500538,0.04009065065118085,-0.02582817560670552
0.10658154451630188,0.09842738676896334,11.066357736258453,0.14804831844337796,-0.009047057407344437,-0.05543392094562776
0.10616035041508384,0.013984983222373437,10.994595761085854,0.11353271357799362,-0.043857331909714255,-0.07755168835779605
0.06205816311249703,-0.031006179538367745,10.817833384289154,0.052476342893521245,-0.08113671177729276,-0.08656550899766681
0.03748903386799833,-0.07167102326713755,10.533435624748353,-0.0062054588292801,-0.11826015482333521,-0.10164984815014318
-0.008196878939913808,-0.13891110244103766,10.200138501496578,-0.07521659266201511,-0.13072521825425562,-0.09782329873049211
-0.04011894259789067,-0.15588385355529238,9.808708807403214,-0.1298909840873582,-0.14048900241323076,-0.08261765396324293
-0.0763639498109516,-0.16802456830508192,9.418496396751616,-0.17604488007945826,-0.12609220770198315,-0.06671807472052405
-0.0918215780150605,-0.1771455913702408,9.073192328838568,-0.1924007833892489,-0.10064050437661783,-0.038435420894301346
-0.11643828786919014,-0.15594288791548458,8.807744721046786,-0.2004672375050523,-0.08441596718476513,0.003194029281998775
-0.1155891878488618,-0.11313565893840472,8.613140259364515,-0.18646983286995325,-0.035508654813819554,0.024010168719520605
-0.10759665581114933,-0.06605988942379935,8.553266722951172,-0.1448781832516343,0.010612755952990043,0.053475548900483796
-0.09298358461186142,-0.028575256614120588,8.631197374210803,-0.10629851455850259,0.04227838599785807,0.08044509572287663
-0.05871129805937382,0.02397786019489438,8.79933495565541,-0.041366827120523114,0.08268645116942362,0.09307182876279806
-0.009285711456945053,0.07442942115494654,9.08062646740813,0.006383646501356319,0.11268502578891787,0.10442822261512177
0.00812506670500232,0.13515125147307563,9.426942772311376,0.08870820025916255,0.13369047303043757,0.09538056849444214
0.05008592021986153,0.14944312034873247,9.80971732358165,0.12697718513876832,0.13815847689470753,0.07685729698609536
0.08866011384938498,0.17577575360281575,10.193484850015482,0.17334325276553614,0.13083647466959694,0.06356505773004009
0.11189388131784257,0.17859294005273155,10.551384029545437,0.19848056757356491,0.1150011993183,0.03446146221426625
0.11697953401200396,0.15632097238125647,10.830569935511146,0.19699961301859015,0.06946858116566937,-0.007143431425026634
0.10049104388991331,0.12946144014757993,11.007494152145052,0.18939162236784005,0.03448660972334745,-0.029724536150838556
0.1146609418295379,0.10216340840295232,11.050516226930819,0.15732345333980605,-0.0007382927411255626,-0.06242549567345896
0.07292150687786822,0.027106730187094513,11.009259933511725,0.10210106403897208,-0.04436790695649645,-0.08466088407239496
0.0737106544582905,-0.03172012800872565,10.818407760935084,0.044515233219832084,-0.09085476548069527,-0.08578539346992702
0.028516592396087143,-0.07366660744846133,10.538691329065333,-0.014097485689620843,-0.11281840152853571,-0.09937860388388249
-0.002290850082788655,-0.12541886911648037,10.194916621394535,-0.07584510883327263,-0.12772004443901888,-0.09616595441200473
-0.05394709018248276,-0.14890263864136832,9.816649027482004,-0.12187788696829584,-0.14018543699813824,-0.08042488425547888
-0.09101794202882887,-0.1764788449481873,9.428052470503568,-0.16629399172443948,-0.13686770272019227,-0.054335691367179105
-0.10068581999715832,-0.1797588075488644,9.073225343339612,-0.1945013208611473,-0.10643648639533886,-0.03432552766984058
-0.1171546301898979,-0.17461479158776386,8.805430083966376,-0.19645600687692913,-0.07033241262024703,-0.002565735610048949
-0.12349048012282964,-0.1401807555779222,8.622298239277157,-0.19552973730652903,-0.04378677834875361,0.03426922666486933
-0.10985002903448327,-0.09633289138001057,8.555416228275686,-0.15604499232504532,0.004284193491939465,0.05126816527308969
-0.06853781381059543,-0.025044805579594855,8.615515072367357,-0.10422768150260832,0.0525825658740345,0.08590755431293995
-0.055274952231809296,0.01733888715036494,8.8020106357867,-0.04244490683128138,0.08613884808534306,0.08710706810237143
-0.01876481257962248,0.09183388097088771,9.074608292747888,0.015322866480344052,0.10688042961502175,0.09877112678326438
0.017039737374190123,0.12757751078849083,9.412724715803996,0.08255883409473223,0.13657146781704632,0.08708409760359864
0.05856589822785071,0.15846382945824508,9.816777291944529,0.1331832367376682,0.13504626124419625,0.0755683820722859
0.0770773088592215,0.17104550530511006,10.192429042739649,0.167365685528807,0.12547428461490331,0.0651952269743512
0.08633376460888464,0.18274949187125808,10.557468522549456,0.19344904978406247,0.10217251772198203,0.036039794659247996
0.11537711360620038,0.153909009926669,10.810047323087405,0.20152850510166048,0.08489967624093103,0.00566809726173554
0.12605203919354444,0.11933985399487064,10.997374976597795,0.18305329415326457,0.0351825202364701,-0.03823081079182869
0.10276891611943058,0.09115410122145651,11.054400178524487,0.1606248883464856,-0.0024212522209325193,-0.0641053925165398
0.08926637334293076,0.030916488196050657,10.991017265205917,0.10012315587272382,-0.044237015546715955,-0.07925433226424387
0.05641699866675604,-0.030116318415268673,10.817376917234698,0.04960226659288974,-0.08475295956143734,-0.09155637932558865
0.039177035441275335,-0.07665779816566118,10.558896106237896,-0.01064678573903765,-0.11413405738019149,-0.10399752925163455
-0.00429258611850948,-0.12726408328475622,10.197418204329344,-0.07683487404214746,-0.1324491387861194,-0.09797286888215528
-0.0415178761118803,-0.1573532196074441,9.803666335689663,-0.13153753411078647,-0.1392498159925838,-0.08650637861225142
-0.0736250717374587,-0.1843311291257481,9.40909972974867,-0.17018773913141258,-0.13562869518145398,-0.050415666228419614
-0.10306984909071039,-0.16120823301380854,9.061497534263571,-0.1900892104499104,-0.11505794348766016,-0.03319228428533218
-0.11530535241002815,-0.16498195222441894,8.794437051878418,-0.20198563665810707,-0.07947254749598351,0.0002449757552177289
-0.1290396301578299,-0.11477474741181676,8.616109850757937,-0.19064107785208512,-0.03998689707178849,0.03140409238525959
-0.1280188551103562,-0.08315825265105126,8.558207594350124,-0.1472155135719389,0.0062345317843032445,0.06437821399289965
-0.08947665190408606,-0.02162274198461269,8.603001884227574,-0.10367030417950916,0.05264003803543734,0.07619136228523685
-0.05935923456058683,0.03411067098150988,8.797995304270941,-0.04298244718830024,0.0872815813133722,0.10097427094761934
-0.01748668487912853,0.09096407608472955,9.083490272835567,0.018120678463397988,0.11156249268447467,0.09360635724803297
0.022858928770419642,0.12061054861232728,9.436711487010193,0.08616708563624978,0.1234486001494634,0.10090686325832462
0.05929018895702236,0.1690224080212876,9.79484443081661,0.13441839762557134,0.1360956183964142,0.07227314245643515
0.07061369349607448,0.19256786471403567,10.189860100894705,0.16618693483978736,0.12510544580224175,0.05818411442198766
0.0999537347906875,0.1757018780511622,10.537897694477728,0.1965005428499882,0.10715939666510886,0.03894469139859091
0.120728477037302,0.16062264102013774,10.822437014388914,0.1966989530652486,0.08015902471941805,0.0033977663040640795
0.13981339093551007,0.1230353048875912,10.989062465625896,0.18302584109835887,0.03977802937075351,-0.028879657930928372
0.1223681129100582,0.07887581183911814,11.073458105989815,0.14590593545381428,0.005202954962506279,-0.06409218743365978
0.09963247824284308,0.04177090130133444,10.999168825142473,0.10423622063487555,-0.04471637993918421,-0.08462770132923338
0.05884885296637077,-0.0362707591983405,10.820286072654303,0.050746905783423425,-0.07601621809395004,-0.08841098767133244
0.020095204377291814,-0.08932621261833364,10.557473275235884,-0.014654128332727336,-0.11204121426011002,-0.09763826336985652
-0.003976979174693496,-0.11444833077832407,10.196142861976067,-0.08076448111108142,-0.1289258455065909,-0.09062701573443352
-0.05553549119090447,-0.1554209374039489,9.813202427252058,-0.13645863410987852,-0.14173481578391567,-0.08048067131955582
-0.08050537305027725,-0.16083338391440688,9.417722370844924,-0.1592481029717695,-0.13720044402651596,-0.060115550101387284
-0.10369007866230037,-0.18137493098770416,9.064304418114054,-0.19252339924862227,-0.11305605713091817,-0.026984197137700307
-0.1041425059572682,-0.15933474338510106,8.793845863979266,-0.20360674251846592,-0.07900698742848324,0.0013852794094429653
-0.122395731937249,-0.13250829357759375,8.638675161342613,-0.1829875546190259,-0.042496871251571415,0.030136069368704187
-0.1300413163889283,-0.0805008925074191,8.565064167586296,-0.1420225070678617,-0.0009177790001709939,0.051780076442831044
-0.0866417437655482,-0.04227229248813066,8.623375633327942,-0.10256447474596128,0.0492159761617125,0.0857232365949955
-0.06754333143559761,0.03371651944253702,8.790917769909814,-0.06195707368589468,0.08053506867953608,0.09733309833468481
-0.026819753231032094,0.08437705471146444,9.08255844104224,0.0275854782469912,0.10794945153946613,0.09696865058040216
0.009594604635021134,0.12687510096991034,9.412867210836744,0.06602140669338408,0.12874394865362765,0.10097452564007692
0.04454056911048625,0.15729441021425764,9.79746354840246,0.1278134777206511,0.13876852698449466,0.08206870287729329
0.08492060689670118,0.17063831400779877,10.191800145985539,0.16414031114899488,0.1268733020710528,0.06002388687680533
0.09050893604346971,0.1835931251813565,10.560367492661308,0.19044919246396863,0.10967080816031242,0.03523698317129185
0.11274968887061242,0.15097627259738453,10.836454396827751,0.20090844509538147,0.08194986130150368,0.0032550188643758245
0.12503045681851074,0.13131804532381464,10.995210749942938,0.17494135437354802,0.0422282920658645,-0.029517496978489155
0.10561464107759294,0.09824291301507806,11.054606407854417,0.15251720952944559,-0.007392062667628309,-0.05979303699326217
0.07780684727268902,0.03996369081901253,10.985697749044473,0.11140349865789939,-0.05365149563480203,-0.07103537433722436
0.06729959935682119,-0.04027790653066027,10.821895488772874,0.043805532717816356,-0.08844017183626719,-0.09880197088080764
0.036145558470067646,-0.08608316652627043,10.546027667381548,-0.02127544510676511,-0.11233868723114018,-0.09627010163117103
-0.010648203902900884,-0.12396393234519361,10.202587693002334,-0.07596416460561269,-0.12990839807789237,-0.09549755780129865
-0.06241696586479604,-0.16097958018717812,9.817285660106554,-0.1305352448978079,-0.1381758548206437,-0.07857607224463824
-0.07295012426883205,-0.18899159165300264,9.422149381690105,-0.17278347100083039,-0.1258207173548988,-0.05253977608947944
-0.1160509581216482,-0.1746888942733068,9.079716657632472,-0.20009093339442227,-0.10216524707880903,-0.03237539742491266
-0.11441540845546475,-0.16042512764393377,8.793123646088544,-0.1968904737645362,-0.08136377941574337,0.003097695947829282
-0.1266578641115091,-0.11190827475859182,8.625475694897949,-0.18232015436033325,-0.03192326056161674,0.032313655776691215
-0.11980603356648412,-0.08367313147754371,8.555942143374525,-0.15829667112917736,0.002785185518221527,0.05564360425414472
-0.09421258108348717,-0.018735491827247333,8.62485502275878,-0.11030305476721322,0.052231031185906183,0.08724419010199241
-0.06341753706218649,0.018100175764253316,8.801756767633563,-0.047339274370727574,0.08910491685388378,0.09868890575485668
-0.03231446742962818,0.07356518766035021,9.075818863639908,0.009499161516613844,0.10573161918379395,0.09782721116858309
0.014997868467476751,0.13310883394811088,9.430085074776503,0.07616094900831591,0.12952324354848085,0.10059623085562774
0.04316164604935534,0.16908717105591217,9.797436807429007,0.1361837700906123,0.1338338648442592,0.07669254213159626
0.08643940921580648,0.17013720409815097,10.187751913222934,0.16950821924302734,0.12291766245174163,0.058562221366896816
0.10502124039543081,0.17796404113696956,10.542571087977056,0.188081121176632,0.11520783259389482,0.02867138611729996
0.11130534501747934,0.14929235909477165,10.809725135867291,0.20144691415707572,0.0892914990506973,0.0036680457079400716
0.11263063444291362,0.1257731194169796,10.995565729252496,0.18440819826994465,0.03806771430805538,-0.03338428615180699
0.09734734888796939,0.08834268414159886,11.05700295763938,0.15221765226943973,0.0001828502046531599,-0.05505769614073022
0.09300316636978506,0.02459985091677282,11.009298115662293,0.1080434009085902,-0.03970866111115072,-0.07798139439545056
0.05911445623274697,-0.03022916063686184,10.822411512586978,0.05147692135462786,-0.08452039600961757,-0.09700921251355628
0.008183237202029736,-0.09082762522988896,10.552967001974174,-0.014146508979683508,-0.11574347660463144,-0.09085137286885991
-0.01457396122392305,-0.13252240557864745,10.19868464071913,-0.07557104067839744,-0.13558281886182932,-0.09880443521805146
-0.05393847331106443,-0.14635243748133758,9.805714661830265,-0.11852582999516337,-0.13725251001478617,-0.08789471081224587
-0.06599246150506564,-0.17721294677300878,9.424798491493283,-0.16380456265463128,-0.12745442735970866,-0.054426396997979895
-0.11639408396543585,-0.18578988401830016,9.081103845305874,-0.1899814724235073,-0.10850223314671183,-0.041564544994008044
-0.12841660906812194,-0.16286316808234907,8.80827596764287,-0.19883036694106612,-0.07681032439601389,0.007547598368812001
-0.11067839636872644,-0.14000229899675729,8.620120874127595,-0.19032518809701837,-0.039612091337591866,0.031494638756772136
-0.0996732140206377,-0.08976057939372929,8.546819914849177,-0.14733150552722774,-0.0038768395031866546,0.05171518635150837
-0.09663716445665647,-0.017196800997492264,8.607436936571661,-0.10494531581060798,0.05162036964338601,0.07621137259600824
-0.06700784319324192,0.027097023594196447,8.79611745615033,-0.05090757940987606,0.07913892891244333,0.0869625233989115
-0.02223091825409932,0.09691510345234669,9.056565222625256,0.013108317539132087,0.11871383949049345,0.10191437558965914
-0.008328556133809511,0.12657275556166375,9.438089592757098,0.07043672626363723,0.13813306247307872,0.08844369111447672
0.03184065160099175,0.16012949524152872,9.814775465851206,0.13413018266247537,0.134238143903357,0.08336008553543575
0.07635201503561395,0.18292349917507933,10.191185906892564,0.17322251806476352,0.12878889365685164,0.057182771924065554
0.11517097959932171,0.15639072122734043,10.535854384613502,0.1950573653214744,0.1214186304338574,0.028440684589011302
0.1133999619649153,0.16198450707223463,10.829496195736471,0.1992724688023409,0.07855022858575256,0.0024582155971502404
0.12036564784745338,0.12683098612293858,10.989911548123716,0.18189312753129513,0.03325500845438096,-0.027868312725998816
0.119597633460862,0.0935356130047305,11.051854185891193,0.1423180742381065,-8.35369236105157e-05,-0.05312109736530642
0.10753237881306843,0.035796954063154536,10.992693077848712,0.09860215206088027,-0.050995163727482494,-0.08412258678955424
0.05733636882558524,-0.037306416473661785,10.82218394228534,0.04430850764316604,-0.09516467462278685,-0.09528201408979088
0.027026107636659673,-0.07185215309451468,10.549697944878751,-0.018788851717137674,-0.11301806353983118,-0.10317659648879848
0.004288199528977469,-0.12943405447429326,10.205812620836001,-0.07382083597176671,-0.13893746830203366,-0.09426332459170085
-0.05890779527856643,-0.16765295062142815,9.818359770391579,-0.12478606873767782,-0.13833436271469848,-0.08474108880830729
-0.0703772336779984,-0.1762195198997756,9.423734946705215,-0.17044952874367064,-0.13589134780038442,-0.06082737633382768
-0.1109183793291781,-0.1793935767304065,9.08343261042449,-0.18710461833822492,-0.10727523670556116,-0.032912507838928115
-0.11606602373342367,-0.14803726997077873,8.793360760119535,-0.20340088526840056,-0.07803014815207103,0.0015553189572927036
-0.12149910589277443,-0.12449790179949789,8.606612426515383,-0.18597415755128655,-0.0523021197763499,0.031000644210311144
-0.11819141208596025,-0.08000203048952301,8.554630951426317,-0.15322337335328845,0.00599799582569715,0.06138161975437642
-0.09854211636811923,-0.02087434224702421,8.614729270516818,-0.10020585490002966,0.04568313105744823,0.08041871219766425
-0.059739841696731126,0.03697985593404736,8.793672860456939,-0.047492298930331606,0.09264564272148179,0.09223420344244208
-0.019196486801240177,0.08805810279789375,9.067593436800369,0.01499186437983422,0.11759295052513294,0.10095637531242879
0.009250352616255956,0.13869124605216357,9.420039880410675,0.06699342351980542,0.13813516844188264,0.09049234225248097
0.04729110634689954,0.16528678411436926,9.81496013771273,0.12434400390148902,0.13638760042070608,0.08369542946085404
0.08316727477275639,0.17913755762455855,10.209993299789952,0.17528709401765227,0.12787755885578325,0.05727956674150176
0.09499890488618368,0.1876847983818005,10.530928793571478,0.18377249169584567,0.11068301102160769,0.031840102338571506
0.12280334273755508,0.15961782336234137,10.810969365953524,0.2062013599326191,0.07714455914111958,0.0010116057875593696
0.12611289829005035,0.12748885015818623,10.992489075299092,0.1877947943623171,0.04604612209260685,-0.02297814195220953
0.13135632967034888,0.09541991719496985,11.066125935019492,0.14923083081506847,-0.004854528415805248,-0.05694219321772725
0.08766846742237723,0.04105491193351149,10.997181065825194,0.10150654166216713,-0.0532558964495174,-0.08058760034304434
0.058286502197417246,-0.028302289444690334,10.815478369183849,0.05750151083998613,-0.08969995907896988,-0.09859482087579136
0.03331252839911957,-0.08541767466197679,10.550465429427236,-0.007266990774667002,-0.11079165585699177,-0.09598803505148891
-0.0037354088904655875,-0.11563015026797457,10.203922365099436,-0.07586484295256053,-0.1351906659444318,-0.0964292895714981
-0.051010898304046315,-0.15401397794773633,9.809849920324645,-0.12817057880027924,-0.14104386326555954,-0.08847704111159016
-0.08182318365786741,-0.1752716958731657,9.417199003218398,-0.17303823945371455,-0.1265269597637846,-0.05968233379263349
-0.09844280836454236,-0.18034640356661613,9.077430671172344,-0.19347528312470058,-0.11538507362123913,-0.029860056318233786
-0.12350647659612563,-0.15769141985329194,8.796862611363743,-0.2028559151133142,-0.09012352126723985,-0.004004014251108935
-0.12284242541769141,-0.12739654570651746,8.61925124868076,-0.18568918703840911,-0.04362041006332583,0.030394967848598343
-0.10981057714140395,-0.08696200729319847,8.555900798251185,-0.14391679055807954,0.0052983785649029,0.05849269754228557
-0.08270979146826772,-0.027047180281153462,8.628579220609641,-0.10614485677693823,0.04588423009792187,0.08067415563702014
-0.06678794554021138,0.030360275354398482,8.800727798841848,-0.05326184374713689,0.07775990641009062,0.10130617612506253
-0.04189987712277624,0.07878610150816828,9.083554041689514,0.007492159567137085,0.1206972089368187,0.09344217152021787
-0.005044537498384282,0.13456614377851733,9.434419366195112,0.07590322788166345,0.13517186395353897,0.10524727426536364
0.03665489654338236,0.17072798394954508,9.813671846150887,0.12503906167507553,0.14188537789937825,0.0806854637810025
0.06809254049682655,0.1855555274559876,10.192219426049546,0.17104034835907475,0.13392594890879095,0.061607948851090014
0.1015349690013338,0.17556143480338168,10.553054175223403,0.1860516875481933,0.10431863644765316,0.03145668662275434
0.1073747614414672,0.16639156451651654,10.824996560586856,0.20293764734334727,0.08046203435725191,-0.008718632095979369
0.1139361138350018,0.1278465692070975,11.019647587583414,0.17999564755857397,0.043893345747554095,-0.03626875764907537
0.1043346322004902,0.07176133402807038,11.062480823107958,0.1531999237532767,0.001613618029667677,-0.06147149112372835
0.0871532380600627,0.03346135393783523,11.004402149681054,0.10397527045698807,-0.043525471074546136,-0.0759850960178138
0.07253119126294946,-0.02706782986164433,10.82359463409906,0.05661367915214313,-0.08299640621756409,-0.10205457245523698
0.032456382141976256,-0.061040878026973944,10.543938776630672,-0.013466573939912171,-0.12430401760391217,-0.10427864796134685
-0.010159206919552086,-0.11567737136341133,10.194200910572027,-0.06554027935426608,-0.13442905248700365,-0.09425400776804488
-0.050418411321676945,-0.15472812355558008,9.812353950757329,-0.12603982544722572,-0.14472317617299307,-0.0784853581430445
-0.08206374349540925,-0.17580298189643856,9.427898163045898,-0.16268030303759853,-0.1254170582001428,-0.05649328829717108
-0.10014988331066976,-0.17646164384463303,9.084503537831639,-0.19519319404594465,-0.10515936021502802,-0.03573753085869548
-0.1122124500834325,-0.168374507712066,8.801199561497725,-0.19775888142301482,-0.08370028382869352,-0.007901442563793003
-0.1268190935623775,-0.1411347758450323,8.617476241227694,-0.1792032539724536,-0.03958596775009086,0.03368116759019932
-0.11023547323543327,-0.08862777472925225,8.557385168027208,-0.14844363771397115,0.005330480339719621,0.06601573143323718
-0.1069302574961517,-0.028461255055218626,8.61059585908783,-0.10301182015326692,0.051635743987054644,0.07922718703151954
-0.06025744633740081,0.011392568763626126,8.812018467779879,-0.049661408504689517,0.07718396326118573,0.08940953435406791
-0.021063607490863896,0.07743468770534467,9.070939045726208,0.013530137338024054,0.1045687997108711,0.09785055921381722
0.008047693226711825,0.12535463400464303,9.431468280712364,0.08095594885285383,0.13454512177732,0.09704857483636015
0.06126241704614989,0.15869391238317176,9.812212406859468,0.13557309369119688,0.12728322031393371,0.07968392459807663
0.07154797466294599,0.17250255712124177,10.198701097615452,0.16684301900277343,0.13262075965893008,0.06574286088889432
0.10451137839271078,0.17503931137004627,10.543791982363329,0.1904304081420547,0.1137722965448279,0.035442358887099366
0.11659920469692289,0.1741361431079929,10.814968851859684,0.19496572772911547,0.08512803931673266,0.0008331760938586306
0.11875577217402436,0.13252004027934478,10.991072362165008,0.18944497499619142,0.036243235575267,-0.04075748387229075
0.10961274193630963,0.07716489564141626,11.07382772311044,0.14832106234658018,-0.003282024891506795,-0.062311429869743265
0.0915341411869241,0.02753273660296139,10.999732333999647,0.10975480357430033,-0.04387423850130643,-0.08369380674012566
0.0687348265584763,-0.028463389674514214,10.83027338493821,0.05075018605635803,-0.09144065455259359,-0.09886604668472772
0.038182691316732596,-0.08793290551344614,10.5558108208668,-0.017049479028884408,-0.1110401722913004,-0.09904585446681681
-0.010306244197790798,-0.13348858001158792,10.192984467527959,-0.06744834252557871,-0.13298266759697722,-0.09402105156426067
-0.04020767249965479,-0.15233313264844084,9.81338804612751,-0.13615483198804065,-0.14296753607933999,-0.08922001472273654
-0.08421201781255738,-0.18115462092687795,9.424088843235344,-0.16150966965036584,-0.13112099474874764,-0.05468390237102457
-0.09664421144848119,-0.18652899298134154,9.066010724210255,-0.19255477369260698,-0.11150793010280409,-0.03073688675843648
-0.12298173486086308,-0.16069011523556775,8.79724491722416,-0.2098537284537618,-0.07504727002386886,0.0018767213046932349
-0.11083287402486669,-0.1262788000023883,8.625879407352974,-0.17733707373843338,-0.041158377282283075,0.03471000104848553
-0.0928421922612022,-0.09742893565015387,8.556007765959913,-0.14810737493579423,0.0052233855890753645,0.05501526312883595
-0.09165397205062031,-0.02840548977239656,8.61858060906807,-0.10780784496125861,0.04402712960884007,0.08724822355497582
-0.07949150453722709,0.03518072246408025,8.7973418221882,-0.05284533716696204,0.08087284031706195,0.09442399899105156
-0.0315453848924812,0.08539909712771611,9.092160669284949,0.006478686087884107,0.11647457523961577,0.1075626969589761
0.020143243316070675,0.14517389919119547,9.409056365534399,0.08734486990388501,0.1298705408880222,0.09060859979303128
0.05115481537324119,0.17042620066956038,9.81401314639226,0.12422662807674104,0.14394320588305462,0.08804087341660884
0.08058919103182237,0.18938781810474994,10.194244530350558,0.16348938983915287,0.13478906027076173,0.05418697255949342
0.11084120191792911,0.20017210937240948,10.53960632609758,0.19548879863558472,0.10698568539518687,0.04356141172309712
0.12076143018423732,0.16641024257720058,10.819048237311431,0.1912969293366613,0.0800165419344622,-0.004847683054080963
0.12929995501318095,0.1285274396908843,11.004159655319603,0.1803887299253195,0.035507577329879775,-0.02570293577186492
0.1178827086935245,0.08943722420405557,11.065796188752165,0.1579432834276979,-0.012109497151187941,-0.06066208284399843
0.10285090456874568,0.023605627442700977,11.000308782348437,0.10798783951829216,-0.0501179135368404,-0.07737858319006333
0.06482152528201895,-0.027375392433332497,10.830013173500376,0.04608988454206024,-0.08581363865688296,-0.09533559211211542
0.0344028766384888,-0.08697108318814799,10.554882229326463,-0.014232486442394306,-0.11300986765548904,-0.105456112702955
-0.012745258826454836,-0.12415166180914575,10.202802250504249,-0.07747999174585214,-0.1336069795707674,-0.10906241275599608
-0.05154188756949751,-0.16563259751521134,9.805630460390937,-0.12915352649437645,-0.13540193135066986,-0.06831172390099724
-0.06494374111907968,-0.18329177390563972,9.427684289425008,-0.17361638956196665,-0.13673372846695414,-0.05834177155324781
-0.10104221765970117,-0.17446363554025435,9.079262039907636,-0.19705039961146512,-0.11269474961647777,-0.045535155679746295
-0.11044675814335064,-0.1614466840092492,8.792203705562155,-0.2025397873581942,-0.07072580626626591,0.0016015572694839265
-0.11856823339828085,-0.14264304711315806,8.608623843478634,-0.18892577617682182,-0.049011477096305434,0.03443380265679
-0.11521944448770885,-0.09329175722710335,8.543817795029003,-0.14774888247481455,0.0018281615925480788,0.05527470780796505
-0.09058943780619166,-0.03725765084155455,8.621738198551936,-0.10181619958413182,0.04177431796079056,0.07741192241887743
-0.05046320446861663,0.02117310774039875,8.801113074750287,-0.05268355068269192,0.08458506248926043,0.09503375754129033
-0.022718880832303032,0.08510464867934886,9.065814182013112,0.008352050844336198,0.11344467384287528,0.1060129319799523
-0.0034035430360764094,0.12908704904622054,9.432097015691756,0.07448125587919704,0.13736515641356908,0.09557806256854944
0.045008245424427606,0.16893955978465475,9.811217745194385,0.1396199754389947,0.1412179077228581,0.08816576690366808
0.09285623258406818,0.18381876049027987,10.207066863888008,0.1646688066306845,0.1252998097503204,0.06436298854397496
0.10106148017548941,0.18634664553455677,10.547695852325448,0.1933430810653127,0.10787044731101272,0.029673581418753665
0.10248197313637591,0.16521216201467853,10.812740574393633,0.1999299987390555,0.07894705452947036,-0.007941133033124168
0.13470254459695244,0.12890031250015735,11.002486895075249,0.18475326104731815,0.04305298125174782,-0.0321192235681216
0.11598645935885198,0.09044211579490961,11.065360885558977,0.1506773880858009,0.008076848301223093,-0.05621769972355907
0.09011719807634933,0.03543482124378556,10.994439656681871,0.11144218640519168,-0.043617808754825294,-0.08065422772649747
0.05897981472211458,-0.02522812004885649,10.809734498990261,0.05029402745547861,-0.09062455411326446,-0.09196084261802995
0.03581961686486028,-0.07162068707665512,10.54553393388002,-0.010094993188344205,-0.11608613755705995,-0.09568286094539283
-0.014624109443561923,-0.14610184420965877,10.188264485886274,-0.07232073934649541,-0.13344949824794472,-0.09242396920235872
-0.037544149680907746,-0.16274103020418387,9.818967101304487,-0.12437379583851538,-0.14253725877752824,-0.08222628315221793
-0.07426031995663546,-0.18024266963195926,9.420471343587918,-0.1618853034842958,-0.12947660858019958,-0.056107475306364556
-0.1008143996663896,-0.1685499588652432,9.08906524348638,-0.18749398317989072,-0.12216814311891151,-0.019640084132427543
-0.1157216842275643,-0.14777383250740028,8.781735487691192,-0.18786237687248775,-0.07618189166846003,-0.0073608835661978225
-0.12095789780728561,-0.13882431298910888,8.622257719464239,-0.17920976551050874,-0.04173801394370657,0.03342230670859611
-0.10216219831867601,-0.0703579644634159,8.57143514112081,-0.15631567133953725,0.00353940696369741,0.06801012815081196
-0.09760004360365832,-0.03745108039805662,8.614056920103977,-0.10143022633515231,0.05446040239474843,0.07508074512797865
-0.0749265576254139,0.01910716102479992,8.797455149546236,-0.044469558445840454,0.07925446863247122,0.10013846723571566
-0.022245280443387857,0.07991497642491562,9.072044148919511,0.023925494333228374,0.11698050767308228,0.10567354704897457
0.015338148866301868,0.12478988649258399,9.418258615894102,0.07043184651146468,0.13832398711815003,0.08769403119489065
0.05057213029712859,0.1479499865733244,9.811956981128903,0.13163329285450837,0.1407919867172422,0.08441144895404788
0.08185970919937284,0.18299536969468563,10.185907870160666,0.16640198092533018,0.12375693608227191,0.057350313175519835
0.10020753204358734,0.18320664128290892,10.543843815114915,0.19671192853433256,0.11756324081341663,0.030515276307524
0.12318566430533298,0.16877732525231667,10.825399196870128,0.1984126633474689,0.07789086952306949,-0.0017132878632546552
0.11919368849953597,0.12375523538920526,10.997099895677826,0.18769381593849993,0.03671837258116551,-0.02442242391696463
0.1066304107938292,0.08133064013683225,11.051998366400115,0.145916746526494,-0.0056403475331381235,-0.05941071682752957
0.08818217044881022,0.027836101590647457,11.007062128557786,0.10963291895198206,-0.04904251965462745,-0.0832702627816467
0.07811627420096832,-0.014732919457557081,10.827113298661606,0.04905203191667395,-0.0915129528742761,-0.0973648443432003
0.013280992770178744,-0.10446322030458031,10.536402067995274,-0.013563055398183078,-0.1147921583496667,-0.10170491060558688
-0.0062899374073970065,-0.13499109306155613,10.185918382448515,-0.06551649759560749,-0.13734054426268738,-0.10047593956908799
-0.06016308449802301,-0.16037299806872415,9.802384604672074,-0.13075595443888116,-0.1365858630650616,-0.08321031066980494
-0.07946374894901133,-0.1864809077860688,9.428090942355253,-0.1680960055253039,-0.12923992014179742,-0.05811854455780927
-0.10624087495152057,-0.17983798474326534,9.077473017826156,-0.1936478495186351,-0.10268291061809187,-0.02879559819016174
-0.13356602904369058,-0.1613535967739582,8.80504941873084,-0.19849620086926234,-0.08000580549195278,0.006108709526380481
-0.11644585279010232,-0.13248436689776932,8.61857015288668,-0.17418745239433242,-0.04337232558678118,0.032190763871845544
-0.1135676237778834,-0.08113155044777394,8.5526021261,-0.1526494019948191,-0.0032607785535756486,0.056477763077556406
-0.10747095168734422,-0.023054324687808006,8.628530126538337,-0.10850318554164573,0.058098504629972174,0.07589849513931812
-0.055234611884568754,0.026346751429054863,8.794301168923711,-0.03866722036350944,0.08887259449310672,0.09660540118052194
-0.015680752002618696,0.0781637041717812,9.076760819081235,0.012785575979868319,0.11215481167416246,0.09941310692235224
0.022209236980134682,0.12600941893641096,9.41132935831837,0.06724174835879686,0.14282015466945264,0.09465667574936476
0.049601852602243854,0.16035783403789292,9.805441516605379,0.12513931891539612,0.14672111634524093,0.08216228796769867
0.07896634735104349,0.1638737893840691,10.204346413536165,0.16357439517894842,0.12507151009759812,0.06130383808755089
0.11339710803745276,0.18146385322878694,10.539001368832176,0.1851493756822586,0.10704388330149198,0.032166181410757666
0.130344871352969,0.1567369826474347,10.827787273540247,0.19767132164862714,0.07828601554930192,-0.0009411047533775093
0.12862670313657634,0.13731515862590485,10.98017248779945,0.18494539209117142,0.03400565135153347,-0.034992778394363704
0.10299501846251323,0.0863757296617551,11.055524866722855,0.15887107703254844,-0.0045708304367247776,-0.06191403556991087
0.09228805977256554,0.03744005014360946,10.997449808201914,0.10881379460449725,-0.04357197796741274,-0.0767123959827718
0.06546728576510699,-0.036324913339000016,10.835211565395511,0.05094090588141304,-0.0924283588021237,-0.09725089796846868
0.012683865675193603,-0.08476035517302877,10.535379062325493,-0.018790069833049577,-0.11415190854019087,-0.10673017478832873
-0.006533356964794627,-0.13727520616929986,10.201639189332298,-0.07084297278501955,-0.128511889345953,-0.08928038856187481
-0.028546266469195773,-0.16605885448249139,9.818455454250044,-0.12188737326554504,-0.1379392032294582,-0.08556153284311292
-0.07347839291601926,-0.16777950251067544,9.417956839853426,-0.16783447819143077,-0.1322059793837748,-0.058530657162293
-0.09098455041875872,-0.16587149726171382,9.07228024304418,-0.19203661533234617,-0.11415176647478432,-0.028361689864018273
-0.11542248482921827,-0.16953005884144565,8.79986178722187,-0.20580985816896782,-0.07479343041460826,0.0001046061148418138
-0.12014390010544204,-0.13088909937395607,8.60932747489351,-0.18002429287951277,-0.045240677391784896,0.018595179895587847
-0.10747714815969903,-0.08225686723279038,8.55635917430511,-0.14406428471308352,0.005301892177660522,0.060802551708572634
-0.09720391413072248,-0.023394673775375886,8.631388250958627,-0.10405202454895457,0.04725936636487683,0.08758601135902538
-0.0696613581086401,0.014158400881007104,8.80290999551822,-0.05099352073258716,0.09119010964157219,0.09906562791648754
-0.017030364969177772,0.0689652613913001,9.074014424318515,0.013514045527119614,0.11270316747471526,0.0893799909161641
0.021266980984691677,0.13125254742061843,9.42463333592596,0.0731655355197752,0.1318657001636505,0.10571448358444982
0.03880135055233089,0.1448250162597125,9.814647242924172,0.1270412891817356,0.13373098007265372,0.07422038262228792
0.08634187267885553,0.1742219666576329,10.202450524151887,0.17304724796763069,0.13401431898287688,0.05331479538310625
0.10207617526543689,0.17906815635356804,10.54028025218648,0.19554652357218152,0.10869217846175244,0.034726893257763826
0.11960427126617414,0.16367032024246647,10.83354901051494,0.2045060797003233,0.07463726988874388,0.0021756930172983696
0.12323990262905327,0.12608913326308302,11.00935143097854,0.18715098464143987,0.03552199549817504,-0.030584193847934642
0.11848212302534189,0.07872124810422028,11.065418061042827,0.14864799758700112,-0.001402405639868856,-0.06169714293652035
0.09133904656175339,0.03483608578758789,10.99207696644218,0.10316332642494364,-0.05264659019822415,-0.07429941146724861
0.07323245257318158,-0.025955235578371063,10.813109451714539,0.045207528976812544,-0.09063288433542087,-0.09532959602739613
0.029636104144613356,-0.08696539501913757,10.542118734992858,-0.015256370190148938,-0.11113510415247195,-0.1078290458742642
-0.005294768062001981,-0.1270337550961799,10.196757363749901,-0.0662940706377632,-0.13518498210226304,-0.08891676221954432
-0.053396301809326474,-0.15735197262980546,9.795852065075607,-0.11906903948929728,-0.13516307899588936,-0.07975321541712421
-0.061328610156795284,-0.1640504479751357,9.427686302099634,-0.16562432664693835,-0.1336246766864158,-0.053131859144880805
-0.09901325568464465,-0.17148083253876498,9.085568132745287,-0.19355538402966121,-0.11081688717389777,-0.027954762172799276
-0.1111818232674896,-0.15062853763537087,8.803340550149954,-0.2062946577679886,-0.07816614341541328,0.012046627968190575
-0.132423640003264,-0.13210773719781763,8.615770932208624,-0.18419643038889058,-0.0324196454958135,0.029436018015182336
-0.11710893546498065,-0.08584076510664226,8.553644772820796,-0.15691847393907868,0.010617297253233241,0.05893057793214335
-0.08077423144349886,-0.029962558852361893,8.623578173384443,-0.09751417706136283,0.052897972890569085,0.08455284832819603
-0.059656027664426355,0.027088301816189903,8.797502327308582,-0.05605226278970636,0.08241796016084431,0.09361400534745405
-0.04247103930516663,0.07372506238110103,9.078812764028406,0.016246441473705114,0.11068276343314191,0.10401314937029289
0.018594561673627504,0.137463007282091,9.428542528012088,0.0708964422065823,0.13815833653841977,0.0803411966394986
0.04237993864220552,0.16748413791312447,9.818735124231065,0.12879596152011644,0.14682410293731504,0.08048572410283236
0.08988841812943638,0.1753509230163312,10.187214255537146,0.17313767360071344,0.13764199127046955,0.05819193033799844
0.10206916964146118,0.18290510707720553,10.5465045169484,0.19925904645774473,0.11087650396357292,0.03012142922262791
0.11852345615841126,0.1621281857870433,10.818363442936912,0.19918294566581052,0.08258668249947952,-0.004473148979691921
0.128989790142305,0.13298150187487293,10.998031565017456,0.1891025546684495,0.04308301509697472,-0.02645525518141095
0.10334737551351104,0.07089284486839893,11.066915270821351,0.1496560869638343,-0.0033432191652833588,-0.061372335844396074
0.08273452648417806,0.026914230324280405,11.006605652353366,0.10689447846806036,-0.04616991957592099,-0.07995232310803649
0.06037916924758346,-0.028701191212539657,10.832458792171789,0.05303277141294534,-0.08507107782650604,-0.09531878497505904
0.03377818382350625,-0.07680012524662923,10.5481362873686,-0.012663522416352437,-0.11955739394645168,-0.09749813978687244
-0.02093526026266359,-0.13236303907909217,10.195391108642726,-0.07791435757669866,-0.13778464141089458,-0.08792345797491787
-0.06007447787615146,-0.1804167706037217,9.807976972244361,-0.13023874928536666,-0.1434477562333587,-0.07987412110588785
-0.07200811482608166,-0.18644994364820955,9.409850717012139,-0.16472905233642934,-0.13982408149378353,-0.05449990754941493
-0.10759568157082612,-0.17825980577078226,9.085986314993596,-0.1996084260984745,-0.11009695804016469,-0.030093154430871693
-0.120023610773609,-0.15983391867898683,8.796153569721122,-0.2042079723405058,-0.0791505066392978,-0.002441526732483837
-0.13441263672909323,-0.11375289304642341,8.62522653111109,-0.18228852811848395,-0.035546256153132005,0.03027808169134171
-0.1159591537951647,-0.07698533033134092,8.565431972205939,-0.15516415542960518,0.010391519537074435,0.05743239981842146
-0.09073783931989961,-0.027427276676009887,8.61121683055864,-0.11293207752594453,0.05375325952383721,0.08379450576799347
-0.0545081337497746,0.027977752775060087,8.79134198589168,-0.04126764100552648,0.09265438180208023,0.09566622698783636
-0.03333064275641485,0.09062272910087825,9.087644593890781,0.008826018367650687,0.11183150614361127,0.09602863791333142
0.023547251203614346,0.1226146546523742,9.426052241156686,0.07427048902823195,0.12719458283317858,0.09396845064887162
0.04125375288358653,0.15929505450912756,9.805355314685492,0.125745934229095,0.14459402231613822,0.07322005688658158
0.07313314782974963,0.16908228094563943,10.195260466879672,0.16831891522146675,0.138738564800876,0.05778387673807118
0.11507071548547185,0.18912267027465773,10.553421460604246,0.1897261057255765,0.11859121991295977,0.0308240346295919
0.11857748388916395,0.16348498397900868,10.828745758806628,0.20305779285893277,0.08137262082354685,0.008953726764759423
0.11514195568148057,0.12156269165940758,10.987091991270969,0.18585058953908656,0.029372557093549106,-0.02424360906990721
0.1092862542309046,0.08073166177406096,11.073074270749375,0.15788670543295205,-0.0022598858050094026,-0.06402048471376656
0.10150188956718774,0.03215672501551396,11.006549829616953,0.10262094548648931,-0.044354583360056106,-0.07994484801173626
0.0736807791677643,-0.030242634291087873,10.82005144097392,0.05868684319048417,-0.07930167940423732,-0.0940364152058797
0.020626455992363662,-0.086065027017238,10.535197785820866,-0.02384726373459048,-0.10846876781014826,-0.10115214758996538
-0.010627712722385952,-0.132569727757507,10.204703312089284,-0.08319331363443962,-0.12980621220618732,-0.09591170459384406
-0.04600894645568315,-0.1577056296171226,9.81381142000249,-0.12007811320894668,-0.14287669891729038,-0.0826193890984236
-0.08648780312656282,-0.18066078014043105,9.412066370006702,-0.1674371243119348,-0.1369734841826353,-0.049343350246907614
-0.1032173354914887,-0.1814014837631976,9.07341181003156,-0.1924422725985523,-0.10814145191782705,-0.0328984265572414
-0.11684321978663564,-0.1710334865234492,8.823738140573678,-0.19733002013387718,-0.08290971532722718,0.0017931999551541657
-0.11043647768207708,-0.12660175341519422,8.621311368690348,-0.18244043556678347,-0.031980391297326285,0.01834071870550434
-0.10086791905386025,-0.08309708936694443,8.554064235245315,-0.15146959885472921,-0.004434861564583751,0.06296795364253306
-0.09331097613372417,-0.030652705699001352,8.61311138162858,-0.11049630900232528,0.049966220761575066,0.0868749691446567
-0.06366278176165813,0.029827048409197292,8.812905548898692,-0.043930779815398335,0.08715972938422893,0.08987281663098315
-0.021846463010081887,0.08777328014542266,9.082050510551053,0.017627410864759763,0.11458307794240777,0.09744052707569933
0.0056067346503492965,0.13294806204516918,9.434988269942664,0.08240979482854638,0.12972879785159433,0.0973357795700667
0.05143932229092177,0.1648391528182487,9.81198548227259,0.13766474283203298,0.1296314229135958,0.0809469438540255
0.07789463034346504,0.1758709836776563,10.206303396851192,0.1714597130473699,0.12917075417951446,0.06103874063393033
0.09501666644837913,0.17323543519756598,10.53794500224918,0.18801145792567125,0.10824184177073956,0.029381299967198862
0.10923110896721178,0.15199366735242736,10.822571970815975,0.2083490113264781,0.08450632306934289,0.009227812698100862
0.1311346230818199,0.12247762596870829,11.001117073488748,0.1802057222425218,0.03544179864013896,-0.034334570034844206
0.10927594744719867,0.08180450261768521,11.071059575455003,0.1546582584252476,-0.0018240800543712983,-0.04539223816030101
0.10380013369803945,0.021789229936647694,11.001371389690096,0.1043831169120973,-0.05359298671680929,-0.07474407552164822
0.05784206652505346,-0.027468425876346087,10.816267149034863,0.04586860758984042,-0.08316081354009736,-0.09097239033956432
0.02949044303558018,-0.08951291546682866,10.545244156076945,-0.010502519199408866,-0.12680541304098608,-0.10520234899792794
0.008853171542381832,-0.14062347338170023,10.182859937349006,-0.0740453410985054,-0.12387789833346416,-0.09052985005096026
-0.055189295034340155,-0.15386207584414063,9.791432250133855,-0.12627732999120228,-0.14064564205979996,-0.07782994822855414
-0.093780398241616,-0.18159166266966853,9.430379487992349,-0.17388576409996928,-0.14580040123187343,-0.06930494469469972
-0.09247913401998956,-0.18446769111088737,9.072270483543997,-0.19501957784070495,-0.11440000505470979,-0.03784050682617986
-0.12350027551339325,-0.1690957696133872,8.796637418639513,-0.20333407156967107,-0.08332595094053118,0.0018766538692331542
-0.11972380442642222,-0.12383859022958559,8.627826928066016,-0.1862918298574332,-0.04263516749088781,0.030319370765808273
-0.11521466496395823,-0.07064804016485064,8.571176083080358,-0.15356224858122414,0.0022647261431945342,0.05626772067778707
-0.08853199869920234,-0.03130410979789841,8.625455258269689,-0.09644526567816013,0.043818701932985905,0.08634844108067724
-0.06955544626825978,0.02651237599198306,8.814153339672984,-0.049318676913110183,0.08147999412517304,0.09071407033438897
-0.028600322129609227,0.09036231676262638,9.079289947706753,0.003696028184388394,0.1098234965200587,0.09772375611106114
0.013886764854215085,0.1128519726347762,9.42614646473994,0.08224309678144716,0.13846332634278263,0.09184311302935068
0.03866372998683864,0.17615227395435948,9.811923110580006,0.13108983431767138,0.14594598250199198,0.0834004866713565
0.07299721000527032,0.1973491483253588,10.185987278471707,0.16915228047640837,0.13055502849368675,0.05010960168221251
0.09999279240149145,0.15612072164973909,10.552379554210548,0.1919631261795202,0.11072307442675967,0.02832914603083355
0.10545527919643813,0.15956496665167455,10.801707514808516,0.1947517683901833,0.0733159854741402,-0.008702340340468021
0.1161776656511825,0.12147130177247367,10.994130622510708,0.19498671240297916,0.03971118032323989,-0.03255024675034577
0.11147769159956926,0.07952912768935823,11.060183442804542,0.15322766190018866,-0.0029381143114181416,-0.055234866676752745
0.08748090941413829,0.024732438352923783,10.99250254678163,0.09697803082677856,-0.04822878074818157,-0.07724921263216374
0.059780144667309486,-0.02174281020146714,10.817657195584102,0.0496604345071727,-0.08358167962167827,-0.09877095844032613
0.027001588059291357,-0.08268982129925598,10.559446569895536,-0.008293161296865269,-0.11407336736979692,-0.09733335106156178
-0.015534189941220033,-0.13462279598324095,10.205103434054966,-0.07448546575307374,-0.13962507616856967,-0.09600407908066048
-0.041201700550096525,-0.16179480610141825,9.804513378553592,-0.13335150480851618,-0.133975066857166,-0.07404421551656644
-0.06711005724401192,-0.17367807201104507,9.419972224943594,-0.17476270407928546,-0.13286612890902194,-0.059356706988697376
-0.10648689820785671,-0.1872411925072159,9.065052403045941,-0.19873579765243224,-0.1024333996673176,-0.04568274210148107
-0.1130042168184264,-0.17351486199476934,8.80436870731942,-0.1918781066852331,-0.0768455368280082,0.004561919280708379
-0.12147509075704975,-0.11128093562074898,8.619181415027809,-0.18565479219373163,-0.029501411179700045,0.028690373377939823
-0.10760342052004383,-0.08678671529428357,8.544268268232845,-0.16136205953029767,0.009964278968702053,0.057479111964783114
-0.07815106469722052,-0.029178342805209274,8.621985623365541,-0.10374611691496544,0.04826773584031534,0.08263331246960118
-0.05788188026661959,0.025054519742695507,8.802240588100124,-0.04731655041288083,0.08194652017742618,0.08800942721111477
-0.04134811773699617,0.08617396367620392,9.082973562419902,0.012079542472666025,0.11210907390622167,0.10037322870053468
0.013920207293322313,0.14151785765435385,9.423141918674526,0.0701656053143741,0.13701955064802446,0.09775074694386723
0.056593111023502424,0.16505679554489064,9.807018630697652,0.12352406294867362,0.14065593484476543,0.08266996132927447
0.07682511288244032,0.16564942472642413,10.21216136041253,0.17524050172649272,0.12888276642991914,0.055712236426161396
0.11073693351923512,0.16669843446902569,10.54478425461443,0.19538676729286103,0.11497655741495366,0.03577716510767222
0.11136487834103528,0.15715327428038575,10.827027737621489,0.2018796149937753,0.07914149642687261,-0.005075993983393524
0.1076738402373945,0.12507701243116678,10.994504328221895,0.1865202659654489,0.043551125908064287,-0.034113477536025914
0.1116566714310135,0.06787169170024498,11.065519277213086,0.15460688098146502,-0.008965283455676102,-0.05953011890316513
0.07662548718087689,0.034634246271250536,10.987175613429713,0.1033248132270484,-0.042134429359568765,-0.07947635331203878
0.06003298850761676,-0.03692744745235001,10.81757470260295,0.0469925875683468,-0.08305707666378671,-0.09675568336826806
0.03745553952769729,-0.06984284954652079,10.535065371450216,-0.008499460779932636,-0.10962906295774981,-0.09385702633113346
-0.025566345487742784,-0.11277047749200725,10.191431456393648,-0.06819468825576273,-0.1294672267195387,-0.09360183090142718
-0.056966175444340336,-0.16240335307211293,9.820003760321923,-0.13495399738633507,-0.14036507142935045,-0.0804713505634604
-0.08685414020371679,-0.17428456478339827,9.418830149916971,-0.1708486268146988,-0.13265477031309164,-0.05740621188571353
-0.10327841394797242,-0.18762699966177107,9.081014483638286,-0.18995277621886125,-0.10189610271395941,-0.027152975635269333
-0.11981153695542024,-0.15535558187116902,8.810866878487758,-0.19007599800938788,-0.08040048212200347,0.0012923887028678102
-0.10836506246000294,-0.13120841741489475,8.62095873612223,-0.1763866740108868,-0.035613908337357614,0.02193828520839862
-0.1028925326476193,-0.09034518442932638,8.567950136840452,-0.1569472265316398,0.0021809981612180953,0.06429765604567289
-0.0867151173783084,-0.030394198815901007,8.625428042296116,-0.09929155595318162,0.037822372298904956,0.08155207114877122
-0.06078611409601552,0.024510898922053354,8.799660252475961,-0.047728552830217694,0.07942535902149214,0.09855723081259651
-0.024014963210655913,0.07918798681949507,9.0812709593489,0.019546103001434393,0.1176465157043684,0.09797024319597564
0.003392383399264248,0.13493297749218253,9.438448261751319,0.07920903249896273,0.1378600377211455,0.08594467923899872
0.053587883905493426,0.15413486406997803,9.80490184869999,0.12252371723472824,0.14198637147191126,0.06945509228258201
0.06970152820754959,0.19167652990493445,10.18859763576718,0.17255720243229464,0.1375576451168431,0.053985053734541405
0.10945487102150192,0.16717094482249492,10.536588249000255,0.19917768596967553,0.11276755845308568,0.03340397647436662
0.12637494268720093,0.1732684346684316,10.829226666726582,0.19938562039532753,0.0750714662434245,0.00640094053765974
0.12124507033027644,0.11909079305216763,11.007855586353967,0.1840648897810083,0.0423275877389171,-0.02947601324776342
0.10911761480865227,0.0816391959963101,11.055703704533329,0.14511011789802858,-0.00323989331753139,-0.06411124877240769
0.09387978021333543,0.024157950002054895,10.981732536973484,0.10908487412696724,-0.05000957772433948,-0.08487431582660833
0.03905900964996231,-0.03098671236159718,10.815873189049332,0.04906547617982443,-0.08319945800318641,-0.08832905128323155
0.02957886717441948,-0.07537840415267898,10.549114398788102,-0.01893493938060398,-0.1152200604499704,-0.10655386517884918
-0.011195074224474822,-0.11533692389180533,10.195737457856902,-0.07689683907921524,-0.1373793819775518,-0.08456939756186531
-0.04713522598149527,-0.15089312717141787,9.811442781974002,-0.12807102120191155,-0.14082963329362538,-0.07146945275283119
-0.0729456221392499,-0.18103519656548112,9.419542001685086,-0.172600511594433,-0.12476006193216004,-0.0480332823319725
-0.10337000644280124,-0.17629738010586163,9.083381147632192,-0.19413581737627908,-0.10390681859656771,-0.028913997852657664
-0.12600745752345616,-0.1666016154723599,8.80147429144544,-0.20823605990648572,-0.07800691907875662,-0.0016191098508432727
-0.12068937488017488,-0.13515528052802014,8.625871062409974,-0.1785493634332824,-0.0390697410421133,0.03276760070489966
-0.10998687540770198,-0.09081770910243411,8.561272525464213,-0.15288889103206402,-0.003077296814139507,0.06339303648079571
-0.0897578296541929,-0.03158010536571358,8.625374299939974,-0.11116355407662734,0.05572861326645175,0.07769981557945121
-0.060655801672499954,0.030233728037391754,8.80239733053664,-0.06032027858271745,0.09074376394734676,0.0896269505873528
-0.018845849067188624,0.06649474076550961,9.067843837609258,0.01946969451221836,0.1193766691335784,0.09858027835598812
0.0015999658174818965,0.12696470864898832,9.426713261794225,0.07805809685844944,0.12298072563766146,0.09121672308177564
0.048135804726356944,0.17254552580745833,9.816332065375603,0.12989696601489403,0.14014491767908951,0.08705407277520677
0.08891731983137749,0.18677163445933903,10.205512374698257,0.1741255726554915,0.1311922540682758,0.05562474511267621
0.08889496309479224,0.17308994927288182,10.548060422551861,0.19845369499531704,0.11422533486841015,0.03129571262305681
0.11832297611648704,0.14917000920875162,10.813549238818737,0.2004585870207363,0.07669248570738159,0.004826688365891092
0.1148751254977876,0.13090152047914255,10.99233010673234,0.18402540083125393,0.03819752574928358,-0.024586657822411755
0.10756163620456424,0.06310787585494648,11.056518815349976,0.15088272946382053,-0.0009908684274046713,-0.05780731531626151
0.08343884092113542,0.03696075183692409,11.000336356634055,0.10777149666372292,-0.05099967953504731,-0.07903221392532925
0.06059475088515469,-0.029945582652376644,10.820293354158187,0.05500689121513373,-0.08843226792757754,-0.10021791991400766
0.041890846341953544,-0.0671388594789007,10.535741708840622,-0.014838535663629103,-0.11465027808125111,-0.09488467759152192
-0.0204036851311715,-0.1411512621542448,10.18723348269427,-0.06788525206524562,-0.12766195070636635,-0.08876064575795146
-0.05608708109685501,-0.1530721550093893,9.793211825800872,-0.12697777508026767,-0.13589795573969432,-0.0902014057440579
-0.0890133588037386,-0.1786004166012593,9.398772957640372,-0.16790387780658406,-0.12645087726520923,-0.04989216357864556
-0.08895250877726432,-0.1804198261368721,9.074214180050783,-0.18212365567721311,-0.11049467364583161,-0.0343208026244227
-0.12058452031442277,-0.17130374020469333,8.817290600032393,-0.19122300558937336,-0.07147224965617065,0.0030616686778461495
-0.11976326599635463,-0.12245689477374605,8.635553590821448,-0.17690342569561132,-0.048061988954074444,0.03137367799820856
-0.11374958280919949,-0.07623820277839335,8.552174148703017,-0.15695650574873252,0.014199129214183419,0.058548232494981374
-0.09823268397407638,-0.013798496494137474,8.62237858101016,-0.0947058740334173,0.057890582575502676,0.07992110521701055
-0.06383236178367484,0.03630128509219354,8.787012120950944,-0.04843281831133886,0.08784513625821418,0.09017015011637218
-0.007494852580633801,0.07703809941189053,9.064771558387571,0.013186563908302246,0.11977822446724161,0.10261910087938132
0.02142480960954654,0.11930463760069161,9.414148976250154,0.06447139702776104,0.1341643799030874,0.09364803862565972
0.03990669853468502,0.149469393342872,9.808196010524325,0.13047499157029718,0.1388924626104444,0.07430252877534096
0.08377847506692308,0.1895821406718612,10.194811566086976,0.16439056285865303,0.12877354573305058,0.05353186923907936
0.09611967288895744,0.17154602761087284,10.546753181132024,0.19619047215656737,0.11056619759558688,0.024355273971615226
0.10267486155947933,0.1721868314347768,10.826576974086294,0.19367857100427885,0.08172730715312844,-0.0027114669886674258
0.12771424085488803,0.13142345435430872,10.996125597981806,0.19428497110651008,0.04145549606735591,-0.028560372831987913
0.11980806205349849,0.08428652490936164,11.060289615765301,0.15572630727128323,0.005845082236281021,-0.062405701978527774
0.09904571895523569,0.025624572409384122,10.99007014531545,0.11706614442294845,-0.04663041497058833,-0.07607648732471112
0.05819223461701556,-0.02295149968526867,10.81051526677469,0.042906614183300676,-0.09300619731724111,-0.09572903917357294
0.025826595554511653,-0.0819130281462291,10.532739786597189,-0.006578123583527749,-0.10739535817394612,-0.10144698543534829
-0.004290117812499818,-0.1302892446013953,10.201465225377707,-0.08428120118001044,-0.1404591506144167,-0.0949944348179546
-0.04359823277823715,-0.15484928651786461,9.807296737215447,-0.12780316006515496,-0.14273725905333828,-0.07387386572318194
-0.08174698201279466,-0.17894812278051098,9.408759794928882,-0.17296544824886279,-0.1304691819031236,-0.06556358614104615
-0.1157244296312331,-0.1841581001150067,9.074763723012975,-0.1963889856900837,-0.10872538226559379,-0.022535670432977453
-0.11597480111711271,-0.15554637827932202,8.788738186377062,-0.20206887876001162,-0.08617483136975393,0.004889314781779432
-0.11092607639968223,-0.1277347632724421,8.634462385182822,-0.1898700528442935,-0.043088438013408344,0.030877586898961695
-0.12010802559261853,-0.077736021762531,8.555369426227307,-0.1592668789901398,-0.003315979184173103,0.06476524014939226
-0.08556722589344552,-0.03171039777670191,8.62663140251758,-0.10787892057885977,0.05024035301621246,0.07934133084802204
-0.0592988230497037,0.01856391255183711,8.807440461250325,-0.04744159235433098,0.09147895393402919,0.09656135865312067
-0.021159615320670136,0.09566985374364716,9.06762900701396,0.020142491590195568,0.10950772105882978,0.09729288828843277
0.017264046239515572,0.13970842955575205,9.424337133971745,0.07674439107794959,0.13933267898835675,0.09991063778886175
0.041174479141630554,0.1674876045011543,9.81442774321108,0.1346762384540141,0.14459419814743404,0.07731336235577917
0.06566220704109776,0.17469386042374743,10.197195612347793,0.16241644828936644,0.1285325436603211,0.058450053736326786
0.09850369886482409,0.17536887809980778,10.547620371440026,0.1919843559852877,0.1008983624975717,0.03421319938170018
0.12399882121046459,0.17140361205017984,10.810634207820168,0.20304142126614977,0.07359135967912876,0.0051524339702857325
0.11522212228536464,0.12439223772689012,11.003252935126632,0.18701242569650303,0.036379788897013,-0.035091644582981266
0.10497497268948465,0.07658685356581679,11.056110686446619,0.14866256188359184,0.003620421111857906,-0.055084420549939
0.07610649821144815,0.04305739631494175,11.00161625515521,0.11033713100501444,-0.04772330057469433,-0.08586362051403054
0.07597233704718187,-0.02861830444219382,10.828631153733175,0.04536536843100502,-0.09059619439046507,-0.1058846209045301
0.03376651055794583,-0.06764185941540224,10.55008203342586,-0.018210837614009254,-0.11487766850529282,-0.10374027906229537
-0.004129074391564108,-0.13852267355516207,10.199061000772621,-0.07283290029235827,-0.1408311175774449,-0.09090496208905402
-0.038988397982796394,-0.1562718457487817,9.815137026369515,-0.12881269062086934,-0.13736860417477903,-0.08091072477684737
-0.07398421535008977,-0.16122768511301477,9.429236045462341,-0.17242189432431784,-0.13671621790622723,-0.061381882540098916
-0.10472648591171564,-0.177533415927829,9.087232443925652,-0.19693354564006096,-0.11497387637787437,-0.030540113672631
-0.11819591550322585,-0.16245702842115137,8.798456351435664,-0.20483538066950127,-0.0770701795329442,0.00020051260223787694
-0.12297866843030952,-0.13656489336821814,8.622491010578628,-0.18727521314784137,-0.030604908417547316,0.03409536211845746
-0.08944939324502629,-0.07298855742111492,8.567456534471809,-0.14746839027945194,0.015076870923366039,0.050791562103411715
-0.08623000469645056,-0.03424054357097755,8.617256253752954,-0.10444403422924595,0.041932460170714086,0.08044193032422642
-0.06566156014157525,0.027478414514181232,8.788046617249888,-0.04322876393686072,0.08257902287694836,0.09575435313419624
-0.023436827233214372,0.07191324380517038,9.07921427603094,0.016904362495412002,0.11819457270523846,0.09317311000687016
0.0022012908989103956,0.13979069507042016,9.422080567554355,0.07220640805998121,0.14019832596466011,0.08818284986326277
0.05876625482574481,0.16965640729686232,9.800339780706073,0.12059783107361766,0.12911988597787222,0.07902609828704682
0.07330932947596856,0.17754366791303916,10.200275578403659,0.16517306082564268,0.13226458170440578,0.05874951409767866
0.10678053853127256,0.16853823040039836,10.556180629485873,0.19079302395834824,0.10837554279408348,0.030877735415343083
0.125413623708193,0.17263224887695094,10.808233302598316,0.19574348231900965,0.06932753377995335,-0.002870256643869248
0.12263630186721255,0.12429542421105501,11.006999245330638,0.19020157155184647,0.03267023793159802,-0.03397254233897042
0.11128307921490921,0.07280566313007672,11.039703459874035,0.15782137979115365,-0.0069268054203738706,-0.06082599333292624
0.09076371762569507,0.013982574810073605,10.99561835232749,0.11672618474557182,-0.04683771259969811,-0.07946108630165466
0.061499627835668036,-0.03340460404444942,10.835995370266636,0.044203128484787614,-0.08052154020920303,-0.0889098617425217
0.022547213515099276,-0.09342636702378551,10.542104972977402,-0.006336778276759629,-0.11384517070465844,-0.11110194525836203
-0.01388410967990369,-0.13231810496180746,10.196990750135436,-0.06731130306649662,-0.12961668203727342,-0.09196325136293068
-0.034893478087822324,-0.15446205494147425,9.816102929606254,-0.13000485623773156,-0.13980668274657454,-0.0814053986879268
-0.07946617530390597,-0.1807995472185458,9.409996968918907,-0.16743955566445934,-0.13535262734455977,-0.05607828127583473
-0.10905822522535434,-0.1749258748281844,9.07584519304109,-0.18794553676812925,-0.11173000744625675,-0.02488978860376152
-0.12101618344514278,-0.16613166975925933,8.799242461606989,-0.19978101978377774,-0.07547005303774695,-0.003687116141919561
-0.11075518806799496,-0.1267015254965197,8.636077922417087,-0.18597843080362192,-0.034193265984927404,0.03570739276362001
-0.10512246621503678,-0.06628009527993042,8.550114073352018,-0.1561051245624938,0.003348559699948393,0.05257989740388938
-0.08619466752098974,-0.030867407534071047,8.618127040099452,-0.11746697913750558,0.04248621138769377,0.08159169127223402
-0.06401132620204433,0.03131231849025457,8.791301910704709,-0.047669376258309235,0.08724034530795875,0.09392038292980806
-0.022573901665150282,0.06926504422377854,9.06699314020484,0.010774673169789742,0.11800681609927004,0.10023135816617837
0.005139753242166767,0.13949638724898739,9.432747978847908,0.06989089597677325,0.1405179746533858,0.09013309054518559
0.04465328882626242,0.15659967177949616,9.81021321201593,0.13095449569825718,0.13654649006101288,0.08303405766221104
0.08635631814155771,0.18620061510599561,10.191826705397183,0.16255077144505387,0.12848891133854687,0.06663832900890368
0.10976607650163697,0.17678597951902636,10.540588798156362,0.19817960247023242,0.11459205866461242,0.02595822093599641
0.10903052390264399,0.1652376274031688,10.816765426353133,0.2019043932467692,0.07691047192004871,0.00085971337115388
0.11271394189030307,0.13259097744510845,10.995030219949681,0.18329550585905469,0.03710765591815197,-0.026706503768748495
0.1113969365028604,0.07802777914051859,11.049884437245687,0.15265188619268563,0.002182766228535099,-0.060333815366355396
0.10448635994421365,0.03681477039597282,10.996750809028475,0.09971568107344035,-0.053986815730998415,-0.07415173050060715
0.04662663529501515,-0.03430876190124019,10.818397589435493,0.05177342735758061,-0.07528103881164382,-0.09728140848358122
0.02938746494309914,-0.07556578828330397,10.538669191714414,-0.013387198601798395,-0.11868008834559722,-0.1005814343421354
-0.021296588894355848,-0.1304571806229833,10.197511613019062,-0.07395838932190768,-0.13002073720911622,-0.10004403295156628
-0.05180484902524435,-0.15762086122200702,9.811919115840896,-0.12633408554918568,-0.14048430273543736,-0.08021668859660504
-0.08151330958693669,-0.18149228992557737,9.419275579317084,-0.17301940971861687,-0.13047108618551514,-0.058691777953835796
-0.10613592181777892,-0.17737161408744515,9.07411536142838,-0.2017444943884335,-0.11212519017572427,-0.027637999065855
-0.1211561701875238,-0.16894254209653736,8.815997746846522,-0.1946998047959036,-0.07466475651493064,-0.0030925159649503125
-0.11950049703056083,-0.12524242214991144,8.63814282069988,-0.18185287984947968,-0.041092696201646774,0.027575891251389668
-0.11480936381339292,-0.08129379917692713,8.551567278478963,-0.15564523147324935,0.0012232007629550128,0.061162572315036384
-0.10237696002569165,-0.03240074734245971,8.613863774098293,-0.10362123554856321,0.0561984968289411,0.08793964755876263
-0.055712199710586,0.027796659258171097,8.790253530815345,-0.04173186714716607,0.08570896799558862,0.09827801801464223
-0.02113782408934532,0.08286129785286588,9.083724866154126,0.02001752382247227,0.11223843347495953,0.10923702206919715
0.017033636721937133,0.1224046818435143,9.420540522634626,0.07244484491267233,0.1269029462735554,0.09785479932554704
0.034404325106926134,0.15938725620522526,9.811917393948809,0.12139973222037842,0.14926819458099042,0.08344610466122647
0.0809892274631053,0.16975193037958683,10.212246981634951,0.16322125695118533,0.1290682707275947,0.06210335708467192
0.10817968591673849,0.19653728619678626,10.544647847010998,0.19259057294905277,0.12112044886942211,0.038258359068976164
0.10863618612273007,0.1688179417646789,10.826921232742654,0.20679798233690436,0.0809419115321743,0.006099336093437223
0.11963153949902892,0.1294076308724756,11.002984011363337,0.1816542448568357,0.04007050283306265,-0.03641026053968536
0.10959718611786588,0.0910242052764191,11.055294261186432,0.1499867981918493,-0.003238714060539023,-0.05484720228748524
0.1054145062153875,0.012245499096371189,11.007293939222851,0.10258223105358501,-0.036052033003236214,-0.07962691257940997
0.07734712490685822,-0.048698320891983816,10.814473636495842,0.045363080359292506,-0.0965231473576359,-0.0961031418559351
0.013845950279896017,-0.08498359053752011,10.555450603657215,-0.01438015402748356,-0.11454520368251887,-0.10886460660342853
0.009663173804069426,-0.1383640514184507,10.19157163524711,-0.08166788996758911,-0.13568039726076472,-0.10277906652073901
-0.0540520068462642,-0.16231016900664835,9.80617625823569,-0.12342173766591327,-0.14100577135122588,-0.08267197648252074
-0.07075249588781171,-0.1761510927819867,9.415020854442295,-0.17053143803921622,-0.13108133834916194,-0.06602985022349692
-0.09500787122337964,-0.1704081058983704,9.067874359347881,-0.18175353014020657,-0.1121425284243882,-0.032536289383840136
-0.12485132448498092,-0.169451104357216,8.795314642452785,-0.2053542516632188,-0.07800698643916962,0.0036602205009574175
-0.11561201116285921,-0.124025832538144,8.601728566167786,-0.1773471410584188,-0.0394739641423271,0.02808108775685971
-0.11138758923447782,-0.08153218431138942,8.558133341270596,-0.14601171046696504,-0.0024798577687457435,0.05926742473929091
-0.08624266090979206,-0.02529944443039887,8.617115560733104,-0.107725206588426,0.04903861788865767,0.07560393531699988
-0.06010577819171373,0.02407870738328105,8.805048845820245,-0.04999703740829727,0.08914232676902828,0.0966268032013443
-0.01759008554356362,0.09285434316243432,9.078652280541297,0.00971753072642147,0.11290658319252408,0.10254063778348926
0.0108914385869217,0.12650746908219465,9.41806765758241,0.07071853196863057,0.14369385961423436,0.08796359068436724
0.045387208521613355,0.17461078259908175,9.806331593924462,0.1288405076986547,0.14661816315413154,0.07709020889897263
0.08736639610688757,0.1714732366772878,10.194394298660512,0.16991081257039864,0.13604765910572783,0.052371041344287286
0.10741502278915765,0.18371404060474003,10.556619217801382,0.18613742667912692,0.11497036139704855,0.03336357927416085
0.12274030982481944,0.15986764463851236,10.814692805525095,0.21095392328709492,0.07909812453813554,0.0007315185655716121
0.11424146013550451,0.12460093869410631,10.993062560049276,0.1839988876317374,0.045062937355240654,-0.031234428345306556
0.10216521702916202,0.08670582458034937,11.050971326787064,0.15329649884298477,0.0037658399381345162,-0.05949151941624045
0.08613552380083042,0.02568613107634874,10.98696432953348,0.10253559937713237,-0.04309166763554211,-0.07933951793123162
0.05698458552531515,-0.04953260568656656,10.823727271957663,0.04668668664528086,-0.08841347121959102,-0.09341870931643277
0.03345039557575017,-0.1062922070289301,10.546354792014156,-0.016113410363289844,-0.11581531847149668,-0.10247784829520915
-0.0024803698394130925,-0.11715616098737316,10.206533337791356,-0.0752822912239737,-0.1314860290582376,-0.09825624598878682
-0.047971243393281855,-0.15057525714801312,9.818331272061961,-0.1289164869996679,-0.1357515799055804,-0.08114461635714755
-0.06715053009183433,-0.1626976183366977,9.442905690747589,-0.16578300090646034,-0.13221528368259025,-0.05965556717132359
-0.09182409992016712,-0.17791164787135333,9.07467745249411,-0.19301310332833832,-0.11364530041244478,-0.02051409416482602
-0.11493861133904466,-0.1706860708989899,8.796644520520974,-0.19596498156846986,-0.07102660483821133,-0.0018309591246985597
-0.1261332876859154,-0.13057954876862085,8.610777543869968,-0.1853455260265636,-0.044717675404134245,0.03243419593472114
-0.09792430608486599,-0.08155590573372024,8.565572625339811,-0.1518121746813708,-0.0006187256559901065,0.06117974416694873
-0.09116543975508014,-0.03613582470414825,8.622127628562598,-0.10687331495761777,0.040496148652093375,0.08795631656146491
-0.06094183503932485,0.04142548077307674,8.803938887471336,-0.04300617566907595,0.08084430041239378,0.0910770438177553
-0.029877641631380663,0.0997052850806838,9.066155440880513,0.015937131954646272,0.12185363566565782,0.10669819997184979
0.0031699196313866368,0.13116178387548558,9.426541590543529,0.0744772648222809,0.1407585430056837,0.09434128409783088
0.03498108563452426,0.1603304148374828,9.811641596943756,0.12790398677480386,0.13957007675348437,0.09335636653018248
0.08366082883087617,0.16743661007894634,10.19738352328767,0.16926113594291756,0.13430946958766224,0.06051990377746576
0.09650464663911452,0.19014289305434462,10.539265438100028,0.19430142263221684,0.11075873478879077,0.024672859643319302
0.14136205250222325,0.1609554469698,10.830785840157075,0.19920459116437292,0.07298775564533695,-0.001074307600370192
0.11086956485267134,0.1249095628401293,11.015223106000786,0.18250226364148045,0.05044661186991307,-0.02430452258750696
0.10046825948049454,0.08549669456599052,11.05111724778962,0.15679294023322826,0.0027857667031609993,-0.05844240595348517
0.09475841067176125,0.023393826677955813,11.00458419720572,0.10980716650694408,-0.045359690672950474,-0.08125182214637884
0.07418566444251211,-0.027061881604309338,10.798248441758036,0.05694101853027002,-0.08984150412247555,-0.09153798095714721
0.027677518682075148,-0.09332899685029745,10.55008044496145,-0.017342168360288304,-0.11674158316591086,-0.1017249492794792
-0.005710302880264734,-0.11863884075562334,10.181310006036364,-0.07193544546908288,-0.13781650698021708,-0.0961319278483501
-0.06147858041670251,-0.1612526131401436,9.805800261216836,-0.13838922402895484,-0.1394523932211684,-0.08557301293161555
-0.08401797460797164,-0.16852593902167576,9.413224559737191,-0.165662117324066,-0.1302782817368714,-0.05006278877648553
-0.11136078090338734,-0.17938051130782948,9.073543542674864,-0.2014321135888671,-0.11251688514596307,-0.03693056168631233
-0.13204616946983144,-0.16143459015328035,8.805439106618305,-0.2044080521883291,-0.086219703539638,0.0009358475359721305
-0.11862231164138137,-0.1369214174537657,8.606320848521271,-0.18363534527246753,-0.028695781902978213,0.03338529211454605
-0.12846994025322947,-0.0755692460724508,8.557124162483875,-0.15607593263399994,0.005275566856344132,0.05878185612594813
-0.10125486867554523,-0.03508623854203573,8.617072404480535,-0.10945855409420031,0.04941474770058471,0.07468438113095023
-0.0662487069628822,0.024345504003688144,8.81137714650221,-0.0504458144532601,0.08345000758013808,0.09013914663792964
-0.03381108811415254,0.0817976395321725,9.078722522697086,0.017972149766632296,0.10780685570340606,0.10261254541792453
0.013459510259418182,0.1283053317391563,9.414311020125103,0.0706031871127527,0.13393787656862763,0.09117886542645498
0.04917484261225148,0.14676854928931526,9.806229644967713,0.12857276312642713,0.1383241943808763,0.0704895542695161
0.08574827220992018,0.17594989898284344,10.208720076875847,0.1679140512264776,0.13537556951346655,0.06064178429526384
0.10879092493199462,0.1841332636342433,10.550446487899839,0.19824865687048118,0.11534164554378332,0.02645502839028597
0.12601230498513913,0.15731828820681817,10.813925375269388,0.20372600544088207,0.08277278717365108,0.0030675821306976464
0.11954280631350013,0.12542502399372485,10.996684081061844,0.17612006293036686,0.04429743851114482,-0.031993975865256784
0.11295505448687987,0.08294655026333948,11.058119126812736,0.15819398455071135,0.004930395915197123,-0.06009917336810857
0.09476941056220001,0.02707183544947692,10.994516789951694,0.10261300701189353,-0.045182529001933376,-0.08069250419331335
0.06308441018989248,-0.0364810070084011,10.807589545718118,0.04920319533373177,-0.08006597540647524,-0.10082543342679037
0.023983246947208593,-0.08208003103284572,10.539310591642609,-0.019018563508954003,-0.11314760841087264,-0.1041272262641295
-0.01294778251647851,-0.11938295290959292,10.207384837415649,-0.0734119660812905,-0.14385455622300597,-0.0963778822132094
-0.053270668263670176,-0.16882673238919316,9.806950844103568,-0.11608679267943262,-0.1407129058392494,-0.08657135500581191
-0.0752249476031466,-0.1807922010226306,9.4229027279877,-0.169171504842736,-0.13616645514439343,-0.05513780438402021
-0.10352397646297377,-0.18882447247657455,9.076392639809194,-0.19644844160206737,-0.10965409102338157,-0.03235440019250635
-0.12219119267534499,-0.15281393687907824,8.816473888188991,-0.2006472028438441,-0.08290269057166053,-0.007158668771090633
-0.1248561120681694,-0.1279617436821358,8.62125035280243,-0.19264162170373836,-0.03632767238140884,0.028190724480189198
-0.12021050910261463,-0.08844889892546456,8.568751562828668,-0.14572362102608352,0.008993073612866425,0.05935612455013904
-0.08284657021694973,-0.02734139410870941,8.616393913254647,-0.10410237100620638,0.05314963792971053,0.07872324284083865
-0.061322215254511085,0.018608081270134726,8.796653562947283,-0.053266223872239726,0.09365836231814456,0.09713204620846658
-0.03406320158310603,0.07352129779186196,9.075368856419374,0.009242428356436962,0.10723679085971391,0.10287014257370462
0.016756624238561616,0.11565447003080999,9.417535693496333,0.07534405099056048,0.12835937904837738,0.10708676334920553
0.04224661059867428,0.15188309091059637,9.808370257755106,0.13350351441422892,0.15457938035697646,0.08660286138876332
0.0673458772263264,0.1886550465787422,10.20337565045511,0.16405238310547515,0.13687551620917274,0.0505250409595126
0.11094163338404493,0.17190647523483343,10.53832864887689,0.19971624972317095,0.11193349753213935,0.029016342865073555
0.11258902675372168,0.1640747934642137,10.821271955216409,0.199028228910682,0.07910782732665304,-0.0014217206994026534
0.1162869607919013,0.12053246666777231,11.004490513782192,0.18064525499250503,0.039071776096072104,-0.028110514762020925
0.11085675944314624,0.08772357182272514,11.053404271609498,0.1506299853240423,-0.013756665909844042,-0.06351804207903718
0.09981801472916911,0.019870862902406222,11.007583955709869,0.11440955592983981,-0.05099343322272578,-0.08360995592938915
0.062111454937697,-0.02792305956720238,10.821854310806398,0.0410806676580259,-0.08612129248304531,-0.10135502615603441
0.01756786441737257,-0.08136645156457366,10.543410584858922,-0.01798348458678663,-0.11919621065736048,-0.10301128944359897
-0.005937226208873923,-0.10871309557823906,10.180206060522213,-0.07050472117168188,-0.13728005917586708,-0.09790308970569363
-0.050610118871121865,-0.15537392250721338,9.807011100463978,-0.12776125223026666,-0.1271466473159078,-0.08241466944624229
-0.06349449047018756,-0.18253957802137766,9.426701496360574,-0.17376353674044911,-0.13308616281770755,-0.06463945636592895
-0.10278081284626726,-0.17229103017589362,9.089231194784922,-0.18932523683200497,-0.1094206576355813,-0.025907376593074304
-0.13476608665343962,-0.14323959671912107,8.803271870264203,-0.19442491800462078,-0.07773495835007621,0.0024495835513286706
-0.11669923373632633,-0.14025996675129543,8.630189084485288,-0.18363951857495087,-0.03640877933843273,0.02374172051057085
-0.09497053694226087,-0.08838715819713445,8.550327163411025,-0.15603042039479684,0.0017015192928467415,0.05897997642138327
-0.07806993863849485,-0.029974699382785228,8.62016477466578,-0.1079583096433842,0.05336669393978532,0.0731274207096774
-0.047303522300715085,0.024900177172158904,8.808494728569917,-0.04659835401426268,0.08777986547855451,0.10184424540662064
-0.03531888290958738,0.07912720845688453,9.068166566231156,0.007764374500986848,0.10918108941143437,0.10807050269192457
0.017585461409584308,0.11690168014490447,9.431450538063158,0.08190656350052004,0.13381685922697142,0.09479957549999085
0.04095424475914575,0.17164897323946318,9.815866542916847,0.13734458289092977,0.13907956282245154,0.07658641454518093
0.0803921974377577,0.1664154771189302,10.198469032156174,0.16862755839995636,0.13073707033322293,0.05538554604335317
0.09258823564036563,0.17616971940811804,10.5421019443644,0.1959297254759826,0.11335774168803128,0.02854879487870077
0.11173015655118827,0.1687116372170892,10.813380881732103,0.2054154068847135,0.08212126572099218,-0.000622650416783665
0.11414817993466292,0.1269813991702556,11.013023679721764,0.19507427611038056,0.04193934224561953,-0.024133521137110436
0.11771576152148945,0.07381214852138245,11.065054900141792,0.1607533441343488,-0.0023933563317920185,-0.05407210267399075
0.09708305392019818,0.017290113658848708,11.001545574366318,0.09698909897738164,-0.046703599161339586,-0.07609867258973238
0.06416571444541527,-0.030076876557514856,10.817968444983105,0.04644396589911918,-0.09631808953108116,-0.0942800754231229
0.016357430082093852,-0.08784549857032553,10.545034538402376,-0.011820578549635499,-0.11172744813536598,-0.10576801944585001
-0.012781357713352955,-0.12569368953601076,10.197588981128536,-0.07773872557934107,-0.13191260874758232,-0.09892854551759557
-0.05269913294058007,-0.17162893399285564,9.81319900547784,-0.1199297037223471,-0.14486411080916675,-0.08054603406619276
-0.07164047618887572,-0.1712920600116451,9.429603479339077,-0.16166045678515542,-0.13042498621788798,-0.06471239316554317
-0.09334637624774533,-0.1768470256997826,9.069008662427684,-0.19822885372012172,-0.10757156527151567,-0.029297590537320284
-0.10843471798199956,-0.158826301328194,8.786995981307513,-0.20029839676999725,-0.07309140444898515,0.004114131844199961
-0.12559990886890812,-0.11569426380150366,8.621853601441256,-0.18904424259849115,-0.03680456961568161,0.03371259633393267
-0.13244358425866487,-0.08514966584358126,8.546022261301403,-0.15394407967742754,0.005695942156260163,0.06137605909012686
-0.10481299613188222,-0.033886052467708073,8.618590066671134,-0.10679394829084436,0.051865649287122756,0.07162228185862023
-0.05057814078610047,0.023854773962535908,8.79465523839046,-0.043250444767002495,0.08402935440956046,0.1017997457598458
-0.030370840941096787,0.08024904948733401,9.079202420171947,0.009881696488380269,0.11767692737803127,0.09216303417598136
0.004282445295633006,0.12660781911130256,9.439589533315102,0.0621838910700506,0.13124881325209517,0.09431451590020865
0.05987148342452694,0.15377174291824713,9.79444327500879,0.12082082203637316,0.14549178796391712,0.0839423581008859
0.08871916180633728,0.16161166388248127,10.214464723211234,0.16466582458563384,0.12377934203858834,0.06049988031124771
0.10296744484564747,0.17328398987806312,10.542866964092628,0.19087074506884766,0.11489494354765961,0.024428323654841225
0.11453857794173455,0.16322359781330983,10.824053712425965,0.20042226867354485,0.07903618458435173,-0.005580142351665622
0.11850134381106706,0.12831294447745312,10.987501988107939,0.17989750238989943,0.044183013485183956,-0.029550511262106116
0.11234462166744927,0.09124373761521468,11.06797497256181,0.14691293450559842,-0.007990654974133305,-0.056295886656686875
0.10347767919740844,0.043723411261574724,10.99915242565978,0.10101954945593804,-0.04668186980552115,-0.08648971433145906
0.06533089600465705,-0.02216221281764123,10.820779503679148,0.04244346433493998,-0.08525890406187345,-0.0931700035816651
0.0329690336908393,-0.07072909690427077,10.52923248444634,-0.0170964885285482,-0.11344749347981184,-0.10757632822461176
-0.0009340813691912468,-0.12120134393152689,10.19686161747958,-0.07825407607430275,-0.13959218897635373,-0.09195631568291915
-0.056087609085218655,-0.1467381307636321,9.816766626590672,-0.1253982533626592,-0.13675922898538934,-0.08526884949079802
-0.07255898710263735,-0.1629895168324153,9.421838527947461,-0.1747549795745144,-0.141057368250234,-0.05830432539173343
-0.10512840510758141,-0.17016210051886432,9.084662029399585,-0.19593718615548134,-0.11415046796249571,-0.03125449375154959
-0.13701456423643435,-0.1546939513116003,8.807791918406389,-0.2022115100700495,-0.08676128981078265,0.005891800876725143
-0.13658350984945983,-0.12886473540293997,8.616050591569193,-0.18125204703736528,-0.03521497983314109,0.032196519517629876
-0.11867226017249953,-0.08197800010432106,8.572760910870379,-0.153739833836988,0.0060885870097204895,0.05585460245233087
-0.08642751511811177,-0.03078221756066843,8.621541714345632,-0.10041330292720445,0.04941198093409489,0.08275165863611515
-0.06104076008803798,0.0332068958764675,8.799126719037641,-0.05378358522076502,0.09292800149177144,0.10584503297259454
-0.025685867769122114,0.07602647774466005,9.076060284415247,0.014077186764893723,0.11403720293425428,0.1037005754325756
0.02589579010325846,0.12580668859140567,9.42428328303885,0.07238818400969682,0.1374023076301812,0.09478242690076644
0.03657748415814362,0.1415759657296239,9.78895893314658,0.12271330695809857,0.1402704161616935,0.07668157552527362
0.07837841540895892,0.19158106506492523,10.194787191783144,0.16946977744423988,0.13139672483652967,0.05562443517828675
0.10520733925279838,0.1760076252244055,10.53381999359226,0.2028138418050081,0.11734438683730432,0.03421746989824923
0.11099561773794216,0.16398963598169977,10.834281928586378,0.19522185265583678,0.08935703659211126,-0.004517527098764722
0.11978476747423464,0.13888517158510466,11.011509309302733,0.18465919700834799,0.03719874351722304,-0.03097242556875311
0.09772772460767577,0.08404964935614097,11.066815506659646,0.1464072793589381,8.066483542561523e-05,-0.05166201716383553
0.10195655068505349,0.039634268526615696,10.996912905870264,0.09837064768468219,-0.045536203136365735,-0.08020173314327539
0.05649824019052967,-0.03817078548649586,10.813207123475925,0.044085472694050644,-0.08390649239826264,-0.10052862573297296
0.043412002744756706,-0.0626102493267515,10.53947091735538,-0.016573934865211574,-0.11438102263489498,-0.08911072156277838
-0.010548036833103274,-0.11863865668173343,10.2118123782201,-0.07729555429950025,-0.13601976918042324,-0.0862660204797057
-0.03850577255385259,-0.15874370487117487,9.804462420907722,-0.12997366252295586,-0.15786520723041877,-0.07834375759005528
-0.07902430519434667,-0.1663957112457381,9.4048839941964,-0.1780489958526689,-0.12415385098688615,-0.05232811562463998
-0.10301780572837142,-0.1871205009730113,9.083509758702336,-0.19727893407136632,-0.11428492061527276,-0.03215240369574564
-0.1215580373360246,-0.162653911513164,8.8107327819403,-0.19697760430344924,-0.08015542549985534,0.0037107866254825275
-0.118605162078641,-0.1156688748561958,8.634453080128372,-0.1920876972820103,-0.040457541331632006,0.028868170348243998
-0.10798332972503336,-0.09658378330375472,8.568306784033995,-0.15474416593111295,0.0001689161559213113,0.05207303657576613
-0.09695136901817555,-0.023595856710199727,8.630791512048901,-0.10420256774451374,0.048332988409576484,0.09391330816259641
-0.06295151193765333,0.03249429226804425,8.799152229623667,-0.051933068950885584,0.08534049233340324,0.08810027644336896
-0.03204159235498686,0.09754306857810868,9.058658069646471,0.01603164178786776,0.11203423138591388,0.10148775148143097
0.028685554798681054,0.1146718949118643,9.423951805363297,0.06766200769791733,0.13510088930637382,0.09650764539532644
0.04601235491773935,0.17329437326731087,9.814972582179319,0.1332857853122017,0.13977507096101893,0.08342966830290567
0.09095973945600953,0.1733205799615565,10.19518908251624,0.1716363363146434,0.1364670904663089,0.05825847135035864
0.10120687642382502,0.17419534620580182,10.543284876415619,0.19442753003137828,0.10410934373850302,0.0304212560739346
0.11896010380252751,0.1505689573873306,10.813558298656488,0.20511048680199695,0.07492069317064462,0.0006035444297974343
0.10898724094041035,0.11852006172769528,10.990806735422737,0.1836497266213639,0.04298256488574531,-0.028586526967431997
0.10695073854540331,0.08487548063622813,11.074705188118129,0.14987915689457942,-0.007286647839427807,-0.05885919353269119
0.09236157831316,0.019180863591601024,11.01381541632798,0.11252950796467283,-0.05164879901233735,-0.08129550083752354
0.0746391872584543,-0.022314608320057775,10.8212500659188,0.05722556335194331,-0.08851350921555552,-0.10173851649118203
0.028936663647954664,-0.08709299041926946,10.546983754206467,-0.017791208337627505,-0.11612180486349866,-0.08993154847765455
0.0007815206477829375,-0.13703980871642998,10.188424378512423,-0.07583635528037959,-0.13484027390345182,-0.09239976622292409
-0.04160436819540775,-0.1646397979819361,9.815140598799566,-0.12361832473123177,-0.14099009660632247,-0.07980510657543793
-0.0655786715267186,-0.17510268837269696,9.437805950404158,-0.17019805765822762,-0.13697072335211213,-0.0618292291530168
-0.10324419280873333,-0.1799902479805419,9.063034588394803,-0.19117626047014596,-0.10694546304063522,-0.03583557625431456
-0.09776402098503353,-0.1600713115363474,8.802439823428992,-0.195584378683026,-0.0723165409638164,0.004388446477390802
-0.1234413231368856,-0.12165321833274337,8.625491532572255,-0.18810799479533052,-0.04890822026349339,0.03018655744871221
-0.1166590139539281,-0.07298793024366287,8.564220852119115,-0.15087206413988907,-0.0036797699649324484,0.06195543464840363
-0.10035772374435914,-0.030560281378569233,8.634321895973846,-0.10569775001673812,0.05214607257348545,0.07419294443989269
-0.04330295923830023,0.019883106864690123,8.815016902728676,-0.054106077307718166,0.09341103621365257,0.10286724099637148
-0.020605220845602575,0.08239801787488983,9.073400565211287,0.009375756574894539,0.1049710164215272,0.10450684800318863
0.007615276374717299,0.13110073495847202,9.429114146408521,0.07200555447285667,0.13843156172951035,0.09467294850561304
0.05672238265201787,0.14873152236328047,9.810673869645745,0.1334861367015504,0.14812970385805474,0.08318776747407389
0.08409941972336706,0.17067147953068323,10.191214320625093,0.17461412346072724,0.12751583628071067,0.06241191447900289
0.11850087484129695,0.17201792671739055,10.546898078620679,0.19789876760544345,0.11870959681136985,0.02413260253799402
0.10450314000833145,0.15868241497323837,10.826643239196706,0.20168695018679453,0.07805766837069286,0.008300620219776188
0.11743527264705869,0.12113460679841914,11.00055607485224,0.1873606034533308,0.040929262284426775,-0.02856956438371904
0.10682714820880995,0.08730362765739363,11.05295055032411,0.15435623970468057,-0.007684099694903209,-0.06237062316319262
0.0748878395355789,0.015238453298188362,10.995112160250102,0.10770477182129844,-0.042126645069502144,-0.0864366533917206
0.07043377424900345,-0.04087463256685287,10.817623983607305,0.05039854725907246,-0.08138979392244534,-0.09019747806956775
0.02499762898009357,-0.08446037253563614,10.53799201372607,-0.02134613063571665,-0.10699336450141887,-0.09894416484000641
-0.004371192601852386,-0.12874076070274248,10.198779559621723,-0.07921887482453663,-0.12715134237756018,-0.09266525745477965
-0.02785202560239183,-0.17205447579392,9.813344896770422,-0.13398814556994593,-0.1399860546468971,-0.08071631760917858
-0.08142383177704468,-0.18265033664792413,9.431564897838502,-0.16427160761088944,-0.11628600453396577,-0.06372061112720996
-0.1061410789315488,-0.1809797724244471,9.068407455849096,-0.1858787024959168,-0.10405729443453621,-0.02827441634042681
-0.11593648931245848,-0.16349137605917943,8.794108927541476,-0.2103316362725275,-0.07624505959986586,-0.000899161458589948
-0.11166017468970439,-0.12600782616110598,8.633615910246508,-0.17747239885818256,-0.04434184881981541,0.030877413741677958
-0.11506102348283426,-0.08693993293200865,8.558684033087417,-0.15253483058925016,-0.0035622305239719184,0.0707351252540561
-0.09572499372390562,-0.016256828509791432,8.621420402865063,-0.10060318744839858,0.03990664841422436,0.08529904079722071
-0.05349364244883607,0.03214252010716414,8.797327927260124,-0.04548939856782906,0.08089372707589876,0.09976679132527728
-0.024131686835830703,0.0753323538783939,9.084332681184135,0.021525995075054524,0.1225034245595093,0.11360257646332922
-0.006069583862267785,0.12809163021659176,9.433103226477101,0.07631635126164305,0.13678982378980745,0.09700113133033399
0.03692706668127466,0.16140944735989912,9.818905664804621,0.1220262651534695,0.13687343850896866,0.08144817806420718
0.09060776915304053,0.18751411770272558,10.196483783859444,0.1692789582302923,0.13114855255539223,0.05531085593437436
0.10598728133491435,0.17296836245376707,10.537752077545582,0.1967274832443629,0.10952252566227594,0.028554745998942505
0.11078823522195216,0.1664837020647677,10.836672947590761,0.19840659116279497,0.0829478931277137,-0.010324033069902311
0.11819487625569193,0.1275577138336815,11.005671117184583,0.18858513052830503,0.034962088019369654,-0.027033752680109758
0.1106332126627563,0.09357983398817554,11.056346728148862,0.15263995051367768,-0.0023395011916153524,-0.06518471671209775
0.09656316782909966,0.03840665053099501,11.010211196144555,0.10268923994863888,-0.04563135881985776,-0.07644001519861109
0.05108504945189779,-0.026661048552552843,10.816986371646646,0.042591842424197925,-0.08980639456128484,-0.09534809686129019
0.02043320831717258,-0.08388752301165123,10.556017192591161,-0.01628309671971949,-0.10767688113400557,-0.09935966725231961
-0.00810459620286238,-0.12328269099221416,10.20809751968371,-0.07424478084635193,-0.135832235255735,-0.09529010162015572
-0.04752887772100251,-0.16186092502808003,9.802628137826515,-0.13864049646882956,-0.1449040550485917,-0.07391926823753973
-0.07402300878132818,-0.16435388905891635,9.428382823455598,-0.17370771470273233,-0.1275634977122753,-0.052659680881649296
-0.11260791424915996,-0.1771436612596821,9.081525960266209,-0.20413266323770035,-0.11053877979114307,-0.03096196231835337
-0.1140287732600793,-0.16359013354310672,8.819648030628013,-0.2025717709403571,-0.07690549821180137,-0.004406506144906304
-0.1108254845585521,-0.13089979871601448,8.615240945689994,-0.17930989824610638,-0.04527947583250796,0.03560531490080181
-0.10663277090315448,-0.09135158653819504,8.571460346215952,-0.1588990193655401,0.008150014380389009,0.053977236868459365
-0.08956440702874859,-0.023627045885094657,8.621318122775353,-0.10215098781486981,0.05799392952224258,0.07317938865281177
-0.06271822543129699,0.021676793368175705,8.788797843562628,-0.033777608704196126,0.07924788586159677,0.09762471611892562
-0.03383961064870952,0.09057444806102298,9.074308537275664,0.021591710463337365,0.11738795531000411,0.10609241043515756
0.009712253502236302,0.11699205783762137,9.423748475120016,0.07593520599678658,0.13042783074636444,0.0930528361304682
0.05680784790008096,0.1614352564028478,9.801528878455104,0.13313570972653058,0.15338833472379787,0.08287222882312899
0.0776456541896302,0.18699813597472556,10.198768631919506,0.16295891863698414,0.13802606000062267,0.05662852362263461
0.09565342315549523,0.1605534453681094,10.55239403940946,0.18628212974677508,0.11222179439206706,0.034427472033510376
0.1129478259601234,0.1764911168333517,10.823176848201085,0.19962988721586566,0.07280830239576391,0.005386634194913346
0.12116495589177945,0.12382059644983956,10.994485892653891,0.18728952473488533,0.03442579645767041,-0.032300195446550696
0.10753920730290248,0.08277606491390424,11.058812223452744,0.15844045887814354,-0.0003565605937686958,-0.06398812751414745
0.0945597272113473,0.032651112713973904,10.998784298514572,0.10282297583717169,-0.05394424868820585,-0.08823884812145964
0.06613390669675089,-0.022427850540385593,10.823009815988499,0.048988711762545975,-0.09221762373424083,-0.09050452461418892
0.03427266686977595,-0.07959819053744183,10.553610211463594,-0.013528462024283594,-0.11557275495421623,-0.10568279328468057
0.001100233536366943,-0.11935646159998164,10.198446760995884,-0.07592460962271086,-0.13368729587539618,-0.09321814076342608
-0.03876333128205764,-0.15626475910768645,9.798778426970951,-0.1292059118282165,-0.13804014738983914,-0.07696260503974325
-0.0860717947556139,-0.16370929678648719,9.41923018845541,-0.1740808551623647,-0.1340255240989575,-0.0612134020740767
-0.11000013064289905,-0.17359280154225878,9.0765966030416,-0.19275066597190796,-0.106210524946253,-0.031648559540971274
-0.1174919744819248,-0.1446279083239504,8.807721752911053,-0.19851114676949347,-0.08325671333999442,0.005083731474680516
-0.12316755637148744,-0.12001424730552454,8.631562126163367,-0.18749653074732428,-0.03622285506377095,0.02694490043746576
-0.11963393309603731,-0.09609330286275494,8.5741974827327,-0.14963956612678087,0.005158536515516759,0.05430155370036344
-0.09421083530023591,-0.007190697482762555,8.622224269811667,-0.10052762860203794,0.05013503312774465,0.07978173900234928
-0.06574726007971206,0.023642130121490357,8.804835230435362,-0.04463485286086252,0.091472044770157,0.10152253008687169
-0.032535583344616384,0.09375361416514967,9.063632742359209,0.009111803206765374,0.11334024955453934,0.10805361629915944
0.0077619263525119855,0.12754988581458673,9.427167809616485,0.07576586792913648,0.1310489915640165,0.09458434686723458
0.05615780787956942,0.1689060468718714,9.80139788718817,0.12428637963321024,0.1314983356450532,0.07728903224173915
0.08019178657242315,0.17228851461981895,10.195770929402629,0.17029010638066497,0.12173288713025825,0.06402746576092277
0.12254632767873197,0.18277737822981258,10.568970272476541,0.1896115195287327,0.10993138688656194,0.022471027381770148
0.11824986815840927,0.1583194681198421,10.823699676858263,0.20587221335723968,0.07841002537073914,0.0011495400335721395
0.11723762732207538,0.13985490292016076,10.991910139615436,0.1892131292626527,0.03392566121185075,-0.03120543733832375
0.1105603823415892,0.08515664719594665,11.063262312047664,0.15873338398361206,-0.00844343162151683,-0.052380972507911155
0.09272923677440113,0.035567060040279735,10.994684043876259,0.11092539699517873,-0.039514518413120925,-0.07397860241020213
0.06543318826812937,-0.04554949796109076,10.813585290063406,0.04666873578287361,-0.08118285560901405,-0.09984560956622587
0.04377449203340019,-0.08247384348184307,10.561556681632704,-0.016452068524703975,-0.12192494565367101,-0.09916157064876656
-0.017050805961584883,-0.12405112518917794,10.204805739178818,-0.06655901995134482,-0.13656611947871222,-0.09793128368064276
-0.03985783261159969,-0.15862840555953223,9.812764293000125,-0.1296691356983879,-0.13791029096752913,-0.0823162773064975
-0.07693587746151527,-0.1701070881970022,9.420594170709366,-0.17658023586152466,-0.13496015273167564,-0.055619953808535856
-0.1153406370108525,-0.18069865584619582,9.07278211877067,-0.18911186934550264,-0.11485473425393741,-0.0324919759005332
-0.11072021241349059,-0.15995469564273052,8.811068611966107,-0.19876751832914893,-0.08063886869401427,0.0010581415197959895
-0.10941716502713994,-0.11777306391209415,8.623631974932355,-0.17776675129764227,-0.0339027724048784,0.03577223020054714
-0.11738473051057022,-0.09987681388417516,8.53533755885641,-0.15175358906699724,0.00999493963476681,0.06642592034451182
-0.09074877188998941,-0.023364714896762392,8.640546862756295,-0.10576679398093665,0.04345455361063779,0.08239709583244065
-0.07575399070683528,0.025565804381335634,8.800193255887022,-0.04039113029689265,0.08786480998368587,0.09572179381168636
-0.03723125310400395,0.07449071704710336,9.078015386680288,0.006631688081879758,0.11558485251567328,0.0944635100287322
0.01867247886270107,0.1300278920638508,9.43242231553878,0.07234082757182855,0.12931320176068703,0.10300725423998901
0.04299886902898603,0.17023693518553681,9.813723222618606,0.12440672258828293,0.13845493185956007,0.08332814572109179
0.06972745844291267,0.18610949655861495,10.202246511910241,0.15883193375628507,0.12550672666989063,0.05938801830376927
0.10460753798595432,0.17669051763784346,10.541341777626624,0.19851508515391422,0.11662653386267666,0.03124275140105804
0.11270650321880023,0.16735092019309603,10.811432880376909,0.19669930460055296,0.08670999998837937,0.0017147531306214853
0.11579158025136697,0.1341674212149822,11.001062507620745,0.18982331212577086,0.03730321142367177,-0.027126916924743626
0.1164419274857452,0.08094833169265046,11.071452917218197,0.15491386991306125,-0.00733332968490908,-0.05437235907488755
0.08138343407537973,0.022534874493965372,10.993638224901915,0.10870249887734332,-0.04185881551135484,-0.0728996856293597
0.05470823490932009,-0.033318755238260785,10.815447051010208,0.04574473693656495,-0.07948130980561302,-0.09391952423392225
0.02839344136372147,-0.07508643525258551,10.554499719448641,-0.018145260526987787,-0.12118896828952376,-0.09122895472981442
-0.0025329639157761147,-0.12767271277934308,10.192613281327583,-0.07481883471874298,-0.1350946025668801,-0.08978964557202293
-0.036824918665112956,-0.16878678256890212,9.806715520689368,-0.12424769653099908,-0.14023499636516695,-0.08115029728780573
-0.0839183760053296,-0.1912752485908206,9.420743602847667,-0.1700592426765931,-0.1356817789781432,-0.0670437613235349
-0.09527283933492903,-0.17111677026832575,9.074748586786544,-0.19765888462699216,-0.10888134920647485,-0.030389693968590682
-0.12315894101801139,-0.16471921986112312,8.786139652264154,-0.20548148712745962,-0.08244736645052388,0.007880903261605319
-0.10494847873831814,-0.12457977598218344,8.616864633730758,-0.18427565684092823,-0.04205738055834082,0.027109553723474407
-0.1195974874837043,-0.07172964660004455,8.561842944153119,-0.1557387751315323,0.0035812194730108003,0.059262424962852396
-0.08004947046051256,-0.03855091472468062,8.622965258120459,-0.10602548948113613,0.03968647628848449,0.08177978965500766
-0.06720304546532566,0.02787578394517747,8.807992701451864,-0.04921562825201358,0.0752797881606287,0.099843599735641
-0.011054829788188267,0.08042370887375969,9.089983572411834,0.012101864933614988,0.12020827311324299,0.09806090308722495
0.015018808072580343,0.1303734812746639,9.435828624604593,0.07673665689863715,0.13065276377755716,0.09073134322715962
0.038602068841764786,0.17033060479842,9.817317219072535,0.1316160578682588,0.15061462484093602,0.08369965113807767
0.0744199744060956,0.167160731389448,10.195081366242615,0.17963372737242717,0.14168708723528742,0.054989957586131136
0.10902130471208252,0.18232980547474,10.53974701280598,0.1979390415872582,0.10827886456830801,0.021639978529355255
0.1253069580111723,0.1685971826829598,10.821414270428692,0.20745480831783866,0.09064290475301849,0.009113345384986694
0.11899242877977696,0.12573186151577842,11.003505275527088,0.1812034700605395,0.044043949478498275,-0.026350716063446668
0.11088458552805469,0.08054772591345427,11.066575502385966,0.14496371360325588,-0.007314502136899879,-0.049433172798452836
0.09674412520799978,0.03142711386173404,11.003805331237071,0.10559463526558847,-0.06004098639867124,-0.07658363134332047
0.06300554402685185,-0.02547834636618022,10.82030183919769,0.0523118705614958,-0.0821212788225217,-0.09173114216802591
0.01681276255183932,-0.07713044118457194,10.551026463284478,-0.010818211216238416,-0.11546043190564477,-0.09815228265903966
-0.016792034438880624,-0.12284529405842907,10.206358223009405,-0.06921073123320472,-0.1321975712943975,-0.0960084033772478
-0.04484924153181605,-0.16827310325598085,9.81704128307261,-0.14152626424246265,-0.14108448530833312,-0.07828910747243414
-0.0688740229104428,-0.16987421392510424,9.42347265259009,-0.16354244817473906,-0.1375471822628693,-0.061473055103199725
-0.08984399567699554,-0.16843715658757227,9.068597645094329,-0.19247188988168693,-0.11294639099901008,-0.03616365115246292
-0.11064956730407902,-0.1588563293334794,8.791868217596198,-0.20720646339609158,-0.07541445334536825,-0.00157261484744245
-0.11725982742528188,-0.13917612047983138,8.615729613642362,-0.18167882768390495,-0.0411279536684329,0.037443330830890374
-0.10453680819249297,-0.08256526750461995,8.5620566015894,-0.15212102457274224,0.002285843835454042,0.05268807829090245
-0.09601130774850294,-0.026524271894332024,8.625337784659497,-0.10376064005130084,0.03953485225932021,0.074871111854397
-0.06317700429283211,0.01908008108700207,8.787412498487743,-0.04302618858917559,0.08601805691941351,0.09808951259005196
-0.03375384719723683,0.07890815753492754,9.071236473767573,0.016475396649232348,0.11005725157262995,0.0979245673039581
0.0002983013560826052,0.11606058316915466,9.42567504075356,0.0679035136024661,0.13894701022160164,0.09750573719523757
0.04939859317011782,0.16527566261094634,9.802802560719137,0.12812840609862045,0.13626979992465998,0.0857989275413575
0.08008198869510133,0.1791239884259599,10.199742476193068,0.1617191067949045,0.1303493771573967,0.06101455510261948
0.10827307494636336,0.16460515656658056,10.542272139038282,0.1973945124166291,0.12163117550562698,0.027656277396675623
0.1212546973173899,0.16315671137565851,10.815483880795338,0.20647624787838686,0.07741476866159178,0.006326154805481182
0.12149930768416262,0.1267708064482986,10.999246288828532,0.1790892121047796,0.03715320275088264,-0.027275255961125636
0.11498025260577373,0.08577861611865618,11.063138242636633,0.1496111186542464,-0.0011598231926709165,-0.05871597245457995
0.09033583617702913,0.024947259439815066,10.992032414054794,0.10125493993858209,-0.056058096710735285,-0.08106160917788903
0.06525428777254672,-0.03464871819523888,10.819330343930202,0.045752207981062804,-0.0793080079016283,-0.09326300407910257
0.02135164620504468,-0.08795601905518614,10.548472992384102,-0.012261904016059602,-0.1106472110627798,-0.10155987932743295
-0.007330594836657153,-0.1316409000020378,10.190174521502094,-0.07748298470536046,-0.131732120498746,-0.10323428544303384
-0.04138285959473891,-0.16026672403840553,9.796737945276705,-0.1255808865840382,-0.1568257918931925,-0.07709885165065254
-0.08395533366700003,-0.17661267818334486,9.411436166265904,-0.16448043379877794,-0.13312495610225486,-0.05525317758197509
-0.10235719827834076,-0.17929718090756283,9.071924027722057,-0.18864040670718227,-0.11717558880694247,-0.04232283511856333
-0.12187462274728489,-0.1637315488749757,8.788181410820876,-0.20507730214731507,-0.07332710585529825,0.002641894950447032
-0.12377020708570076,-0.13003410417146616,8.618397579469654,-0.17836682719517843,-0.03409327139526941,0.03976828706859073
-0.1195267541211604,-0.061585503572530745,8.573319542809381,-0.14563807603249931,0.006027982571349748,0.05321191995967764
-0.08055110154552629,-0.03424532012186629,8.610150567529491,-0.09790338688802823,0.041116231713890554,0.08058723865393601
-0.05342567521300823,0.023773106920923232,8.796467918219458,-0.04881080843934506,0.09303352556314438,0.09422305520581689
-0.02286133059271812,0.10814009491046715,9.092326871068517,0.010564807440500402,0.11430560558495949,0.10830202049799585
0.02606580985731942,0.13070364468933357,9.426993797695166,0.07034643313745224,0.14338123455762203,0.10068299719021868
0.04521623550449123,0.1493774794838327,9.807058213700227,0.12333463801467497,0.1412672397601238,0.0764575596493927
0.1028519815633065,0.184537843538561,10.195016181892411,0.16986578468248104,0.13436193770445976,0.06041748529812446
0.10095161974737711,0.17049111077148912,10.548166465432624,0.1983884622962802,0.10850973575410407,0.04233086595146836
0.11892734948429787,0.1676174845454452,10.834837418413695,0.20601918887540369,0.08598241766400624,-0.003212053732865378
0.11637593020205027,0.12553517979245823,10.994573816509115,0.18286868633573108,0.042398246253018954,-0.031041638292437803
0.11350592376083142,0.07812893506069091,11.053939117736894,0.15277499612149514,0.0031265253403946454,-0.05628257520809719
0.09736222036993165,0.04095283866046277,10.987790175506676,0.10514584877717004,-0.04624408170688397,-0.08400396785699858
0.06103982546634504,-0.023705672168016896,10.82209601122881,0.04484533309143298,-0.08579724780679754,-0.08631695135152312
0.041374560203479044,-0.07400534654392657,10.533486066407123,-0.010645272158246545,-0.11264126046556203,-0.10236330232755904
-0.008375047964686336,-0.12385618083347377,10.192560981970214,-0.07345339786171347,-0.12714167667765827,-0.1020234376150587
-0.04456631798815557,-0.1639728810014062,9.8027305324711,-0.1281344215719494,-0.13485663288961475,-0.08347455057653692
-0.0858698637985405,-0.1729055105446801,9.432321745113185,-0.16801580545318792,-0.13113677857410028,-0.05544179225039266
-0.09942386247387913,-0.16809769874362293,9.071201263535599,-0.19107194677404019,-0.12009735021505713,-0.03480837591885302
-0.11795802043672128,-0.1592670881348742,8.80190419965546,-0.1964592115748168,-0.07489570957825496,0.0015995111814827534
-0.12442407134827034,-0.11280973719265303,8.608346618617563,-0.18948892169815296,-0.04654960081882232,0.03379862157484845
-0.1167391145455364,-0.07484340423099263,8.561052055635622,-0.1484867947131832,0.004262961902938645,0.05280544151513614
-0.06930319390878908,-0.026383658511671133,8.611554072184195,-0.10438995595577633,0.04655295676276487,0.07813518402043054
-0.06405897461219144,0.030248775237451696,8.795323569031908,-0.050194815315640025,0.07847321209520189,0.09687782107418036
-0.038816684792789484,0.08288715907525951,9.092958055228372,0.01549516826427834,0.1174794267294244,0.10351202162615901
0.004702470563892153,0.11732562798487202,9.431186152049127,0.07699002647845286,0.14512596792415028,0.09238434187059988
0.04631765836122626,0.15969674724459168,9.808972699337355,0.1342524557833664,0.13837727676991102,0.08160850193319626
0.08297121850336166,0.17956583778947482,10.221862778246939,0.16457655450674052,0.13565729592193781,0.05728721143259557
0.1072102272440911,0.17444274091496348,10.537410167842584,0.2007741247821035,0.12258970687061937,0.03445675614407493
0.12229871908445827,0.16304640863265304,10.83059297402518,0.19960222845201805,0.0832607058701572,0.0025085536586818757
0.11439927106047354,0.12739333795026733,10.986559249714148,0.1827657056638015,0.036131860293265164,-0.032853284450117454
0.11325084282836236,0.08783683698539979,11.058048617938818,0.1502846469576137,-0.002902859141561704,-0.05645789246955275
0.08366882523396771,0.03338441795839201,10.988038327367525,0.10065994775248734,-0.04472788678405477,-0.08301668696735784
0.056994012746648164,-0.026899656688628506,10.82332945028939,0.03931715992195707,-0.07839298884415895,-0.0928461570047073
0.01981912963052524,-0.09272696517395099,10.545179327394203,-0.010937020405271999,-0.10954665957687293,-0.09764348809941849
-0.0197953530785376,-0.11300975636018123,10.193809924575344,-0.06536320709271579,-0.1482037973155363,-0.08322302932659587
-0.03821652516615815,-0.16155245279961952,9.818736456201162,-0.1369316141917058,-0.144221327186792,-0.082530951592484
-0.07308898863459769,-0.17844343753630623,9.419191965247316,-0.17455947222881707,-0.1321780312229407,-0.05941323511614272
-0.09495853211046287,-0.1805115886746911,9.0778832486169,-0.19039128706810535,-0.11588769298959822,-0.03405366329203361
-0.11657129814205758,-0.16425228573152206,8.805293196553436,-0.1997145812138229,-0.09744809757054101,-0.005075604251778152
-0.11334369192265227,-0.11487041364343809,8.609313584959954,-0.1811243757061781,-0.04298416927032392,0.028703566906165157
-0.12461763451749085,-0.07055894729352272,8.554012685266606,-0.1534770400726449,0.004069880084735629,0.062175615201638855
-0.08377260080249034,-0.024524371681246705,8.621610242369552,-0.10856992404053398,0.04450536428554273,0.08464100276514025
-0.060534197970721126,0.027376881753859515,8.803769984386758,-0.04915094489410854,0.08057733823514585,0.09661136599992601
-0.022143924625335244,0.0867422059236433,9.086638336761789,0.0024135726957860495,0.11582423440398665,0.09852113642349188
0.013328428634152654,0.12792591412379867,9.422001718641486,0.06955021736660236,0.13606982009937815,0.09261138703978117
0.038833759840725936,0.15889554146446472,9.807468231658637,0.1335849343186186,0.1375973188559838,0.07626548782965395
0.06661356403929945,0.18050119327879552,10.18929047472694,0.17576683187005837,0.13868661672224153,0.0559224546765111
0.09707542174082354,0.17424215990953276,10.547371438102966,0.2011800332892931,0.11109982975630804,0.024341864994412633
0.12140514092043188,0.16236310659503542,10.818894302379059,0.20169074340270776,0.07459007142692779,0.006700777322222937
0.12507888483497437,0.12885664543238778,10.996628387266355,0.17401612754610618,0.03373339021979226,-0.02180011194253763
0.0995837810612961,0.08647079002667649,11.059248891952892,0.14979340481096642,-0.005152782138465736,-0.06852942549303143
0.08282850600710831,0.023126423250065118,11.0032336698657,0.11229006492694707,-0.04156468443191123,-0.07950737691914002
0.05616527112324744,-0.022555792166270863,10.816761398543328,0.05613700553418481,-0.08968049805622944,-0.09376950699970538
0.024302360944395304,-0.08903975398713558,10.538554300654324,-0.007510781092027502,-0.11263751386007814,-0.09895591687819077
-0.02118464888858368,-0.13191607148261222,10.199725036457776,-0.07644890141869168,-0.1338815946730455,-0.09804198357550059
-0.05810661520616603,-0.16464872528423313,9.785794200784833,-0.13537641678043105,-0.1299741395782869,-0.07573707058817288
-0.08517256461367696,-0.1863727600857308,9.418899331642207,-0.1700104905989434,-0.1298766402915762,-0.0566545061734434
-0.10208182438048653,-0.16964612361801132,9.066057958639204,-0.19407516792267968,-0.11430238887404089,-0.025646896520255875
-0.1263305573882762,-0.16809741229252723,8.808354822815499,-0.19165857257001048,-0.07526579213128,-0.0035990456599097284
-0.12048458159334545,-0.13281420872666946,8.6176518925307,-0.18415751541692732,-0.035505966877063026,0.024069955350857174
-0.10205889675121166,-0.07160404017270344,8.555514271077863,-0.152885031562485,0.0021028780607077564,0.06102463937345021
-0.10109153884616297,-0.03264418052470111,8.620790374748994,-0.10529931080348845,0.04131180917794702,0.07613897647930119
-0.06360272267805957,0.0267317415081765,8.793965777603512,-0.046022440191955706,0.08824223046664544,0.10040596480565454
-0.01896274755652491,0.07369303003619754,9.072047249369167,0.01745622023736941,0.11593448716388581,0.08936685425425726
0.006942095118850697,0.13399914793062243,9.42450564031467,0.0716449519247507,0.12677162876442888,0.09273556249492491
0.04214084355016386,0.1671912147645855,9.8066236765239,0.12355543547441133,0.1412129094207639,0.07777003114369332
0.08790584875688796,0.18370791313973503,10.192837503350583,0.17666012525619737,0.12864293311976283,0.05704500947215786
0.10032223843851353,0.18207166051064846,10.536650303975836,0.18594399654165203,0.1032332474676001,0.03212300064989209
0.12572176287189255,0.16093370537116553,10.812040973044464,0.2076751339664918,0.07718705805816317,0.0018926644428537609
0.12298987664259019,0.12302786469192806,10.99930574054963,0.17574307843127923,0.04577067050259392,-0.02778718136256151
0.107784562057068,0.07512754740327014,11.062452804078287,0.15004573179273514,0.0019523743782549662,-0.05507517990409108
0.09451482519162704,0.03839876312394698,10.987395392218671,0.1105260563971055,-0.042398027189573806,-0.08181132311175732
0.06451475272154467,-0.022118448815466634,10.827350774291824,0.0480234437861626,-0.08421589006005077,-0.08458944496795255
0.03532786399456543,-0.08733569586111326,10.55084394648433,-0.02090640382584594,-0.11263792526327547,-0.0930645091563565
-0.014675006544680031,-0.1270168841238545,10.204068756074959,-0.07313549832420871,-0.1338611563157262,-0.09663820304774301
-0.046400552542777064,-0.16281824555493624,9.812399112677987,-0.1285085157385351,-0.1454655585568832,-0.08153400884266919
-0.0790900076792723,-0.18682203155239316,9.428825413833568,-0.1708875740913826,-0.13635540710413152,-0.060372131644820796
-0.097138669937174,-0.1763502108721236,9.092748641390997,-0.19726881446774996,-0.11384716230469223,-0.029001012220763383
-0.1250872362258011,-0.16366893379692415,8.796316584224362,-0.1996594266681211,-0.07194084439192427,-0.004771174913562108
-0.11142233712766986,-0.13484317135779877,8.61281382262398,-0.18820607997731031,-0.033972623175958824,0.02703818206951421
-0.10679668910298386,-0.09348036228973412,8.54772752093423,-0.14079577411264585,-0.001311454694450315,0.04801328049846649
-0.10121270153591122,-0.0405899469115009,8.635224746072913,-0.10686687230327396,0.04739874327669022,0.07896039446453199
-0.052285054006921794,0.025265473967740537,8.812879055100888,-0.0498905191098468,0.08354901879675915,0.10045676269635805
-0.00928805678016505,0.08110850228010881,9.067871636698783,0.01161583907959564,0.11484140858354669,0.09923945572539411
0.018302913998153855,0.12033313178833967,9.417910190529831,0.08415239330902766,0.13167416512835467,0.09459745226203822
0.05814607921484058,0.16562324023231306,9.807408071699674,0.12064820305805804,0.14696876253984226,0.08224043610123748
0.07928085329524462,0.17727197357247995,10.206065297945765,0.1716044947586567,0.13173336492550702,0.053695705517353975
0.08947981571238352,0.18238650436988352,10.534433147777778,0.19295275315445287,0.11189204169991099,0.030943936353288484
0.10213283906091028,0.15888170616150052,10.805538286769584,0.1923693961472565,0.08006893080576065,0.004363133240331695
0.1215988098645149,0.12092593694577783,11.016160761181398,0.18120109027823378,0.0342172259567574,-0.029453053541073037
0.10579148881851318,0.08256024242572893,11.062498986295362,0.15455320742643686,-0.003545164632963756,-0.05395928806921977
0.08336069072022968,0.017978122813710862,11.0024559518163,0.10134482044591149,-0.04182020359067359,-0.07463303557705393
0.061449183139017496,-0.023921374824202556,10.81963039492711,0.04931955398185356,-0.07819859958311805,-0.09182001796829865
0.03208548372941189,-0.08928645569564791,10.548457844755267,-0.005678253663646035,-0.12135598611866444,-0.10356679594704173
-0.02191030261584089,-0.11998967805735479,10.184157595902162,-0.07441463570872694,-0.14194738541005456,-0.09679893878754171
-0.05032122203927071,-0.16312497078098967,9.803272635465207,-0.1361110998401567,-0.13962963152560331,-0.07119219611712738
-0.06651891677746041,-0.16929607777626401,9.424570020107597,-0.1740413139583929,-0.12628195973120057,-0.057136050114688
-0.11137416211206193,-0.18675240739380117,9.05710130749119,-0.1955762317075607,-0.10901327540548712,-0.02991272234120634
-0.10992771317293054,-0.16576715008883364,8.796308616120799,-0.20124757226544004,-0.07554615939469624,-0.004211282464708422
-0.12343599960596371,-0.124175398452633,8.618266039668386,-0.18453640269196203,-0.04615732193608128,0.03052856359606611
-0.10616096920155389,-0.0722833251092077,8.557578478144398,-0.15140622274651874,0.001227995700814913,0.06243197965629137
-0.08189868088922639,-0.01474664764333998,8.616770700168479,-0.09701414676859946,0.03615122617064186,0.08102792366087894
-0.05602090247488784,0.0285678122987408,8.790761621624286,-0.04804033266619491,0.0848496142642906,0.09253607560223412
-0.019887524608825122,0.09649122708981696,9.060692179832184,0.008563047572673413,0.10479581407584103,0.09856303001140433
0.0010754939745059588,0.12501822187104647,9.424886733408707,0.08103666974609659,0.14101768773232182,0.10103738855951419
0.055639478730956836,0.1692074657899573,9.807599008105527,0.13515866033143772,0.14771441176535566,0.08418854444528237
0.07177633732534339,0.17025889793106863,10.185268990596024,0.17096954811918716,0.13253111507018506,0.06137709381564254
0.10484818919485556,0.1811330259400042,10.545231832668152,0.1929172310377836,0.10324839213852656,0.033021915984823486
0.11895177216622772,0.14161144815615237,10.8189116414081,0.2025991286832122,0.0808262030446624,-0.006003664033336393
0.12343913398452852,0.11825014993419794,10.99513245375564,0.18424107284914473,0.048651739623854835,-0.02962412394039537
0.11322297268882492,0.08538071624123313,11.042744840905542,0.14268989281299374,-0.0017092556237605582,-0.05351007433939432
0.08392682111866133,0.017580008092277305,11.004282785467467,0.10848415795907723,-0.04120686774713537,-0.08225830281449051
0.05115221731240339,-0.024821286102978422,10.811406834647853,0.052482991725630423,-0.0879878810690003,-0.0902458264646829
0.03413959086623154,-0.07453759707702226,10.545237727404391,-0.007118583655154168,-0.11997296151922347,-0.0972738272335353
-0.008801565621616995,-0.13134609981139478,10.189805095421184,-0.07892143130961458,-0.13470868926893223,-0.0909398977566505
-0.03753518634937528,-0.16816894845645547,9.806890187859592,-0.12771271086824196,-0.1495738312005142,-0.08059495794916972
-0.07895574571592393,-0.18158983883358068,9.432947096965442,-0.16856833485989123,-0.120507454803307,-0.05427396487524477
-0.11401316995569825,-0.18549792043857194,9.079521380240955,-0.1937222902153088,-0.11011300744451466,-0.03814091335718439
-0.10915676522221676,-0.16115470094713216,8.807769076601645,-0.19891211647903598,-0.07461377500326273,0.00025424283802608864
-0.12252111839086084,-0.12640615302831965,8.623822438588041,-0.1851107918406584,-0.0416636194735326,0.03455094367952828
-0.10779129162098104,-0.08409538284138143,8.563169148674726,-0.15190969044898311,-0.003627498727129571,0.060331609356764654
-0.09585697637467824,-0.01468464498834841,8.606930242629272,-0.10196338137420136,0.0542608618530229,0.08643181338841552
-0.0487967429289007,0.02248165243177397,8.796188557080335,-0.04192029671783805,0.07994155310412224,0.09434747265050597
-0.03417332002000423,0.09292072747754372,9.07346916317954,0.010542357703580474,0.11736110509789292,0.09726268446111615
0.0075888042089176325,0.11900562437912136,9.433518075594025,0.07440613232088779,0.13656980327970691,0.08688288697362609
0.04758979069861516,0.16099954537057484,9.805950165376615,0.12673049684809098,0.14031006094420595,0.07948480788009797
0.06986042362575526,0.18726118917513018,10.198390119041266,0.16697897086317876,0.12790497642896087,0.061291267415414505
0.1054160112989897,0.1868222791031285,10.54653762411014,0.18606904593729723,0.11006309649179662,0.03462254785882777
0.12978108648998926,0.15698292930142244,10.830532644250827,0.19960750894973364,0.07419738564491339,-0.007084442145426854
0.11563445622802242,0.1316634357880254,10.997750692710435,0.18769307376527905,0.04340196529437826,-0.025109243742495676
0.1136884618325929,0.0850167345259225,11.066622295589546,0.15219293869738956,-0.0012301984846851983,-0.06372221583119177
0.06868181785852556,0.02376000548112319,10.985181724295822,0.10562199706219451,-0.04723879986509161,-0.0815594358148747
0.061639723006869235,-0.023309283492103476,10.808359087505107,0.0501139189802853,-0.08840381186899197,-0.09797704868477755
0.02465646313913027,-0.06688932466706228,10.5264648106088,-0.0072684213312056755,-0.1050803217811268,-0.0979137114069795
-0.016836223061062413,-0.1235619329491303,10.202559122769737,-0.07736646174246295,-0.14086469915388036,-0.09460788838172547
-0.03807859732001974,-0.1558864737784855,9.815389335502312,-0.1347015980192145,-0.14766336991011533,-0.07745979760510721
-0.08120783169543028,-0.17241910608113648,9.430903377622526,-0.170259533384134,-0.13223792751301786,-0.049487869608702856
-0.10419167496704401,-0.1894592347439402,9.069849539948786,-0.18473139669698257,-0.11210149430977351,-0.028828242925038695
-0.11990334566856467,-0.1566631950973656,8.794220375771067,-0.2052908994626093,-0.07345972750134148,-0.0027948839560141933
-0.13489268048769165,-0.13535695462614974,8.62021097348978,-0.18204579343964342,-0.036125494556836384,0.033291214511916405
-0.11958321080096058,-0.08636639738221105,8.571549594423582,-0.1471788713104744,0.004235561057069049,0.06857580795922003
-0.08298855305788205,-0.01078398466037922,8.634729979652006,-0.11749445764117239,0.04963347661368307,0.08423539642753886
-0.07883076178580053,0.026210790111995463,8.805079224949983,-0.04597062172272139,0.0879728832517513,0.09986143482178597
-0.033291324223426955,0.0758678692091804,9.077916592432965,0.017341072992455193,0.1261346948809727,0.09203207857665033
0.007090481791446342,0.13655619890082663,9.434411818612782,0.07393096308792543,0.13562119617558596,0.09701265496422543
0.060679176015366765,0.15283590878830167,9.807953260342648,0.12561134464207738,0.13653491876241416,0.07950955163233547
0.08474671236639932,0.17421699275322122,10.193143710724662,0.16685402088653284,0.13282040310902468,0.05530626837097278
0.09831449085387689,0.18776383922898549,10.543699388400759,0.19250636053445913,0.09771786061055895,0.030705918653767993
0.12732191224717931,0.16068713300547116,10.813441528013376,0.197975916512027,0.07878440206799969,0.00045465566931841253
0.11363402694956337,0.11473010166644515,10.997420570453903,0.18284258670377038,0.044820989187116404,-0.03410782888408665
0.11860011771022277,0.08599921877122957,11.05106073564973,0.15124606119350378,-0.0010770125277893249,-0.05790779292447944
0.07980628297945157,0.024907791853496876,11.007020707920129,0.11162074566341675,-0.045639007481370904,-0.08182113059739454
0.07053721926506344,-0.015918071097042276,10.825620742096937,0.04194959044616816,-0.08231585873266195,-0.0916207724039086
0.02391173226274797,-0.08663875762458734,10.556168064545972,-0.02306931192342284,-0.11010062855566458,-0.09886208662203856
-0.018516276169306914,-0.11892573047982122,10.183236980545383,-0.0692337135586722,-0.1272282121866219,-0.09319864517518887
-0.04846734998165613,-0.14621174055212338,9.825213575575406,-0.12980362624424463,-0.13770302492436393,-0.07595270053852436
-0.07637912880467597,-0.1846038916972341,9.41114895372101,-0.1717484941115763,-0.1334084547824422,-0.05593211338213046
-0.10672984251449967,-0.1793171260511652,9.065681970033792,-0.19470528863249462,-0.12237886762971968,-0.030847927253120123
-0.11245417462228893,-0.15723599028986204,8.793762184656456,-0.19844001316657203,-0.07405677264007726,-0.010346110512927114
-0.1242221045828838,-0.13408164404787767,8.631641120166845,-0.1879167280531383,-0.03678006426355312,0.03355450934311163
-0.10556434012889505,-0.07948494228296947,8.561804587977829,-0.15043878181866624,0.004851230559734837,0.054290495214246184
-0.08713952445055269,-0.029878881209939014,8.619228720626849,-0.11047809941324924,0.04369153022361168,0.08052250598489133
-0.06243854104842646,0.026276342416515185,8.792387737554073,-0.04953086523001393,0.09038781452720342,0.09698820170278426
-0.030691859925458,0.0821807691851592,9.064260953429,0.003250538530616298,0.11433072915090264,0.1066651059450975
0.011500568607911188,0.1279056559942702,9.43278977562097,0.0811288247691817,0.13418226866788696,0.1042898759766833
0.05113223102132659,0.16172837096366582,9.81638911408849,0.12796309896475933,0.13966036147996955,0.07624354894759455
0.09509227546427927,0.17300573514308376,10.207090845985233,0.17315785310783627,0.13407715620071214,0.05212757829952428
0.11028721844467171,0.17333004809030517,10.547906110381266,0.19653207593515654,0.10506809762178082,0.03244609113602044
0.12469372226878105,0.1593962917724106,10.800134423300273,0.2022354655723228,0.08176039908464072,0.001123624533024296
0.14426625107245247,0.1268648168975448,10.988863981907503,0.185257594274667,0.03575163504751867,-0.036995248763766864
0.11465498709448387,0.07813650713704266,11.063718970446773,0.15490957442058537,-0.007516951656666012,-0.05893312673519013
0.0945544490373489,0.03067103604660135,10.99586290916714,0.10086036448116617,-0.04270558746177771,-0.07796599037965171
0.06758327720532563,-0.04275497697868198,10.816800507233264,0.04216584155959936,-0.09053719681598989,-0.10128372538738316
0.019089073605812353,-0.08763299211478243,10.535905751246494,-0.014829549474586864,-0.1111996992749991,-0.10497288778679599
-0.013839455333124227,-0.1295749608792487,10.203851959508038,-0.0786665209968186,-0.13384754559956744,-0.0982990616462473
-0.05077955521058191,-0.16726624630729217,9.81364954109937,-0.1217162165812913,-0.14818168817016164,-0.08191094162697601
-0.07341697042467923,-0.1647627617882698,9.427738286814648,-0.16793161050262578,-0.12500551835164728,-0.05523703515245094
-0.10416525156806224,-0.17762052711130066,9.0701996166442,-0.19773160996443293,-0.1092599890406052,-0.03244990865795282
-0.11578001526645651,-0.1589308350572122,8.800139059102575,-0.20084409886299587,-0.07697701044566904,0.0003650983672752513
-0.11085851655238377,-0.13108872369117072,8.610477235221524,-0.1846314390076076,-0.03431986527865174,0.04221675852533432
-0.10362211337071381,-0.08177353321961926,8.558961376153231,-0.1533084522376501,0.011584036844959308,0.054068560312135916
-0.09197106897115928,-0.03780154662427636,8.600955918002356,-0.10430805637949847,0.048136922180690635,0.07768872812189845
-0.06731111738579097,0.02687834670049769,8.786183827918144,-0.04767846161846064,0.08864849112297858,0.09852341114793926
-0.018078603573307414,0.0742931946147248,9.072689939880249,0.00737073606468536,0.11747284093312875,0.10494017678180524
0.016479371689038222,0.12511630959156073,9.44272970220133,0.06451311625729715,0.1326400406895987,0.09715226633766987
0.033880146530691546,0.13993799228063575,9.795594055412675,0.1269754922230942,0.13202312291133517,0.08989447822577956
0.07609265073117882,0.16877232023919564,10.18632259822842,0.17260979617466402,0.13290250790539598,0.06029417235567988
0.10409597876643312,0.18948283312121203,10.54646576373917,0.19233735784101727,0.11770594683013663,0.0209369868725177
0.12311644040721581,0.16698817447588996,10.83542662621665,0.20566921723749587,0.08186430459192107,0.00039646420009651284
0.1268389654730886,0.13777519271475577,11.00043802534485,0.18506203842104585,0.0340189608766795,-0.03384078749463186
0.11279856728974591,0.09274907201398645,11.065617134818433,0.15975441777815216,0.001399674406057311,-0.051931052981259926
0.09535928119770994,0.033463418303192424,10.996119815363537,0.11142630374051246,-0.04867913695887529,-0.07613057478732244
0.06246425102977984,-0.031859832472309654,10.81718627025719,0.05327816866662454,-0.09602218387298465,-0.10308142065879092
0.021769987921076414,-0.09008726961363234,10.545389040182176,-0.02034157797809129,-0.11052739220413713,-0.09324837050820373
-0.012378357370101631,-0.11816158142602555,10.19100492784374,-0.07518193575496977,-0.1390812823435767,-0.09038142312544296
-0.046578271583919986,-0.15990078101594646,9.815794154709824,-0.12272967001012355,-0.13103666256022184,-0.08247195102746435
-0.0788753162425825,-0.15784416337568508,9.410878581839844,-0.16844560902536887,-0.12608903060689372,-0.059099102153158646
-0.11785643830583907,-0.18069220569318692,9.082388330895036,-0.19137740348883436,-0.11195025404524031,-0.02385662008439598
-0.12006566934969198,-0.14456182564475872,8.799043261129645,-0.20642583319604313,-0.07665084054632228,-0.009769045341701456
-0.1191085082888585,-0.12847721235301582,8.619461587682295,-0.1757025222645094,-0.02723648400330292,0.033212859399330955
-0.11277827921559354,-0.07095891307856943,8.54685612351851,-0.1569253094697354,0.009087968311334724,0.06431715990115308
-0.09265189131094156,-0.014505985012039101,8.613341045255021,-0.11563891225296306,0.04832278782350013,0.0805101299548301
-0.058047225644307344,0.020053283563849163,8.808317968816437,-0.049777363029857566,0.10000782448155239,0.09837251584219998
-0.03579245892289794,0.07790927741719689,9.073599642650205,0.0020866005494714814,0.1162048163348403,0.10051573350893055
-0.002736095469825787,0.11907170446404795,9.425955944758357,0.06984201337089901,0.13726345331750936,0.09115806562087393
0.0439448427503337,0.15057776890496963,9.80296374389324,0.1416360966130383,0.13525923848051558,0.07680449029489628
0.08471079748645743,0.1831328807109428,10.196038805878912,0.16790712876165384,0.1234543032819015,0.06226653901821723
0.1162722793861908,0.1761983949231058,10.533754348980644,0.1870102671739352,0.10937224621717392,0.02763897166237804
0.12314282858301107,0.16076392306853385,10.822070301002988,0.1996128861032974,0.07913968019695157,-0.0077114189291396604
0.10781204343461986,0.13167279110722288,11.001785772547098,0.18080745319238206,0.0410023947536139,-0.030373875915534764
0.10866838136532896,0.0667882071869032,11.06256491781748,0.15729103345526468,-0.011186788356035435,-0.06141551883037879
0.09273037599549303,0.03837364694153689,10.991591966725036,0.1012190626472644,-0.04382841608900101,-0.08694923573459487
0.06337188554614558,-0.031029636295992074,10.818534835095917,0.049375402891432184,-0.08971398213072565,-0.09477422961114777
0.03147523785006641,-0.07753005159360102,10.549029118533507,-0.020059314991414282,-0.11257323948307596,-0.09616357712570645
-0.017624633813455106,-0.122369835555792,10.194579742206548,-0.06227249837087901,-0.12967974680889202,-0.09497751164848027
-0.04621065637665766,-0.14945095232495162,9.807701556941105,-0.12632541884743004,-0.1419178498760737,-0.08618084466227685
-0.07523529960422279,-0.17863520500900398,9.43895649790044,-0.1705348616365691,-0.13664699227121982,-0.056297874869314
-0.0961664874438607,-0.19476052155744494,9.067660521683594,-0.1956139942669846,-0.10309301109000821,-0.025641723379698368
-0.1233315480031521,-0.15988797157539447,8.807372104776121,-0.20225439658671543,-0.07458307930362738,0.011153685053633025
-0.12231940845151278,-0.12561722316213075,8.611941909322983,-0.18910103931657182,-0.038596195162313746,0.03819508952548046
-0.13215786072092503,-0.08992138872972695,8.565238248686171,-0.15691042108778772,0.011430071940577866,0.05382331977455109
-0.09564899668747276,-0.026899593674439067,8.626844575095989,-0.09727514229190598,0.04754809631945191,0.08524410879886199
-0.06614647575453797,0.025348735511440276,8.794645835790732,-0.05078480412938675,0.0824595184595202,0.09641558637977135
-0.035317477491850935,0.0710472304492603,9.065528619811554,0.0036769252738804072,0.11060840095819237,0.09423946502179503
0.011613139443642539,0.13270741742970774,9.407965291400922,0.06943780049045137,0.13381538354634612,0.09649723802854404
0.0462826376206877,0.15590752360386986,9.805079091928617,0.13348216054754328,0.143798906815719,0.09044302387149088
0.06052417122182025,0.17454531218884606,10.200480992152306,0.168545712366211,0.13877669368541604,0.06468621373491928
0.1044959188247104,0.1740707911068019,10.536110540108785,0.19347879501315124,0.11092880875708992,0.02575025625888765
0.10945920962394035,0.1702288212627277,10.822046831616058,0.20533546892756258,0.08501326441478987,-1.9928152734016003e-05
0.12344366518709499,0.1268955487332523,10.987009206985643,0.18141063897168208,0.03828472967405735,-0.028527497222605974
0.1002725092985148,0.08228010042099256,11.058128894463168,0.15613052606755234,-0.007995923215440452,-0.06749962973373022
0.09091735325509,0.024554429674793102,10.989644294135376,0.10232737079526029,-0.05366335386858984,-0.08943088392684298
0.05968584997966699,-0.02453394841122966,10.820647398953582,0.05090111752452224,-0.0880932543222142,-0.09435982755594323
0.029585616506128582,-0.07099471765589505,10.540722929608817,-0.01627969606089598,-0.1219601984172946,-0.09916158557647134
-0.009290664020555669,-0.12215265172972559,10.1867483138789,-0.07647538496910625,-0.12430682106715844,-0.1042723566367518
-0.04877151447720773,-0.15492238912036319,9.804729012177026,-0.12474286915997214,-0.13774382229426482,-0.0789097727534246
-0.09088806075480445,-0.17294650425967073,9.416255502133254,-0.16606720861076604,-0.13230597185569368,-0.05327207916382301
-0.11458951877799096,-0.18881336303158497,9.064757037032415,-0.194976342940861,-0.10220124886518087,-0.03190901363433361
-0.12155689818298694,-0.1673539431366178,8.807390723633738,-0.20184451502044282,-0.08545897661998339,0.000387573168102152
-0.11962439258500886,-0.12886277717624828,8.618297955715514,-0.17730073399514468,-0.04004179101106294,0.033842927957549604
-0.11539330285793226,-0.08745421419655529,8.542382196407411,-0.15002178339939473,0.014086302082684889,0.061045258107013084
-0.08567560550219866,-0.036595815107913966,8.616193108170318,-0.10762249558747021,0.04641158516597814,0.072610582597575
-0.06418492396444193,0.013259477062322608,8.806046450741885,-0.05128715615718937,0.0977961234025389,0.0906073608159216
-0.03488090322477657,0.07101702833840734,9.06917756556814,0.019448507341733555,0.1195449354772442,0.0980206936451984
0.008063471897875473,0.12528333381088994,9.435710708056392,0.07584463952511265,0.14088400876627466,0.09077412671550392
0.04853707976757988,0.15986191387649937,9.803146703560301,0.12802577247191382,0.14661477854308547,0.08818448287184236
0.08119695999303586,0.1714519156976974,10.200298507415194,0.17038220852697833,0.13183590991111818,0.06187927237266209
0.11779888812624005,0.178402823586565,10.55302467404229,0.19583818738701703,0.10837019935394152,0.025268878261089898
0.11153452795022462,0.15687432335574927,10.824872794747144,0.19920295093331356,0.0783704381757119,-0.001160193026129075
0.11897032422084788,0.13594746672643293,10.987824693571794,0.1913149062517602,0.034421414315002265,-0.02533390868888652
0.11393631085490057,0.08035429574443075,11.052460251384629,0.15926512983796054,-0.0044177475383071355,-0.06208130868247448
0.09048991727323766,0.03365016596110183,11.008181213292065,0.1083262271402109,-0.04715381794580986,-0.0766957758366725
0.05794621144285203,-0.02661117289090753,10.814834351318096,0.054895329293242895,-0.07711587953390645,-0.0882170683236826
0.014766744015747933,-0.09300583035748587,10.552536977476686,-0.014281535966397634,-0.11265053272642518,-0.0939192560029086
-0.01437491871418799,-0.12806080367551229,10.192828965194305,-0.07181598406980072,-0.12254129143417422,-0.09417624124651956
-0.05531982037877611,-0.17030231760566977,9.811131498553918,-0.12382125585316554,-0.1507380249140314,-0.07459451539538757
-0.09241073569141814,-0.1786613126124739,9.412639898815318,-0.1647121412490692,-0.13791311611003357,-0.0613180827642618
-0.10913728580366608,-0.1837324684229418,9.070402294036636,-0.18956920727514529,-0.11258798431523741,-0.018388098600332622
-0.1252625364363864,-0.1572892882151294,8.791726305987755,-0.19633045070005756,-0.07148516745503104,0.0012927619443395357
-0.11488786115122646,-0.13796171272715868,8.622984151835507,-0.17551083133934706,-0.03990396283297331,0.03671984018469742
-0.1057185845810366,-0.08152968725441391,8.560745580637727,-0.15566691638324412,-0.0032512010561155102,0.05704006743044711
-0.09790833526348308,-0.023500194249364264,8.624880553801033,-0.10644289048198549,0.04590616551885381,0.08345076777465728
-0.06403298565525566,0.03549764754375533,8.794804577006582,-0.049094286723995455,0.07957406322173931,0.09785028417979591
-0.042026742723416714,0.07567591998043968,9.06782659406405,0.012483684083244864,0.10864878243930373,0.09535579245481635
0.006333522640314617,0.12747754604728537,9.425190589715653,0.06532377887776818,0.14434851831138212,0.09028604511987674
0.04992205628266384,0.1618905005943413,9.801763288775911,0.13571786147608222,0.13818226009240797,0.07982712759984525
0.08519738535935006,0.19017335614308353,10.204898623180018,0.16467713035393172,0.13269366192389156,0.06423355540055688
0.09706747841676316,0.16592078139909872,10.543815386272827,0.19499827755756152,0.11034647594108081,0.021660367070849854
0.12530064155447154,0.15305617212244968,10.818662162090996,0.1923770907820933,0.07769016165207422,-0.001902760335617875
0.10743261814146354,0.14965857796933357,11.002518050350915,0.18840005057114553,0.035152771670135134,-0.024436506259805195
0.10054629688718518,0.07946252358494862,11.059389084004547,0.14904145727717308,-0.005641106143045202,-0.06501075869273781
0.09635459587194888,0.012951568430665751,10.9855562316343,0.09998697692366028,-0.045445610306961474,-0.07468419179211376
0.07532012643926946,-0.03289728413604657,10.812779803773655,0.048993451663177486,-0.07846887795018032,-0.10077193165932358
0.031108257332000542,-0.10394024781520841,10.553193234996638,-0.017827692709452225,-0.11087973309727255,-0.10458266889656344
-0.010610981334060571,-0.12540817256999184,10.196942317751336,-0.0781384345752938,-0.1404497137103921,-0.09581437085881224
-0.06429167104923411,-0.15393904672883132,9.796547457581,-0.12798458937155863,-0.1349976423346278,-0.07148234504004723
-0.09477745869077378,-0.18508964491608793,9.426545653565233,-0.16580738538097783,-0.12945070755224802,-0.06190692866339858
-0.10173657877511902,-0.18153721326311537,9.07079436407563,-0.19824120545318363,-0.11393486267999936,-0.03948231923189793
-0.11975030402682357,-0.15295575924005833,8.791732757411218,-0.20444235904042377,-0.07803715429417173,-0.00692116600023094
-0.1284048349707872,-0.14122460174620036,8.61202037282598,-0.18517905358412773,-0.03649464091330998,0.03564561032550845
-0.11000305863370093,-0.09221987155421275,8.56799943577055,-0.15027217455559974,0.004323197861283926,0.05207641030007792
-0.0897562500067753,-0.029904440363598763,8.605455367655015,-0.09835301058488496,0.04953300437037939,0.08689351798580439
-0.05439582966243072,0.022218204289544984,8.79202850043579,-0.05337838233221748,0.08124729942589248,0.09548192088199141
-0.026067983162417343,0.07943832686372132,9.076229448761675,0.012734184300707708,0.12558107150128361,0.09983860469306671
0.020115397188448667,0.11722553571437307,9.4363556615825,0.08114656922021513,0.12470795557822068,0.09656478319923348
0.0467941533134332,0.16213183269841902,9.814430865570742,0.13870901012823128,0.142829560542452,0.07684503870247537
0.0776752022839766,0.17660248122530087,10.189503046044349,0.16484187765261704,0.13366171492493162,0.05939625228880462
0.1112863525602698,0.1821649458389647,10.55696639299837,0.19045514341479675,0.11402597464418165,0.024852140306391726
0.10905827562991932,0.16194818848686215,10.810430255770981,0.20139189714351735,0.07540578801687764,0.006655940411118086
0.14207373313970081,0.12887639860741582,11.000943334691746,0.18240775620658303,0.045202061973241475,-0.036122345523687406
0.11352937910568105,0.07007684302039545,11.063902277166019,0.1491722786843564,-0.00462783653054369,-0.056655708550910774
0.09372393496953108,0.03202025132301433,10.991771720703298,0.10688913957601515,-0.053062862394959026,-0.08612744661970766
0.0661519244025231,-0.030883814203733363,10.826851987383723,0.05576883410942788,-0.09103610645190267,-0.0977989897089486
0.042177893229186636,-0.083122048504687,10.540620444334214,-0.020871431282531713,-0.11499338593585329,-0.1018691209969405
-0.003948182948377859,-0.11894942325848294,10.20183238238902,-0.06777596855591825,-0.14233698684041435,-0.08017152206483329
-0.059570648909085464,-0.1661728092631905,9.795283236059243,-0.13171738354046786,-0.13093777450859878,-0.08092187081562927
-0.06737011916430458,-0.1669868712790717,9.426408565753098,-0.1680783730428807,-0.12658329120716197,-0.06281454166652137
-0.10549902770585885,-0.16621561949011276,9.07197158125283,-0.18619494940832565,-0.10167703607265928,-0.03304028334893659
-0.11602856208753283,-0.154322716984115,8.807926387295213,-0.19785977870895927,-0.07034052232958884,-0.007434848521797844
-0.1297921852909726,-0.13506784451357393,8.620827508792889,-0.18678392715853667,-0.04111560915557033,0.030171939766868553
-0.10631770313535117,-0.09913764782163531,8.569993836269761,-0.14937755934341923,-0.0002587141910843525,0.06810554504758193
-0.0958882952673799,-0.019448839595797955,8.625240256751313,-0.10653261755585396,0.033742924288772014,0.08263389276329741
-0.06114979950680732,0.029127963479924336,8.797708689358906,-0.04541497909278008,0.08353088388604428,0.09964997152512199
-0.029433593469407736,0.07582768227693486,9.081569789111278,0.013300614815166215,0.12444517555922911,0.0954502426271159
0.02568834465565783,0.13672403701966732,9.430081224747465,0.07957340357978007,0.13021512593562493,0.09406155112322832
0.06258828347820503,0.15352485376402267,9.813775280035841,0.1218723789847833,0.13889069945149263,0.08186915355824136
0.07896998760415126,0.17440310384089266,10.177932831971585,0.16473972452869018,0.12905504636446663,0.055080358529199146
0.10328367676124184,0.18197054479963698,10.53687108143938,0.18710456088948924,0.11268623344496351,0.03281753897373447
0.11389825893946026,0.15143616983008398,10.83234408974082,0.19920424952448337,0.08537806319616673,0.0029886278387710125
0.12840620384559404,0.12634703075059384,10.988773078525414,0.17764878082350122,0.03166002374400651,-0.02827162911994931
0.10789596031768114,0.0903603993279467,11.067059689200526,0.14950927958157484,-0.010826813030302078,-0.05960552811221924
0.08730660274968367,0.02976840485886865,11.004472266623235,0.10012924352136886,-0.03969868750320476,-0.07549913860512718
0.06977989952006425,-0.01825747229470455,10.815465224075977,0.05542011548842729,-0.08189672013826145,-0.09642105396908328
0.022854408663976245,-0.07272044317947508,10.5287697123486,-0.019277421567955033,-0.11691381408679977,-0.10174406476502783
-0.010590282517371562,-0.12727363159426264,10.191719942185047,-0.08170036760947065,-0.12581896541348295,-0.08787056693393137
-0.0593806873291145,-0.17911125582189413,9.826624120349308,-0.1276018447786865,-0.14676544885776144,-0.08638447188047071
-0.07296435948145734,-0.1866425242684655,9.41682253869362,-0.16137322687636113,-0.127171830153921,-0.06722173728524948
-0.08724491955684242,-0.17166474898602221,9.068914375877606,-0.19472953841006233,-0.11115244822123611,-0.03515658687125973
-0.11111599968785467,-0.17274700384529548,8.79074809774884,-0.19967999320285218,-0.0759149205950451,0.002024723870550572
-0.10786376017319226,-0.12983641873613289,8.630897630443462,-0.17884268461214997,-0.051291837392191626,0.03740382444646774
-0.11729613636976201,-0.07893945694711105,8.558056674307,-0.14857729076581347,0.0027844163226917666,0.05554751918462776
-0.08878670669061557,-0.016322953343789234,8.61617210479945,-0.10353971162113595,0.05081577127977196,0.09002788270984813
-0.06949643600571245,0.023636725417636555,8.810036549168839,-0.05093343798275831,0.08524540341853258,0.09526895354786862
-0.02898292579117473,0.07664136037083807,9.079904387337825,0.016603809338484075,0.1218934001440519,0.09942231309015048
0.016465934060588473,0.12691597213765576,9.41637443509754,0.06846371861806744,0.14046340425881404,0.09082857126533973
0.047544765981889454,0.16322462856954278,9.800211328711676,0.12572515970060286,0.1351474862997076,0.09060641622512655
0.0672967540616216,0.17656237128757082,10.2055366026876,0.17696464590393252,0.13594786086655047,0.05795544829123723
0.09225162222598765,0.18616556867618814,10.544865870675407,0.20065916643753354,0.10584794439078556,0.02415756515912254
0.10583649121832345,0.15395184181879557,10.80887873080974,0.20167382016714555,0.07921771698089772,0.012199829107004376
0.12348977423308635,0.12818416549445652,10.984555719873828,0.1756497033106513,0.04263671807808954,-0.029017518904889843
0.1270384755655919,0.08520900353858296,11.051071690278402,0.14692732981696668,-0.008264347778480823,-0.05485595947252275
0.10157696689885266,0.024877656430656595,10.988904768664183,0.10226942440114621,-0.04319715677175178,-0.07254589400418511
0.046783275017601614,-0.021519203496770004,10.804902627201605,0.04716323918408792,-0.08808883324125243,-0.092060653864211
0.038529408931070236,-0.08059759371358081,10.535935509472369,-0.02057607555960135,-0.11852039891711752,-0.09512551404091915
-0.0027970389056635615,-0.12102477256441466,10.188918598475507,-0.0764992077127611,-0.13082112430541556,-0.09480663660779406
-0.059092600641279365,-0.15886449194666116,9.80629854969291,-0.12000706125677003,-0.14412016914422815,-0.0771809789447796
-0.0810234951761247,-0.17478510933484465,9.43727203739234,-0.16780315326487377,-0.13626207495669268,-0.05887768175410695
-0.09400767577832957,-0.18283055593989359,9.073133688457638,-0.19305506986902768,-0.10560547747676755,-0.030918555719276628
-0.11248233458277414,-0.16539116612454471,8.797388158329381,-0.20457417376555964,-0.07840485401548737,0.0006870980198279503
-0.1300309139326748,-0.11742770618800982,8.625253397541465,-0.19349139585110647,-0.046626674308084634,0.02900179364390883
-0.1056413820339748,-0.0765632183004641,8.558101455431467,-0.15910941958461366,0.00836614001410155,0.06137200090221369
-0.10777730571548758,-0.03626324023966436,8.624380578342127,-0.11406373228440414,0.045098781538370034,0.08346292098447029
-0.06373373401681724,0.029683790386506686,8.800973676046873,-0.04764655802955398,0.07854698781269699,0.09922754977595934
-0.01805714727132612,0.06279905361521623,9.076249143159114,0.016243448829083504,0.10308033622423775,0.1031979934013188
0.010435395966336417,0.12274401696002166,9.445860485706547,0.07044118933073015,0.13887145070827128,0.10507847722751833
0.04273870067733998,0.1681055462240009,9.817289006752214,0.12958313414707354,0.13564071409525372,0.08611278908014587
0.08571265227262884,0.1767951811970561,10.187617467091151,0.17715230173033944,0.12560867375337983,0.05767063322924252
0.11056986959099507,0.17871472324242407,10.547693342855196,0.203937689725574,0.1140082718288391,0.03308286280919109
0.12736612021318466,0.1362139425108634,10.814937348515297,0.20333844842421506,0.08297659775667071,0.006974976333654307
0.1265528929411433,0.12408484908236667,11.002390651481358,0.1844222693977616,0.03542056183861173,-0.03573573531920556
0.11917831763183671,0.08435347964722796,11.048998500663135,0.15665895867626647,0.0004752701758549936,-0.04877890275996156
0.09654056940633506,0.03180183791305357,10.989958409784254,0.11242583646257141,-0.03685732309403519,-0.0848268922771499
0.06407538580368075,-0.02053803729861141,10.824022503468585,0.03798559365178875,-0.07882873815566024,-0.0906315898103007
0.02787687342465157,-0.08347132405766712,10.552712918274592,-0.0069136746180398,-0.10966162580405132,-0.09996695862501899
-0.012186319994557377,-0.1286607847706233,10.200292397758707,-0.07799057319781126,-0.13278373361245066,-0.09533292396900721
-0.05642914742152473,-0.17107426424632896,9.816832938676296,-0.13151835222223096,-0.14215889545345575,-0.0873642047501961
-0.08624037431299723,-0.17943251822012746,9.426719305501454,-0.17158197251209445,-0.132107327874362,-0.0541693922067223
-0.10502797092577638,-0.18786402238428174,9.076648403426704,-0.19254878231995307,-0.10860754965860601,-0.03725929621560173
-0.1149541853934324,-0.17512795344146004,8.794699210837285,-0.20504266793896134,-0.08523519956838903,-0.007125336927152537
-0.10803165272953703,-0.13590431298832742,8.627683369100817,-0.18672054209100034,-0.04320298636960336,0.03678438446617057
-0.11086169710334948,-0.06957782259419845,8.568199033862614,-0.1503420514244118,-0.0030508175927554436,0.06779813970449775
-0.08264949061982325,-0.030244008521995196,8.620674429100387,-0.10457393029783278,0.048307720811041475,0.07761746627723853
-0.0533166313593048,0.02999590189345113,8.797793348697015,-0.046117661768958366,0.08597732412247962,0.1001485128947619
-0.02901237580801278,0.0776812920339482,9.087999681128306,0.012704176245181617,0.11235336795271912,0.10398259259312982
0.015045763932724752,0.11301113011399909,9.42356538279264,0.07873618885713617,0.1384568752500071,0.09462066849388147
0.044781976743234274,0.16790622981047754,9.810605486962759,0.13412561805753878,0.1347173025961701,0.08752872478998543
0.08917496939505527,0.16041876078789366,10.200145050230532,0.17478952920996527,0.12837872390899788,0.057888781779952825
0.10785860177642853,0.17333308047076315,10.543949115318027,0.19628725417805243,0.11471389010147354,0.0334051760166587
0.10736193263274779,0.1599080734362078,10.81470852038678,0.20418085971408442,0.08359171867573333,-0.006357363653879646
0.12085035073080086,0.12906679517486852,11.001844369973147,0.1896517748381115,0.03537744581801302,-0.03704101752490284
0.1237122165749422,0.07583554502041924,11.059689959919822,0.166350976990338,-0.0029277200984238584,-0.05300488690157838
0.08922745267046286,0.013375827045430895,11.013558643420732,0.11175712189442881,-0.05102582390349314,-0.07819766905053248
0.06553287685151173,-0.034645629327966,10.82757883137102,0.04757801365756933,-0.08654875217839986,-0.0958452511561785
0.03152783212843016,-0.08777932594447,10.539967707074057,-0.018882416243797284,-0.11489772430929455,-0.09046073482131906
-0.01858122543509239,-0.13352028623086798,10.20210372472223,-0.0765733403686375,-0.13155254822903276,-0.0855916836102753
-0.04264453748333642,-0.15265685608938745,9.81246292667789,-0.13050246172554014,-0.1383525093583457,-0.07865380038315757
-0.08974856345871379,-0.1875051681318544,9.434204167446934,-0.16725021981053326,-0.130462085907178,-0.06598516827249339
-0.10777684792150455,-0.17536358768959465,9.071072800931834,-0.1976504842397773,-0.11620374936245668,-0.03137550023007709
-0.10828001893029772,-0.15907861618527513,8.800238166218245,-0.1935255108128658,-0.07700625657857954,-0.004074394912824931
-0.1167041031911045,-0.11953923740767217,8.62038660543835,-0.19224428694702367,-0.036600750075592464,0.03143343732820044
-0.11296314174230797,-0.08271235683049266,8.560467835384467,-0.1611310631384568,0.007532605772621943,0.05416862589266132
-0.08710561277688475,-0.02175047117231235,8.614097763038986,-0.10634236658383316,0.043534186802227134,0.0749725654862592
-0.06243189459280503,0.02685912188450758,8.803336050374533,-0.05223452958674746,0.09013998259341759,0.08381990055785729
-0.027060173407716884,0.08526440225617113,9.078612148841072,0.008032850537116623,0.10903073697115842,0.1008362473936463
0.015542790455548988,0.11531200957166252,9.434010545966789,0.0720822893198368,0.13220028845289625,0.08358444638553701
0.04091125915178286,0.13931110020072782,9.809919793184195,0.12503610830216136,0.13856270901434,0.07924843708819665
0.07892057348686303,0.18081672073526459,10.192976526902498,0.16985800430532053,0.12551585229736859,0.062178877547658856
0.10027370951343244,0.18122088689341728,10.55104592038896,0.19104684907225353,0.10935770261940828,0.027207026854066955
0.104200975673452,0.1641490111482251,10.814917607915913,0.19679072487921598,0.08005504434682914,-0.005512656802161552
0.1121945074635759,0.123023417909395,11.007500521649623,0.185272143326433,0.03022721592239345,-0.03132510416193894
0.12307297085685223,0.09356507987430016,11.06866273597931,0.15803964531056788,-0.00606137504102309,-0.06299313936791667
0.09375508746352004,0.024400496383978346,11.00887887657802,0.11302051387163288,-0.05587379236091176,-0.08002540549343641
0.05136245019954229,-0.024869850831899704,10.824284226846133,0.04876057215317024,-0.07535436058892622,-0.10029711610404708
0.014837966419732238,-0.07703217224347661,10.54083959430484,-0.013196304213206033,-0.11455445519538074,-0.10052243045705656
-0.011185553442657677,-0.11358561699163175,10.197144744779177,-0.07618357418131717,-0.13372523280395657,-0.09681036557863613
-0.03424070881163029,-0.1629535617693652,9.813040551160702,-0.12643729434724155,-0.13877993736751565,-0.0809072484595175
-0.08009194732086966,-0.18302188915657386,9.419247623869891,-0.16785623584623963,-0.1288052944568761,-0.05053113471124313
-0.0923158586430599,-0.18975658496042314,9.08593336494589,-0.1875199645983877,-0.10592048342775086,-0.029818450915491665
-0.11407035650370141,-0.14792605642972043,8.803369430371932,-0.20892991981624526,-0.08676540941919283,0.00261073484844688
-0.11578814985080442,-0.12385159077105996,8.614041570988523,-0.18646896063610988,-0.03280518884444306,0.02786190395489035
-0.12121308335478394,-0.07802281300948273,8.575062989411727,-0.1512724881112686,0.010317059592237717,0.0599663938199956
-0.08317711757283201,-0.003145884979264865,8.621958468832457,-0.10579820633188201,0.046800054645321,0.07957967790736464
-0.06463061290893168,0.03083724091878735,8.78997593268858,-0.0527175995012105,0.08496841105710634,0.0952812469800332
-0.020256061797646805,0.07137069080268901,9.068626401652276,0.007827186410831416,0.10010310729692047,0.10324468868046917
0.0037748823858692214,0.12576830966966496,9.435631025808442,0.0792992512249592,0.12813442341209874,0.09257709276820553
0.04814659585713283,0.15261906554026572,9.824599879329796,0.12505890819557058,0.14253455080712668,0.0788594132019115
0.08141390587394522,0.17462939875008138,10.204347123396577,0.1610328301916432,0.13783098494142487,0.056274819334911325
0.10153958853769149,0.17455070506306078,10.555286034554314,0.1984320673138842,0.11445544228749867,0.028288907073032773
0.12012216421493656,0.15564879735449402,10.831004166638916,0.2017813111727002,0.07856906444624247,0.0007776619157287716
0.11742697691203045,0.116076617984592,11.003275974591055,0.18471710143024989,0.048985440334405245,-0.03280577900075649
0.10533484125601233,0.09438731492599901,11.062632334302489,0.1483956794930884,0.0009379446596698487,-0.05136032990764431
0.10352116800919157,0.030470303265385506,11.003139550924764,0.10509957932734013,-0.04910091979331682,-0.06755788155242617
0.07034277954164717,-0.030040659266876737,10.82715936651386,0.054099672343350134,-0.07465150125074149,-0.09797267820242413
0.021073883466136627,-0.07572815940737983,10.538798781313432,-0.02239751623719833,-0.12109774745358196,-0.09852994653511796
-0.005740687797013524,-0.12356700007082674,10.202126912803257,-0.08308752717853195,-0.14171358032579803,-0.08988822408916083
-0.052671631914649,-0.1582117989491084,9.82166893477847,-0.13198236406209568,-0.142045831361431,-0.08217838569208069
-0.08807535939173149,-0.17231636132460545,9.42207777760479,-0.16994055108312406,-0.1356210984999842,-0.06367884837785948
-0.09450137953909889,-0.17669994393503188,9.072762452351936,-0.19663066250324765,-0.11263591574935984,-0.02212663873275572
-0.1305185996754355,-0.15498322082707064,8.80254112750514,-0.19627231379463006,-0.07495718629309014,0.0035193007061983432
-0.11214330620495948,-0.12119797962042883,8.61598209422784,-0.1798523021953087,-0.03952597468960314,0.032579321638996836
-0.11254909778093286,-0.08034555197637819,8.54946545106698,-0.15157459358387224,0.004046449284049501,0.06610272372618181
-0.09236967377149387,-0.02984267485786941,8.630361106951842,-0.10286462482543322,0.047425861780620415,0.08480486097750836
-0.058673146853758726,0.040480065400924393,8.795121146951177,-0.046661236580615766,0.07400042704564602,0.09489329159668776
-0.022511210930555994,0.0779660497253348,9.075416023264225,0.014371560261651452,0.10804060874046674,0.09511680649737382
0.003677496827151466,0.13046604707305373,9.4188477567033,0.06879984559577955,0.1324278228959677,0.09261160324731223
0.052472005947026515,0.16372859209694712,9.820214038519055,0.12370357890950145,0.13572566041907325,0.08687375640866069
0.079504846546644,0.17291988308863385,10.203096652234974,0.16305274026430927,0.1306689601741458,0.06211732095537222
0.09272341672735278,0.1713088428026063,10.542805649036366,0.19340667903902822,0.11783189957495699,0.02988417219318136
0.11552680680161496,0.15751417631605474,10.811832064050575,0.20064778682673884,0.07857539228814413,0.008744301735317346
0.13060838563804217,0.12328514320203306,10.996045206930068,0.17805015999363585,0.032745235742951,-0.031771975806095386
0.12394007766630916,0.06998225736351317,11.064561221599599,0.15333141269240635,-0.008053432058486196,-0.053912521921879654
0.09641608860771098,0.02286755824972798,11.000329731001598,0.10129070490289521,-0.03857890815462818,-0.07985349987196205
0.05242840870541087,-0.0261070991121945,10.822144027324345,0.042675737623074,-0.07789958465321109,-0.08546820158937316
0.031085656646171668,-0.07166171337031352,10.546425155441423,-0.017450766889853576,-0.11263752410180285,-0.0962347333908348
-0.0034813550108943074,-0.12290040758823007,10.20234161282077,-0.08087002158655521,-0.14216679457658654,-0.09484746456337237
-0.04092453721051274,-0.18121360079802348,9.809665126367317,-0.1258102418577687,-0.13840627975028982,-0.08174364777578288
-0.07231824793292758,-0.17266591618868082,9.427328864635122,-0.1706473547394004,-0.12990941211412876,-0.05878375518664345
-0.09986575043630912,-0.1822366361722675,9.06737308097257,-0.19007313272888973,-0.11068355663497599,-0.034444491645793274
-0.11746510138089386,-0.15672035188552164,8.819159563247219,-0.2017038784310001,-0.0817976950531713,-0.006745001450545645
-0.12442509348080183,-0.1273359601011098,8.618908480076499,-0.1873249022269534,-0.04116923205090082,0.032529546324697005
-0.12571080342835075,-0.08318880286530222,8.561628744063073,-0.14360152425281578,0.0008893585862418678,0.056182519158721876
-0.08796016681314453,-0.02889740473360145,8.625711078829282,-0.11378208890261908,0.04140641790777792,0.07827281902016149
-0.06046273386155311,0.02805748852309063,8.795442432931978,-0.041599328123683964,0.0923919936878336,0.0946887655937463
-0.022700194683914005,0.09254450182024077,9.075331032988435,0.022596639995299695,0.12002848025520386,0.10026107801812777
-0.0004121073045629982,0.12717825677295153,9.423694159228592,0.07909672657615653,0.1329297320101974,0.09511514202735902
0.05189033459156925,0.16910161387650102,9.80268769525942,0.12719118510069094,0.14170119596764993,0.08954111714099826
0.09503424299940647,0.1853155928335076,10.199779958372995,0.17694184300786533,0.1337764020618301,0.06201879002088124
0.10339945611651903,0.1831077862657681,10.531537790659504,0.19254039621438265,0.1225256754672987,0.04135658318172323
0.11639248011659997,0.14605204192197793,10.835292910507995,0.19595746874191364,0.08331048317969113,-0.0022834660864803056
0.12203017236225658,0.1361559392767335,11.005164412448751,0.18335513019658603,0.04352992492520934,-0.027067266158498048
0.1267860154780273,0.07798409150354285,11.065112978861228,0.1501174687613064,-0.0038980280568131384,-0.06076717442868298
0.08248811885324413,0.0338053371584842,10.984927508469504,0.100933670919602,-0.04930390749163749,-0.08375935439801892
0.0635768120779113,-0.036017145655190465,10.8149310135824,0.053571773511307305,-0.0786485032471957,-0.08440525364445439
0.020763542048145928,-0.09126985438992491,10.555846326332128,-0.018191261570154646,-0.11235555069221463,-0.10384070217311801
-0.014664280008525231,-0.11152442837496679,10.229481174145128,-0.07541587403943284,-0.13850208899338104,-0.10623693198555129
-0.047126923540090515,-0.16807318934574614,9.819557539720604,-0.13606239689452107,-0.1376709716541124,-0.0843893869277876
-0.06781929630954113,-0.16862749279433126,9.432024304313208,-0.16965327924043153,-0.12764096716776854,-0.06874851099005275
-0.08836393026479222,-0.1768240593136038,9.079468228459238,-0.19992883323495125,-0.1212904124583739,-0.035574127795421163
-0.11330066551323527,-0.16370595294990686,8.791948779465748,-0.2053888257850952,-0.08355957373805033,-0.004204814867104821
-0.12257091129776013,-0.12758150910209815,8.629140747296727,-0.18584291146803414,-0.03754225270138602,0.0311622781983852
-0.09058540834723164,-0.09205605782886155,8.551190341303226,-0.14768357613098115,-0.005534373396969568,0.04860212858914008
-0.09409773679747133,-0.028189553946741573,8.611494673309952,-0.10346471810548347,0.038301131870173706,0.08693345623880616
-0.06652024392562737,0.01957496047811778,8.788540522427825,-0.0454761324100787,0.08420974580854387,0.08575412045944983
-0.04136034578317145,0.07862571168896702,9.083074215806201,0.013674433907125862,0.11807463257551044,0.09936120671287203
0.021456974795735523,0.13473793478138607,9.423269444591893,0.07358943776909246,0.1370432977576187,0.09345748791449693
0.05447616581601673,0.1624508502235109,9.810806864799217,0.13279924064001397,0.14785230218926848,0.08497639218146373
0.09794032653136989,0.16593898191569756,10.196148011472244,0.16699144683756034,0.13223921704932595,0.0604646090558295
0.0916556682525494,0.18458332690041043,10.535725833035965,0.19832137378607007,0.10894799340961761,0.03675186989637764
0.12855116913008457,0.16028819438774394,10.815905395720506,0.20566613136513784,0.07241084184433887,-0.0018957806970457014
0.1201192376605002,0.12288539588016871,10.99385723571889,0.18108953800266706,0.03743293874943654,-0.03330960302247756
0.11697612101474668,0.08762071228790246,11.048757828422197,0.14949620997873586,-0.000550286582173157,-0.05678615680026604
0.07749508381800918,0.026741864214073836,10.994786964606575,0.10293830901213055,-0.04336817668214817,-0.07580768571075418
0.07369581119208464,-0.037562173708509033,10.812620791317592,0.0406869212119996,-0.08423895947685892,-0.09100762129607531
0.03345293543715767,-0.06700678435193502,10.549352970396413,-0.016671033465256075,-0.1128813366035882,-0.09839088975880346
-0.010599522520052435,-0.12747383781274155,10.201559011480573,-0.06876039040872445,-0.12797246142773525,-0.09391494945810001
-0.041569299575743644,-0.1610684064468972,9.799650887019057,-0.13407141515920046,-0.1395639452102119,-0.08103108600096695
-0.08472184465076502,-0.18103718728058296,9.421355702917513,-0.16318135210588144,-0.12499130342113314,-0.056657241858926365
-0.10740737575495438,-0.16833169596943584,9.090116913684879,-0.1963164253036019,-0.11444449187340816,-0.020642833067667996
-0.12059335957925767,-0.16454402054814501,8.790882653849852,-0.18891621848495233,-0.07931409499780566,-0.0011243526706185317
-0.13437997640709234,-0.13958271689792312,8.624592457173405,-0.18870553724411535,-0.04176024298086,0.029163418567069912
-0.10363325132672449,-0.0870767231518188,8.560844175472024,-0.1536883472060287,0.008051458780834415,0.056644832395756003
-0.08114455203337634,-0.01746532210623322,8.62992245509379,-0.1102177018701481,0.042059365466640096,0.08290055889901131
-0.06756190980886242,0.03489394028093856,8.801092491762176,-0.051460238208675825,0.08395322713299533,0.08452424043100398
-0.024375177298959022,0.07974913682223302,9.071818070811007,0.021014915641353916,0.10631852882593872,0.09932465231046975
0.008163918444741108,0.13832157940275053,9.42426287000307,0.07764032252053595,0.13732625965096154,0.09948149622568571
0.04935639277369224,0.16640086264162296,9.810650959551584,0.13398762634342673,0.14617425580443869,0.07821848641264743
0.07357726431274812,0.17566363099766427,10.195537681510363,0.1632293861442119,0.13638143736637992,0.05964041583039694
0.09570445382159198,0.17644414304429143,10.534178673722938,0.19742334527962013,0.11487439574427095,0.041364182606608166
0.12530240175844107,0.1629795343385823,10.831215951829412,0.1946291800868655,0.08314464175501733,0.0015694851377403007
0.11904718883257548,0.12056778243013562,11.007352114071823,0.17860987935238332,0.04285454597375714,-0.042182002480570656
0.12670419088716378,0.0816833423806728,11.051646487785042,0.15416226815114314,-0.0010159550096551983,-0.06589953355833514
0.09104778066519977,0.03054762582680001,10.996414840311514,0.1068094782112643,-0.043737220411437794,-0.08220871136550435
0.05454253228796054,-0.04173261289812781,10.819470557613943,0.0482884632722666,-0.0888404651600368,-0.09915209631754654
0.03697632843801964,-0.08330382462403513,10.535479414961733,-0.010736227743898801,-0.1166178784976414,-0.09948304479713824
-0.005241840928619143,-0.1297599877525653,10.181336872826494,-0.07089980750669173,-0.13400316291957373,-0.09655114208084148
-0.04091521816748398,-0.1521927806513737,9.80463525878462,-0.12149489075158672,-0.14161883011930843,-0.07501928271779598
-0.06907307681148173,-0.1925523218572259,9.420877538309513,-0.17575904764067812,-0.13965944579005954,-0.06416354991722051
-0.1079942254210517,-0.18082347004273328,9.063738567967686,-0.18663912178657344,-0.1169863026114024,-0.0318550022009719
-0.11790382914213622,-0.16419902966192712,8.800144579143979,-0.19007483922198853,-0.07779775919998833,0.0011748066735396397
-0.12092975216547269,-0.11954231031606023,8.630482205057584,-0.18712762199980001,-0.034827197287951195,0.032691541591654785
-0.12085329157566675,-0.0819956744115371,8.566736929169323,-0.16131089587225728,0.00413464266796671,0.05958413801842855
-0.0927860221481045,-0.013710761744656436,8.620165869405785,-0.11258428110953535,0.06095589700886547,0.06889732799160737
-0.0512601209477393,0.033534590044528884,8.784005463459131,-0.05033099124541943,0.08096324235973404,0.09554942716652841
-0.02526209659616932,0.0785074780899923,9.080994053359646,0.02439472775859477,0.11784162199037876,0.09924618896176515
-0.000480248380987482,0.12925280784209567,9.424899894383778,0.07535303909585295,0.1408103922763586,0.09939881073400077
0.03428348578372213,0.15758477433609047,9.813394808873673,0.12575761686377712,0.14526869003163925,0.08446449192480682
0.09191609071242057,0.18467151463066386,10.211760065371019,0.1663803213573733,0.13510323191875356,0.05991111523629604
0.1020493029882507,0.1671138401787726,10.538133072329263,0.18753559138880058,0.11616252754613446,0.032383325932106716
0.1117065210246376,0.15375542467044995,10.798272715503638,0.20385927681887014,0.0792246115134086,0.006673401258997076
0.11736621939439561,0.13086839737588826,10.990393008746421,0.18483612819395376,0.047670485555680264,-0.02523438883865467
0.09870885724580895,0.0914533534464269,11.063888360546143,0.16346758500571962,0.0023278624096205493,-0.05747345171422266
0.10206206214292342,0.010463770140743508,10.99903605258289,0.10880783352630453,-0.051392925703160786,-0.07022660367027399
0.058806733110055104,-0.017241113261372752,10.811546153931834,0.05217141592101725,-0.08395421482234987,-0.09827394839927621
0.03810001364844202,-0.08291034307091254,10.53337382630034,-0.015534543960746217,-0.12335339442767472,-0.10592717636660759
-0.009875028526179018,-0.14240653796510544,10.193434370842349,-0.08072279078568143,-0.12674543435692795,-0.09513245200388182
-0.03529394528050547,-0.18443114754616924,9.800031242640891,-0.13321144234919782,-0.13881914722065225,-0.08271868969258367
-0.07654432625009906,-0.19003143443320966,9.427893824377316,-0.17665356736861607,-0.12508403338954055,-0.0710335992286616
-0.0959459937673455,-0.177929060731861,9.07197701952538,-0.189597229414744,-0.11135804520075425,-0.03407940934002507
-0.11113305830154047,-0.1608721767855019,8.793711813956824,-0.2014109726066994,-0.08822897726896102,0.0018064400061626792
-0.11457182498355481,-0.1221572745497613,8.615113143407676,-0.18053396921958112,-0.02616923912621373,0.030695730645366157
-0.10774384346288111,-0.08604319927710913,8.562104981812645,-0.15228886544535636,0.004743375858101359,0.054967804667065655
-0.09254010667576493,-0.0369438432814486,8.621520228421126,-0.10713087832304566,0.042130744582582653,0.08116532270617707
-0.046627679078173244,0.024932191887986812,8.800344415190185,-0.05386974851559781,0.09129086595246247,0.09574832917270311
-0.03441629730728982,0.08205814433879761,9.076709470184799,0.015832183471866743,0.12579619768627004,0.10357533274544814
0.010322703380515118,0.12918172062926345,9.42315119273846,0.07417447401259908,0.13334218835082548,0.09187075874179418
0.046849288078699994,0.15410400721686512,9.801734955332234,0.13335445708730997,0.1394440923721766,0.08521892433454335
0.08181740826918062,0.1850079195094228,10.190428201954724,0.1662302792697795,0.13301812878343938,0.05325367781003448
0.09933607390313438,0.172800247711309,10.541574166124374,0.19722974188131367,0.10525640451916528,0.028300620694081593
0.11940377311497283,0.15338725358440455,10.837792804873473,0.2076906387515779,0.07549430252718944,0.008406451770831713
0.11820741283194812,0.12288374595170531,10.988029954805558,0.18665925149084944,0.048265706153405516,-0.036105258212117
0.09787169914084543,0.09024602326226225,11.056648187973465,0.15689489472061963,-0.004748965311645315,-0.06214394828868075
0.09075371923690478,0.02701714728637608,10.999606781849886,0.10852623777510245,-0.051319572589701296,-0.087219250411361
0.05314663394650433,-0.03379299101385043,10.81884458094246,0.05751219176332269,-0.0878222639923358,-0.09926929869305011
0.013285715326919377,-0.07438040003993313,10.553323321697045,-0.012466217698604742,-0.11025279284340603,-0.09930814503599758
-0.009193255676267066,-0.11019354995004438,10.193803259524621,-0.07176784483617457,-0.1442338636487393,-0.09154555050521923
-0.04282713434086893,-0.15873986373656263,9.80812366880705,-0.12902491759009363,-0.1386670549390427,-0.08094283104956176
-0.07438429790560518,-0.16792560621981933,9.430245785140235,-0.17367927532758218,-0.11951680388466435,-0.06033034192742621
-0.09823448941413923,-0.16948279828050009,9.08975412793776,-0.20019008144223926,-0.10065594454047182,-0.03703137472067006
-0.13234651483777762,-0.16519011049628066,8.809988744022913,-0.19315177634228364,-0.0760816258710173,-0.0035471380387503307
-0.13044628893683055,-0.12700980458362868,8.620086123558195,-0.19033826877425575,-0.03277386378134668,0.023255690380536105
-0.09473914778583445,-0.09190765889425677,8.55960388630614,-0.14923911495797978,0.010622064546143518,0.06253290984995774
-0.09905497102745824,-0.02971905704077614,8.621553108589312,-0.10358670339227828,0.04650252768214331,0.08498406110163151
-0.05706442836166482,0.02322736003626433,8.79990475229897,-0.043432807616280586,0.09018602352732716,0.09493072877982901
-0.03265630239985191,0.07856617438609645,9.068489649719549,0.01175045969413296,0.12455982637398365,0.10220721574556445
0.01092562415590778,0.1213363780185758,9.431221507422054,0.07131398952241301,0.12803556800748905,0.09945942483617397
0.04166416745887322,0.15812055034549663,9.81165287302194,0.13073539663806313,0.1428235588132186,0.08135568482036168
0.08309021147938764,0.18205420739685862,10.195912393458027,0.16834562428311767,0.13363527485032525,0.06567494610129507
0.10386604800882265,0.17681548660158194,10.534562402352991,0.18799406133079608,0.11132708010179866,0.02569854180887354
0.1132994844810955,0.14543000690098107,10.821769532636507,0.20917902438217054,0.07902080630345196,-0.0018318653773975303
0.11115677655612406,0.12125391350823754,10.983674946943205,0.1813394310877226,0.040514426694204894,-0.033324580214388694
0.11266951286027908,0.06949210703614235,11.055346805247742,0.14800027389695863,-0.002510072132929118,-0.05561392125539582
0.080975550554511,0.030032000717759327,10.994315863717176,0.10445610770332134,-0.04153871123525651,-0.08812440175501852
0.06537100494773784,-0.024210344076814494,10.823567204513525,0.05428602718657298,-0.08317948119435595,-0.08789309374091016
0.04817268069880831,-0.0797368762686847,10.559770365565129,-0.025157695022687665,-0.11650629425343685,-0.09719108892366617
0.000513118168316529,-0.1336347734160267,10.200846502693992,-0.06941822102197089,-0.1385539865105689,-0.08632678960634478
-0.04098341798189492,-0.1584424933780013,9.821587216581083,-0.13340090495482682,-0.14230251701494628,-0.08105249644887988
-0.07928274062436899,-0.1815572599528932,9.428890454416159,-0.16848470644862484,-0.1305220670954825,-0.0614584891762434
-0.11828187608632365,-0.18687722548310104,9.084268862551934,-0.1975292378224514,-0.11434161136633045,-0.027531974841267425
-0.12746409383745363,-0.1544095531253443,8.813585775854888,-0.1895268124004573,-0.07421825433154007,0.005241339626728607
-0.1092958106647493,-0.12067865599765111,8.61532465997266,-0.18467337148433294,-0.03720580112820521,0.027413765171781096
-0.11684536792134306,-0.07405613800796029,8.553623164526948,-0.1565088952086059,0.009805570222444177,0.048862129187615025
-0.09627131773215603,-0.03294630771014654,8.626529841834849,-0.1071722431533892,0.04393769159475083,0.0718223681489228
-0.06327636041623272,0.03767178149081092,8.798699329398755,-0.04757354896625499,0.08140671618726199,0.09643989140572098
-0.03565717149730009,0.07784060403287353,9.077031265296766,0.015212402845855755,0.12129719741138349,0.10770090776550353
0.0004740923653515951,0.13256354884192387,9.421739421894326,0.07746145151243167,0.13500414900644664,0.08857406863914843
0.04632640849478309,0.15633002351690745,9.805229930263648,0.1288365144091147,0.13892771878130217,0.0794878086658315
0.07146564660507285,0.17600448859677892,10.209237360318992,0.1629215205661334,0.13532120008813478,0.05696464492015658
0.09684370643207066,0.15840199902598256,10.535932676455111,0.19244786465932903,0.11411850387013864,0.04042016562618671
0.11063627446107274,0.1579296867676906,10.8267623810425,0.2025196885446734,0.07266882109146111,0.011204964528292265
0.12373703522424805,0.12795159776173734,11.00301447165472,0.18194705788565904,0.04627930244701665,-0.028863605932713983
0.10867031375637716,0.07836690491770114,11.04736789361944,0.15633234385537836,-0.0061399678392503945,-0.054360109890934205
0.08924872520368471,0.04212902345454971,10.992174402728983,0.10582537720897232,-0.038631697460890006,-0.07660270013681758
0.06672672378922105,-0.037536611671886794,10.815969718481073,0.046933033556911,-0.09222979757833295,-0.10153457462466764
0.026024484560678685,-0.08629791194030953,10.54924823827235,-0.00835330034432196,-0.1140299168676338,-0.09650734574896212
-0.012514272389434374,-0.13457451914951568,10.19333496212125,-0.08395829631676553,-0.13528248522780528,-0.10017629432593576
-0.042966598232484464,-0.16492754064301302,9.80931528154714,-0.13222014193886528,-0.14981647780798213,-0.08170731952684064
-0.07325229949397681,-0.16954504140321594,9.412067578175478,-0.16364518910076994,-0.12853685771962037,-0.053008207455910714
-0.10394844306636293,-0.1659471675304839,9.093875728368179,-0.1849989571980637,-0.12043094281064567,-0.030412838661040015
-0.1162409404652874,-0.16595133337036902,8.799298321981276,-0.18805643424710913,-0.0804059740799508,0.005600996442456943
-0.12581247535143786,-0.13300693836922967,8.62517136180946,-0.1850446942658548,-0.03383469944299143,0.03748218658407959
-0.11741278362566203,-0.09090433104538312,8.55567499609148,-0.1506789505588248,0.0014377532356809135,0.05006544324888558
-0.08452412093111086,-0.017629235817736295,8.615958336014478,-0.10157964740802608,0.04261311694200552,0.07006520729398977
-0.0583916201104058,0.03720491824459288,8.814030234270865,-0.0416463579799762,0.0895638368633109,0.100943429050641
-0.02351841391917099,0.08094140764362079,9.059934661778465,0.015889479480459615,0.11436932102741441,0.10601199767597244
0.012535077031566286,0.11616674469915798,9.425957933578605,0.0798983837120514,0.13232908074965888,0.09636123505095447
0.04709982728355171,0.14996402428738909,9.800307968870957,0.1311424064497456,0.14631526681165832,0.08281072046665054
0.08416917736900872,0.17916138150981484,10.193031233733322,0.17241845235869258,0.12599150393411165,0.06317213117175023
0.11025272515848275,0.1821661252326687,10.539626809624258,0.18955735682933592,0.10851322139955973,0.035189549846823785
0.12417562671177955,0.14381583404283987,10.813383421501364,0.19784032807358504,0.08327987483045263,-0.0016094341501256635
0.11875193018600229,0.12465239874312786,10.999104179206606,0.18268262592714948,0.03319634005401096,-0.02620661819744883
0.12162326111962235,0.09459366897311083,11.039455766821552,0.14702396018902594,0.004788802676542277,-0.060582477465957595
0.09250498640069582,0.026339445256830143,10.996296737513589,0.09740876042313235,-0.04821602512493055,-0.07973593960424098
0.06701016615127858,-0.016319778262955765,10.82054892316589,0.045903596847786894,-0.08118941760345041,-0.09413285449891534
0.029417504553197187,-0.07659689301186565,10.53385735299436,-0.01564343143924228,-0.11125473538993888,-0.10429715631926009
-0.008312188581901019,-0.136009775076309,10.208376992740316,-0.07474245371470092,-0.1351158188429242,-0.09879319840048094
-0.05261621699904601,-0.16275869515786234,9.805244333001676,-0.126064848243338,-0.14233536498504407,-0.06967909599805133
-0.0729870755356773,-0.1788258998150986,9.421828883091662,-0.16886672143113246,-0.13204272041965065,-0.06316632144519935
-0.08000949991103165,-0.18539151442984825,9.07053068132316,-0.1954337589014832,-0.10724783643947061,-0.028967708956798656
-0.11988416326857165,-0.1681039366655068,8.79807622806793,-0.20406202824935232,-0.08387976399492245,0.0029875101194859616
-0.11899019579017188,-0.11516872929049829,8.631644507379143,-0.18091112643004187,-0.04537236977523079,0.030714787917725216
-0.1140969613951143,-0.0894661868141424,8.579784126431388,-0.153477548543323,0.011508946730953025,0.06220756140236397
-0.09458146015934249,-0.01945203029862512,8.627144468260619,-0.10783573551924262,0.043457512347415794,0.08259861143875506
-0.049595560785815604,0.024745007162338496,8.807432707166994,-0.04895400575283815,0.08733247392064047,0.09078170903589787
-0.032544569568352416,0.08158414740442578,9.088999854486083,0.010660298070262614,0.11460589023554625,0.10268404729683436
0.006495598454855825,0.13183029361554777,9.425719725645536,0.07261426947780367,0.13356505116699904,0.09235472985571103
0.034030258487204416,0.15562885542781846,9.822562006988973,0.12603124588110354,0.14709225303274906,0.0895529862986269
0.07253698844608664,0.18233958041469375,10.202610452027594,0.16837064555914605,0.13140205167109795,0.060852519067423616
0.08910465592665827,0.16139998428871666,10.54588346423989,0.1974279777979148,0.10902712703584376,0.02731673765966192
0.12194024026394922,0.16386265159032795,10.824073971244314,0.20152195701316952,0.0775990615937318,0.0016229335325800036
0.14195573128826888,0.10747463703086059,10.984249309662003,0.19303015895394413,0.03683878473617392,-0.03561014156869259
0.10759388893113785,0.07983252804303109,11.06233695408357,0.15902708291745207,-0.007438386585292711,-0.05756121632557018
0.07734323748291705,0.034913462792424195,10.986470665205378,0.11544889541036348,-0.04962902201417325,-0.08208218405673023
0.06915115392619227,-0.023258520540809912,10.808269089755814,0.05081752673910597,-0.07724600394606677,-0.09926732261845522
0.021345401755079412,-0.09217654587520319,10.546274594877833,-0.011608493695189025,-0.11205946714474775,-0.10419716779882632
0.00010653320265648775,-0.1366928534383715,10.187358614207145,-0.07770471798302181,-0.13608036196740958,-0.08290359067862121
-0.04898643345936063,-0.1659267011336268,9.809943089989654,-0.12471346296005795,-0.13503202625271726,-0.08039267897345165
-0.0836524077550962,-0.17630661900787528,9.424836233186205,-0.1730879172993747,-0.13976386661681756,-0.060865588504475834
-0.10419551551625693,-0.19402688740545046,9.076732831441035,-0.2015014806357372,-0.103932865918346,-0.03384209828878764
-0.1108235885827609,-0.1604507810898095,8.791495785775055,-0.19185477970922948,-0.07247186092598604,0.0024443447516636907
-0.12137751855961694,-0.12473144303704901,8.628368813690953,-0.19154237989071293,-0.028174406761459964,0.027793389201366366
-0.11450111690269747,-0.08391159930360657,8.559286118108272,-0.15077417850893005,0.009145690317543358,0.05337702189105932
-0.09226795377066183,-0.02387695116543355,8.624707960072461,-0.11006844340833993,0.04931796041893327,0.08079162312388255
-0.07212599808675091,0.030026676255904845,8.789157240119797,-0.04238839622677267,0.09201775643486201,0.09493312133073442
-0.023984548608183377,0.07745602796829654,9.073841814179877,0.02063876973588533,0.11248786412317208,0.0979147859350093
-0.00400557050900233,0.1118460233875316,9.432507112897268,0.07791352813192902,0.13237729676459556,0.09062180057224221
0.04317722944212832,0.16148462946362072,9.81776142105452,0.13507536099493217,0.13961908033354375,0.07889478237793657
0.08467296391308923,0.17017174298490342,10.18989290150532,0.16984401802832574,0.13867230526437785,0.056358705859744875
0.10519624133375954,0.17314468088620555,10.540367099841006,0.2053200764179645,0.10653186591300437,0.0277756844114041
0.12160836725413815,0.16417798622673588,10.813361749128008,0.20321722283793459,0.07413733128728675,0.0012939861040551644
0.11903778813182016,0.13856154509491123,10.993569342022852,0.18079371411942338,0.04053876722259943,-0.01985472945927127
0.11988528872822718,0.08134282086908613,11.048807459674348,0.15331647100061552,-0.000500280636785146,-0.052191285873849566
0.09807489452099898,0.03251203760144706,10.99771523838969,0.10490427641311892,-0.05064719057929139,-0.07124409776195385
0.06552028464473802,-0.03979271771849621,10.826336350154182,0.046769614048567706,-0.0822099647466478,-0.09797142332165747
0.03458116764503153,-0.07982507339554393,10.538451142455244,-0.02260971594654841,-0.10877491456979616,-0.09162651963878547
-0.004284853806540642,-0.12781478577103794,10.195546392707483,-0.07333331637261484,-0.12835207075569274,-0.09394188288759148
-0.05024590918381381,-0.1505835041660345,9.808236012739057,-0.1357723023422349,-0.13817384058317025,-0.07591782292336255
-0.08934907353596266,-0.1821200137149698,9.432169706884217,-0.18243436905176894,-0.1322808863543266,-0.056418372891090834
-0.0994089580635491,-0.17970452282240038,9.070375699940085,-0.19586927121944478,-0.10213313949868912,-0.03253384137113118
-0.11251708882360457,-0.15187447674594182,8.794127028170031,-0.2032658649374265,-0.07887061980263961,0.0036860023302015734
-0.11083437758446338,-0.12795914836660946,8.614411185604771,-0.18960415698072897,-0.034654303733505046,0.03341052214222299
-0.1180178894807112,-0.09051803290694033,8.550899923839372,-0.16848391720873843,0.013879340518074938,0.05000917922846185
-0.09792874942106772,-0.007666452723581241,8.625412834562573,-0.10992100092398065,0.05130812809772427,0.08033307395282348
-0.05827195448028389,0.019608140882597512,8.797647870660713,-0.048889943666599545,0.0805765983459838,0.09949498770938184
-0.027730137337335856,0.08127166139112452,9.075706913513038,0.011153250106592436,0.10942179737351487,0.10138706889211087
-0.004797850642787465,0.1301090435178386,9.433925886280916,0.07720435747611788,0.1328662321227989,0.0974256168244231
0.04973106638705846,0.1625582648832827,9.82065664580716,0.1358068406898909,0.1434878000431031,0.07709252124624394
0.06377849892252968,0.1762783962746915,10.183101368506014,0.17238916985044375,0.13405182694409692,0.05998794571334667
0.09520980265530946,0.17629333892088808,10.549914242750349,0.19928117448434313,0.12184666800423574,0.030335792234115963
0.12769925365313348,0.15846553755271073,10.82307641837436,0.20503203011870932,0.08112292121391829,-0.0011057804101744422
0.13415718565602777,0.11829540715870818,10.995127917375763,0.18020216808220987,0.03771887074781407,-0.03438215151430728
0.10080206833256834,0.09884905557200749,11.062621469496223,0.15516401092032855,-0.009754643637710909,-0.054275799952218845
0.08804216864754076,0.026319591568176915,10.985009579487198,0.11064257331102526,-0.041229600810101436,-0.07922635219416675
0.062292136795388496,-0.02346143504668449,10.832972381710947,0.0458419319505178,-0.08559236065654634,-0.09391022790178988
0.041410616847178255,-0.08446648490495359,10.54885111814225,-0.018277153057199534,-0.12314761012121013,-0.08974603751368354
-0.014231193824361891,-0.13017364764846176,10.189349661010136,-0.07261560679874593,-0.13424307620853318,-0.09270926612185065
-0.050545273261327656,-0.164060874112418,9.805316718225294,-0.136251681806502,-0.14491899498144567,-0.07484715694373228
-0.06620807777472715,-0.1901951122106532,9.410103585227079,-0.17524735556448617,-0.1339560851616318,-0.05734222854352786
-0.10577016829203482,-0.1790563910060682,9.072756776635853,-0.1974829847517444,-0.1107802977947147,-0.03258332373014096
-0.11110818899851758,-0.16360105371758,8.794866901213497,-0.1972338256048153,-0.08347353001680059,-0.005207172371075338
-0.13137529723446922,-0.11785068195394785,8.610578471534042,-0.18420190930975738,-0.0417941976763352,0.03219282001413909
-0.11189718123307783,-0.09122090279728529,8.566213617869678,-0.14780658305912367,0.0003673339516092624,0.04553266403576044
-0.10395407565346335,-0.0326966963303449,8.631393732148545,-0.11027613681603614,0.04354534171797058,0.0823160304878438
-0.07039462685841727,0.021049359255214468,8.798509873110818,-0.05289909919712191,0.0805219519248335,0.09670995874145709
-0.020447190585295573,0.09332950519561171,9.07282325957166,0.01694357965081693,0.113203088457039,0.09891212292690604
0.009888999113085281,0.12038027071079359,9.427208633848382,0.07127430457431205,0.12988088701424377,0.09461643016480789
0.04417735515262388,0.1649157235688597,9.809842888300034,0.1258260178700725,0.14287322500569036,0.07459379279166112
0.07260788525059204,0.18555763769398992,10.187613809238815,0.16052350845290683,0.13283189787752933,0.06563491078167863
0.10100660648436488,0.1766024385937759,10.539510141472865,0.1956034330209001,0.11678483380187317,0.02913125050952508
0.11929470800705756,0.14933050447549237,10.81889975491467,0.20719284902954826,0.08838115672730175,-0.004948977969173583
0.12742148316526516,0.1163096471573324,11.000806138124736,0.18015002733604316,0.04274270190117898,-0.0282625640479709
0.08952614580757064,0.08852541437499775,11.060074693743012,0.15807695551550094,-0.0018399979989918995,-0.058296331186581236
0.08402321155274153,0.017994766759488908,11.00050360040887,0.10536979363925182,-0.04343010133811085,-0.08274536903103186
0.0632239265482731,-0.02510067010078612,10.80907261910248,0.03919466114871422,-0.08322911042549189,-0.09745313360412314
0.026369896498829943,-0.0808744691649325,10.550053307318375,-0.018797654085184416,-0.11536591455291183,-0.10002815428984799
-0.007061232301550299,-0.12431847839512691,10.196298570040891,-0.08004997575884301,-0.13450100825484565,-0.0883491821167618
-0.044589878788021495,-0.15664464634827335,9.830421672433362,-0.13042617637322865,-0.1450486542461218,-0.07850190832953119
-0.08103682514639597,-0.18526571218208818,9.420627682069803,-0.16770976120694295,-0.12763329983834884,-0.058878934083854126
-0.10698668063819892,-0.18557564731721415,9.07785610259521,-0.18490458882762995,-0.11096773172620207,-0.02655533591145672
-0.11884981458813267,-0.1546255754102231,8.821362510329106,-0.20664212564506163,-0.07170004490367492,0.00022617369278550982
-0.1103682147149904,-0.13225763491197295,8.622732087667153,-0.18772035890215438,-0.034780397313660276,0.03299363075330326
-0.11638338274358595,-0.10364848979265381,8.559458955685793,-0.15744834172144065,0.0009581750107929524,0.059605750385474575
-0.09117975473198757,-0.022889476526798548,8.613283979473062,-0.11200668385163058,0.053365242934092665,0.08390259719846917
-0.06048441889876311,0.019946792684733566,8.810954887968997,-0.04754449590769658,0.07275834472799622,0.09291224590545442
-0.014677993987547114,0.08552634906671935,9.065995621944767,0.014331419762953181,0.12526804000482403,0.09430324650832857
0.007885776175885898,0.138478113064164,9.427145724366085,0.06619862735942889,0.12766215283436438,0.09961250272150945
0.05440065432513298,0.16055142446914444,9.806211557429501,0.1289342900872686,0.14241586532166556,0.08837428197102268
0.0884537174685576,0.1857624725600497,10.194756552868016,0.1637803526846076,0.13396497844061653,0.05324748726252828
0.1022618209503686,0.17900180332938936,10.533340107216661,0.194208341609506,0.11642984198612981,0.03171396366080761
0.11520005083763733,0.17304442710814708,10.83201626074251,0.20583387913649817,0.07730415573859417,-0.00233286518367598
0.11692572413718556,0.1187260211573878,10.996598266921568,0.1876118117229264,0.028628484472262752,-0.02656897591413248
0.10848073420640539,0.08158158201330065,11.050279282728857,0.1538560229289386,-0.005724372679058202,-0.05761688305138925
0.09751121983146038,0.03346481175022334,11.008842170145302,0.1030229577571883,-0.048227599212080766,-0.0643163336762429
0.06379923642880739,-0.029760177045341955,10.817238148464469,0.048356072594992444,-0.09580801459358683,-0.09664013420303781
0.029043119099863127,-0.07257151007030893,10.547408423699334,-0.011507748695847421,-0.11539005323525733,-0.09231349914126578
-0.0192900303248002,-0.13079185458569864,10.203002574025923,-0.07294680738077812,-0.13973363666643054,-0.08690510874268363
-0.054470121696033415,-0.14386235559800759,9.813792274644783,-0.12933963126658998,-0.13669487891034446,-0.07818165308671486
-0.06145030764421029,-0.16081876587256,9.406155672627518,-0.16872045102945557,-0.13305829628901736,-0.058521476084445856
-0.1041944608726097,-0.17551484591527844,9.080831288242178,-0.20073201211404648,-0.10100578324931359,-0.030343316802614824
-0.12308397863488112,-0.15592418304017255,8.797923846929965,-0.2031580805443549,-0.08022853305930674,0.00013953849769317568
-0.10810936018885585,-0.11768950654243444,8.61854712505662,-0.18175867315480904,-0.03720412049985323,0.03665236793621179
-0.10827285089088345,-0.0911448810483915,8.5591274004082,-0.14875827270004816,0.0030225755898404877,0.05448693024013255
-0.08605206161192147,-0.03857551902649563,8.608299092279532,-0.10519879358999096,0.039015446757294,0.08014877524300919
-0.06305553321300497,0.03828823430014096,8.800266124348603,-0.040626905668922825,0.08453848948482422,0.09372203698787089
-0.029710186151133154,0.08398116982649433,9.064353303644712,0.016864116889366836,0.1193839784859086,0.09136898872052163
0.008931551261795503,0.12552349630178716,9.421442039354822,0.0741020015055239,0.13736432825143666,0.09937283651824819
0.035668295714653894,0.16050631123409637,9.811250115452248,0.1227447736823352,0.13847396573667195,0.08616423728892582
0.07789446296707628,0.15870801412782828,10.204863539672514,0.17700099889930562,0.1245441170253001,0.055535800513520674
0.1051401196866334,0.17624692336944436,10.538174660086641,0.198000790299603,0.11403355061558935,0.035968167573350536
0.1316895085410009,0.15432061856947385,10.83288394194339,0.20847795378512063,0.08104507270243617,-0.008006802842338859
0.12024614603361325,0.13456745109636806,11.006395471397026,0.1961307091950679,0.04357313110083893,-0.030866096858122073
0.09185390294265401,0.0896075480836716,11.056564722060076,0.1465337359229628,-0.005458494098357336,-0.059481404078991405
0.08992541748457043,0.03269296078293472,10.989950651237768,0.09924511782357297,-0.05555366166362742,-0.08051495156639339
0.08386718967563195,-0.02507321379886462,10.809720713510941,0.03370573477792742,-0.08289325359511444,-0.09472024092522413
0.03409173130641359,-0.09376803603325251,10.546905596178005,-0.009732209121886394,-0.1156626251054088,-0.1003851691422485
-0.016775353792254838,-0.1226103936296636,10.190372969772277,-0.0719852256574203,-0.12739596035611536,-0.09701712654651308
-0.042001348961609834,-0.15538214124686842,9.819594854442185,-0.1283546424469245,-0.1397966392635788,-0.08139317022424189
-0.08453398964156272,-0.1678348046765939,9.418292566392639,-0.17593799880438893,-0.13205523205582256,-0.051890786485813106
-0.1136023152266596,-0.1608257433856623,9.068063066794192,-0.19459437145944797,-0.10872498531760366,-0.03371110003963316
-0.11967275757612623,-0.1738854778715841,8.800597767841257,-0.198562869195428,-0.0819322951191125,0.01136521430309506
-0.11882594199965957,-0.13033069263238,8.615690979773781,-0.18138284358314472,-0.04258175543717996,0.02781004711057781
-0.1255045632998094,-0.08758543495388069,8.560068399946951,-0.15160350288456623,0.0035984567904770955,0.0600504078101223
-0.0998705752711484,-0.02669946140279654,8.62906726927152,-0.10234778006923559,0.042529756158243344,0.08380972762424688
-0.06186847210529607,0.02834409785502036,8.799666591684643,-0.048642388690323016,0.0844165771831795,0.09367418724972056
-0.030426186834432874,0.07991660545886571,9.076236150319987,0.02023142927668196,0.12531471806729302,0.1069117768883966
0.013446732410939974,0.13555637316083213,9.425369930702516,0.07842628948205245,0.13956754785674286,0.09780432088632682
0.03701285445857203,0.15160601112159908,9.796455208077631,0.12290887209403056,0.14148049413280964,0.07982512858654066
0.08431079223085991,0.1694673741675994,10.199405944968033,0.17675343448743996,0.13958628391465552,0.06556321654655432
0.09330178229382366,0.1695776197163102,10.546011017979536,0.20027706062741565,0.10668677718687208,0.0257400463874661
0.1300276770857513,0.15746237178361353,10.828414421584474,0.20181377035573303,0.0913998391245212,-0.002915931834826053
0.1058320872385452,0.11739415630015537,11.003667131777993,0.18670006044248727,0.037053564243780195,-0.028173017214493487
0.10178688511728078,0.08125872994624533,11.058384410947156,0.16126149530130032,0.00593109635539651,-0.054842779598454995
0.09401626737108587,0.026755597352811904,11.007079788500995,0.09750022221281357,-0.037134772460708516,-0.07934058568262618
0.07526502262272544,-0.034529003901286985,10.81893019738773,0.054227856961031044,-0.09432820354450674,-0.09576892838727487
0.02968114571546516,-0.07479913201103734,10.546708822198383,-0.016705053299902628,-0.1082814505643306,-0.10125718116585584
-0.005785378880297237,-0.12781154249590082,10.193782047525065,-0.06979175186276024,-0.1357739249253695,-0.08942125733956371
-0.04658990586366744,-0.1519161458987993,9.813694062439344,-0.12824165821170522,-0.1427801467124013,-0.07964766713427313
-0.08680906987536438,-0.17935674471637858,9.420716838770188,-0.17602196276621082,-0.12920470700905115,-0.06306808654332544
-0.10669296185621253,-0.1779649809909489,9.088448847505932,-0.19663180206401243,-0.11585083430068974,-0.03546701710604453
-0.12658108043010327,-0.16484725172046666,8.814867658929124,-0.19437775130463703,-0.07643765433552793,0.007655820800130213
-0.12978783325578563,-0.1272792503517209,8.628170860664552,-0.18634751132414154,-0.04406004924305284,0.027392061314198166
-0.1073133279257853,-0.07594945140756663,8.572330373195312,-0.15607586453048594,0.004973329518472881,0.060213767060960065
-0.09966272480354471,-0.03137019276804335,8.60886563878417,-0.1088076468331702,0.0538086005950411,0.08770822728208147
-0.05939472455697024,0.03238417868954953,8.787357735085077,-0.044810497229588006,0.0874946441876692,0.09784350323038457
-0.03757538344429254,0.0752872863551375,9.072695950101295,0.023077194957751217,0.11381795334364206,0.09621174878779101
0.012659306402702708,0.13340794279379767,9.424058604753295,0.06456322224164983,0.13706143477729976,0.0899997914935189
0.042820740525334446,0.15577807819254816,9.80841434065509,0.14284695968424782,0.132907903215787,0.09019908274619345
0.08985080651163671,0.18460978489257202,10.183134160971498,0.17082606379403714,0.1276335936889018,0.053501069721652056
0.10536160623492231,0.17825923422457088,10.553944299016065,0.19705032369032216,0.10865990737439153,0.028051159120574713
0.126772065814209,0.1725126223501331,10.838504828835614,0.19730508793472837,0.08288189100568806,0.0017740039559184617
0.11351297978216808,0.11799033621739026,11.009068546802357,0.18527889629325028,0.041385070600658325,-0.032080261619534194
0.11097646600230242,0.06983788767014801,11.068684186150293,0.153931002517567,-0.0014121008496396615,-0.055981085701047824
0.08282860368192056,0.023149780942098564,11.000629602210171,0.10042130658253105,-0.04726870044412612,-0.08829255573551147
0.05864231466879121,-0.03931377057356501,10.81452726400283,0.043993327149449334,-0.08950255274053115,-0.09618496369602228
0.0250639676445547,-0.09285114119894614,10.545311789786641,-0.00840118210261566,-0.10817632659720924,-0.09661151708942867
-0.016095108007278088,-0.12236313218595408,10.213115947263386,-0.08302937332164641,-0.13784334649545252,-0.09167289658434774
-0.056454223947789955,-0.16045075515833468,9.807184095100212,-0.12663834193094464,-0.1378451096772829,-0.08371190676348911
-0.0899060208316621,-0.1816337937203766,9.420089099048726,-0.17165991719601328,-0.13238842087564584,-0.06381544290431283
-0.12148983999595535,-0.18086712266354213,9.084126863907253,-0.19895273876121086,-0.10799629184174452,-0.029748939752976756
-0.12533657437828014,-0.16512289379762551,8.8081182454373,-0.18962673741062017,-0.08197507470119648,-0.006473798990961814
-0.11453820234019614,-0.11401992468488743,8.614396140184875,-0.190068984723851,-0.034092691027132645,0.03740722235395947
-0.12331530753645052,-0.08753134751777075,8.557908123094101,-0.1586189474555706,0.010979322701340456,0.05963715554673906
-0.10162228371686914,-0.0386565900945512,8.617164110663824,-0.10660165006180143,0.05208840311206937,0.07746963722728503
-0.04762396804089603,0.034605287929159005,8.79928627206375,-0.05186452751127166,0.08635018114037278,0.08986045973955599
-0.03225276982531231,0.08006321705671739,9.084097928001933,0.014355923092019841,0.11344128504952768,0.09683467749717957
0.012856610315084779,0.14364572778016035,9.417296536862173,0.0760446355780842,0.14846493814240713,0.08726860663104943
0.05186873824906486,0.15620767970070729,9.81871731849804,0.13001682777573748,0.13498218170200077,0.08332353573297445
0.08389809128067983,0.18456421934479336,10.197084452959908,0.1691878784129364,0.13623404536848363,0.054692659726564036
0.09059334122542398,0.18642900052989664,10.563341102455968,0.19063839449836587,0.11247518211731156,0.03281586409886328
0.11503732523105319,0.15617430582540892,10.823821890043542,0.2027034118838656,0.07863495256423259,0.0025992143501659035
0.10661233535742272,0.1212795118841544,10.998045296811933,0.18473800808501534,0.04028189153022415,-0.026155883214735623
0.13009786215162206,0.0875782341040572,11.064597717816929,0.15049035089661003,-0.006639009638981683,-0.05759087374056813
0.07791829883470983,0.03267865425317795,10.99612347546583,0.11306675503966888,-0.044996509983374844,-0.07532752325258336
0.05356843485981358,-0.03952176379493367,10.806909057982015,0.047415174538828056,-0.0839779320806904,-0.0882024146027838
0.018835994587782214,-0.09081674713395423,10.542807395971407,-0.008864086799584673,-0.10222864516542834,-0.0987088849736915
-0.02226152605556144,-0.1476269783092144,10.194220894096127,-0.06913344685929936,-0.12900026814769458,-0.09348562909497515
-0.03590944979899477,-0.15565422997921982,9.797261460315612,-0.12240517327041485,-0.1373608905651791,-0.08363700937669952
-0.05921829903377096,-0.1798909634518279,9.423144475512986,-0.16635154360860957,-0.12895010294332998,-0.06364501618412047
-0.10657784802479578,-0.17906862525290154,9.058731552837568,-0.19415237049821074,-0.10161356939944091,-0.02440713274351764
-0.12744918784500717,-0.17387654526463137,8.795947262350106,-0.19980660512372259,-0.08379977259881566,0.0031172327993547098
-0.1374535575033793,-0.13600769685215713,8.623128122567438,-0.18651707250996186,-0.04026974055037965,0.034420014655383024
-0.11248018902852208,-0.08547097315717044,8.560775969417106,-0.16380291580696663,-0.005447761016235884,0.05589656369170505
-0.09320822433213595,-0.0334581237110712,8.617890798847933,-0.1020727525154631,0.049925656910394176,0.08907330262645481
-0.06716152562161935,0.02917957159344602,8.798044513815828,-0.046799406508795785,0.08980292326324885,0.09398989715396931
-0.025389799394718977,0.08645700705655102,9.068995919134476,0.018451641138085936,0.11063891101887022,0.09599075726204807
0.013449627384287404,0.1454924388238961,9.423815289186553,0.07468263133746343,0.141529779313112,0.09220989134345627
0.04931486714053658,0.16025718857079263,9.810464691252568,0.1321676632572924,0.1363459044626877,0.08870559846556038
0.07606888326670036,0.1867195672115204,10.18906924314557,0.16291979733486872,0.13011555706479044,0.05315165455126811
0.0939588804337071,0.17113163966925818,10.546873158969735,0.188302874967529,0.11140908725501099,0.02706189273978258
0.12221246745270224,0.14694542196322385,10.823362864209203,0.18710533867186233,0.08691862158892778,0.01440403235584555
0.11965826358894464,0.12440446485377739,10.997490966060223,0.18462472593839668,0.035065087741183026,-0.026280680692501678
0.11763417947901768,0.06886552811361948,11.079368376290295,0.14910580951799474,-0.0026316974953437397,-0.0625153909526669
0.09699790534261417,0.028196904247223167,10.99769502627546,0.10114987716833283,-0.043257598925636125,-0.0863609319017936
0.05057706005837406,-0.034480515985352164,10.819037369005695,0.0496949962305719,-0.08271970369211612,-0.10349645274322922
0.015687023766855948,-0.09742343313754968,10.541352420491936,-0.01645155577805147,-0.112589906114719,-0.09951439009503371
-0.016332567991700044,-0.11344733710274621,10.188503729184095,-0.08243309412886063,-0.13054687811224283,-0.09143816019715821
-0.0551803243433701,-0.16471781851589148,9.815487178878785,-0.11611970358378002,-0.14271391804883685,-0.07325564933245331
-0.07255586803462817,-0.1908973003302949,9.418238781287211,-0.1699923857516032,-0.12338899867572753,-0.06817681058714434
-0.09996137766239016,-0.17058604756104156,9.070724849458482,-0.19956501827850937,-0.11136700466778363,-0.037444412802939066
-0.10809233071996882,-0.16617390738333257,8.794422824555058,-0.20283557397513302,-0.08016688079002883,-0.0005092386506802682
-0.116386258974284,-0.11850154975791999,8.613299806504301,-0.18616218676259308,-0.032617949325004926,0.04492421965343118
-0.10885812262535934,-0.08751445653405776,8.545991333339643,-0.1538446672681898,0.0009350987877698854,0.06327962423751829
-0.08107946270409275,-0.032406700431994846,8.617475835693744,-0.09915596517897671,0.048733178653076935,0.08281769397716772
-0.05819333789288338,0.030995536665077088,8.805715439532928,-0.048418884128930556,0.08194788139052359,0.08900834882385236
-0.026615993719002997,0.08653501708916238,9.07684427307823,0.023600060666425116,0.1282130903572857,0.08940003433064776
0.0221318665132336,0.13348340816836549,9.436213359192923,0.07310552437480086,0.14589765180675052,0.095272510397385
0.04765164814225331,0.15969939570120367,9.81600765043972,0.13097571764882096,0.13938909951862902,0.0803527929361892
0.07616315740308231,0.18202527967917448,10.200462961450677,0.1749172336207888,0.13442718347738766,0.05736785507858088
0.09606926900007867,0.18373645074048434,10.55979275754686,0.20012496453739423,0.1108372567021496,0.028915336951818152
0.12251000634261738,0.16194954559154467,10.820494078208686,0.20604575775761036,0.07720464233306291,-0.003830284339363384
0.12945455784831003,0.1260816131213178,10.999325250756991,0.18393641321313864,0.039954234327089194,-0.035874080009322726
0.11012262006888467,0.07008494227080429,11.059908284626719,0.1529409911555452,-0.004290940298249616,-0.05190257273437987
0.1011406259370767,0.03287291216411409,11.011170939218411,0.09326967371137021,-0.054735124736755215,-0.08538633659097525
0.0461910363549806,-0.027899493396149805,10.821291365500368,0.04704168414774674,-0.08424693790268321,-0.0965137070703301
0.026717174428055976,-0.08509818886231521,10.539545346373004,-0.008867748917409116,-0.11582837564261404,-0.10019535135472227
-0.010609001538608729,-0.11711340736089157,10.200972647272435,-0.0707834566955589,-0.132793376939944,-0.0915468602942798
-0.05254615605630115,-0.17183999387435323,9.80346992151161,-0.12927597305258764,-0.14032789331463372,-0.0851087920879413
-0.05952699393858003,-0.16464405538382162,9.427996529132304,-0.16131163543451071,-0.13362959442727287,-0.05381655257382754
-0.10330139613180224,-0.17794960811417623,9.078579162107621,-0.1960692294355539,-0.10643670737554484,-0.03371583709784367
-0.12014764884308618,-0.15780484705499687,8.79721353568893,-0.2030670957905676,-0.07628196775657727,-0.0007209716091301327
-0.11935045660610352,-0.1303832309436902,8.625705847207792,-0.18763728059368054,-0.032375840331898144,0.03920136230243288
-0.1265498291885433,-0.09498388515678699,8.548097680557534,-0.15858076258105785,0.006561581944545192,0.054003973160054064
-0.09675624434960711,-0.029196398097622544,8.62248305160161,-0.10255481138569206,0.046143754940503316,0.08455821867059445
-0.054085236855202765,0.030914842244399224,8.79502663395388,-0.046579325282730656,0.08864589714141954,0.1001560211167822
-0.03219236426599604,0.08719906561471034,9.098166543252532,0.017373917038899452,0.10571384548384613,0.10154944983734307
0.0036572409393833705,0.12575127268212674,9.424975357588513,0.07319578333520134,0.14487277866676965,0.09449060785850721
0.057206406169168944,0.14287700608141973,9.805228863601798,0.12855317255085671,0.14131220514469875,0.0914781605573642
0.08931991745005899,0.1654630551500826,10.185244829080306,0.15891523903212684,0.14275017708050408,0.05863766570922378
0.10690777884757359,0.19418757887521035,10.555174814939743,0.19603033077037912,0.10646453237853082,0.031837892790253126
0.11324486399794417,0.1516047046128347,10.818470981212505,0.19998060394576486,0.07335941286203708,-0.0017711481065498778
0.11764238499263992,0.1386392736933486,10.992489828832339,0.17979383361007362,0.04118524329488434,-0.030230460087244962
0.10409411958774281,0.07417460795727956,11.062690393712073,0.1524451497964603,-0.002275259408332824,-0.054029521832005066
0.08271911599461054,0.026619871632055064,11.004018396020196,0.10437754003384142,-0.04544056382740783,-0.082330221812953
0.05359582470428796,-0.02323521691247595,10.826342866434388,0.05684329401579119,-0.08463292349425638,-0.10567561908280626
0.022216366172240154,-0.08835081761615309,10.544889568750117,-0.01962965464769375,-0.11875749708468107,-0.09743210991205734
-0.018566010167248622,-0.1145978171835497,10.197544764063851,-0.0736105082005008,-0.14178115819350343,-0.10046993417498101
-0.059239842025385174,-0.15981149794649763,9.811856296605539,-0.13429737921092574,-0.13852455164255797,-0.07714025817216481
-0.07684266088440182,-0.17410953913634275,9.426419927156449,-0.17259669986950962,-0.13824085761137309,-0.05871351633996417
-0.10089509042315742,-0.1799122779492477,9.07866751620149,-0.1927651082453786,-0.11769628916559936,-0.026101959773500116
-0.1032794606028236,-0.1550752301868851,8.807484379041842,-0.20054321162478397,-0.08085079876746297,-0.004653204602436268
-0.12490486046040941,-0.11459253610865187,8.621630673527314,-0.18532642619861808,-0.03720278190493757,0.028309763354960098
-0.10815851456336213,-0.08269758935762599,8.553465573873357,-0.15130482691574948,0.014026729308430165,0.057149931595560526
-0.08817560031263322,-0.01424181658386582,8.620025021006256,-0.10813523440016758,0.052028084215875084,0.07354228409531768
-0.06398185709974911,0.023344116522260525,8.804759003581246,-0.04360100166665655,0.09272814244616558,0.10069006782006769
-0.021206132716538956,0.08790203035829981,9.060976210967155,0.01279662109084187,0.11888521971775466,0.09187284624558478
0.016490075736561496,0.13124845295955068,9.409482739468121,0.07477986178704842,0.13618864781782458,0.10056483005933169
0.04934948983863168,0.15186866822959438,9.817346208971177,0.13065009382048895,0.15246925600009145,0.0829716327753229
0.07655276460206004,0.17950682354384165,10.208432225503515,0.17094233365499328,0.12521361954041435,0.05771255601960805
0.09991161420186093,0.17783034938790118,10.53460996508544,0.197370342636548,0.10874510609494514,0.032543086033243435
0.10594377147987646,0.15351945507279866,10.822074917135343,0.20107121867789043,0.07727174092719782,0.001500152204491536
0.1131108112846292,0.13008689750099067,10.995624284465597,0.18764162522532343,0.043823861938357266,-0.03298800893203162
0.10555125908912999,0.08281761822549191,11.057913359102068,0.15134157488607036,-0.008981816910593542,-0.05735936265373658
0.08168552684740593,0.02749882333142411,11.001264893439012,0.10032293105376833,-0.04331463966170671,-0.0772977784658108
0.06547054834425894,-0.028785502741740823,10.810928281136642,0.04088353982699361,-0.08266380535165938,-0.09985638027559206
0.03673382437842041,-0.0825093441148916,10.535873825361723,-0.02267757054526192,-0.11155017410531343,-0.09826898606444355
-0.017552741700401286,-0.13027713523959,10.193861233585412,-0.06645400550618395,-0.13037826398888447,-0.10820988745067392
-0.04446266959108051,-0.1592986520509233,9.808836995216966,-0.13990740450200126,-0.1322487062426485,-0.09049763988146226
-0.08687077135866879,-0.18294765960564974,9.414721116185971,-0.16383871515427045,-0.1320739449245691,-0.055884259423550235
-0.10521123243780278,-0.1565169459533417,9.081585616032845,-0.19825354807031514,-0.10816046812946921,-0.03290665144930238
-0.12240843930367792,-0.17161965844672752,8.79538826924636,-0.1935541918098664,-0.08263038620291252,-0.004178676625297225
-0.11474298832471815,-0.13190076664530023,8.617804813782492,-0.19630917205711207,-0.04418005188288967,0.030720742006366562
-0.11595762467108672,-0.08569323869325927,8.562261270321839,-0.15414390696632851,0.012912077045163695,0.05687035345115441
-0.08258401763719801,-0.01175557159530767,8.620148088422452,-0.09839666452909071,0.043071193762787924,0.07601065611932364
-0.06391692280004464,0.017675805789469645,8.805428571534597,-0.04445568652336002,0.08876861489528223,0.08693772171682362
-0.03235763110327095,0.085196640427408,9.067801054332037,0.012637692503616994,0.11827212527759295,0.0901591734724736
0.0002618001430190822,0.12932269079000477,9.412549664254831,0.065552752587207,0.1402292836948004,0.0987722238957337
